Date,Close,High,Low,dm_minus,ATR
2019-08-22,10.7253,10.7253,10.7253,0.05744892595870702,0.10915540689134406
2019-08-23,10.5041,10.5041,10.5041,0.06914543552417744,0.11715859503974159
2019-08-26,10.5059,10.5059,10.5059,0.06420647416695162,0.1089186925963486
2019-08-27,10.5157,10.5157,10.5157,0.05962029599481874,0.10183878375018272
2019-08-28,10.5156,10.5156,10.5156,0.055368845036255505,0.09457172564053505
2019-08-29,10.71,10.71,10.71,0.05141392645853297,0.10170231860464175
2019-08-30,10.7261,10.7261,10.7261,0.047741502213038536,0.09558786573227118
2019-09-03,10.6497,10.6497,10.6497,0.049788538249072783,0.0942173035729939
2019-09-04,10.8324,10.8324,10.8324,0.04623221331436945,0.10053749755055078
2019-09-05,11.0853,11.0853,11.0853,0.042929911695917866,0.11142053563935816
2019-09-06,11.1414,11.1414,11.1414,0.03986348885643978,0.10746906806639278
2019-09-09,11.2309,11.2309,11.2309,0.03701609629905742,0.10618556298083426
2019-09-10,11.1792,11.1792,11.1792,0.03806494673313531,0.10229373642385702
2019-09-11,11.3348,11.3348,11.3348,0.03534602155793357,0.1061013272514293
2019-09-12,11.3786,11.3786,11.3786,0.03282130538009742,0.1016512318268414
2019-09-13,11.4006,11.4006,11.4006,0.030476926120633633,0.09596185738779725
2019-09-16,11.2955,11.2955,11.2955,0.03580714632471154,0.09661458193862518
2019-09-17,11.2963,11.2963,11.2963,0.033249492730077344,0.0897706824641626
2019-09-18,11.2986,11.2986,11.2986,0.030874528717277267,0.08352277592574107
2019-09-19,11.3647,11.3647,11.3647,0.028669205025043942,0.08227829181117026
2019-09-20,11.3115,11.3115,11.3115,0.03042140482283702,0.08020127078173674
2019-09-23,11.2028,11.2028,11.2028,0.036012733514169226,0.08223689446639725
2019-09-24,11.147,11.147,11.147,0.03742610980073262,0.080348544716019
2019-09-25,11.1271,11.1271,11.1271,0.036174244725314435,0.07603079121280434
2019-09-26,11.2106,11.2106,11.2106,0.033590369930252405,0.07656430616165365
2019-09-27,11.2179,11.2179,11.2179,0.03119105764422176,0.07161685541603474
2019-09-30,11.2056,11.2056,11.2056,0.029841696306549852,0.06737993692909375
2019-10-01,11.1824,11.1824,11.1824,0.029367289402251858,0.06422422698042518
2019-10-02,10.9458,10.9458,10.9458,0.0441696266053444,0.07653678280483957
2019-10-03,10.9519,10.9519,10.9519,0.041014653131551435,0.071505583802091
2019-10-04,11.1142,11.1142,11.1142,0.03808503492583896,0.07799089952126281
2019-10-07,11.1558,11.1558,11.1558,0.03536467518059553,0.07539154945256483
2019-10-08,10.9633,10.9633,10.9633,0.04658862736596705,0.08375643908484846
2019-10-09,10.9951,10.9951,10.9951,0.04326086815481706,0.08004526473783478
2019-10-10,11.1082,11.1082,11.1082,0.04017080604582414,0.0824063173313906
2019-10-11,11.3322,11.3322,11.3322,0.03730146267239313,0.09252015210536578
2019-10-15,11.421,11.421,11.421,0.034637072408696866,0.09225442694772085
2019-10-16,11.3998,11.3998,11.3998,0.03367728149800609,0.08717911060838053
2019-10-17,11.3881,11.3881,11.3881,0.03210747563973074,0.08178774543788829
2019-10-18,11.2651,11.2651,11.2651,0.038599798950372737,0.08473147797101908
2019-10-21,11.3843,11.3843,11.3843,0.035842670397900823,0.08719351530882472
2019-10-22,11.3939,11.3939,11.3939,0.03328247960689349,0.08165112125363255
2019-10-24,11.4828,11.4828,11.4828,0.030905159593325984,0.08216889831601498
2019-10-25,11.5901,11.5901,11.5901,0.02869764815789318,0.0839639770369287
2019-10-28,11.6937,11.6937,11.6937,0.026647816115652298,0.08536655012690544
2019-10-29,11.5643,11.5643,11.5643,0.033987257924620984,0.08851179659052781
2019-10-30,11.5426,11.5426,11.5426,0.03310959663285998,0.08373952534333481
2019-10-31,11.516,11.516,11.516,0.03264462543917523,0.07965813062659362
2019-11-01,11.6376,11.6376,11.6376,0.03031286645304828,0.08265397847262348
2019-11-04,11.8134,11.8134,11.8134,0.02814766168382335,0.08930726579395895
2019-11-05,11.8876,11.8876,11.8876,0.026137114401224806,0.08822817536965591
2019-11-06,11.8495,11.8495,11.8495,0.02699160623739186,0.0846475913824859
2019-11-07,11.9712,11.9712,11.9712,0.025063634347195437,0.08729419202011951
2019-11-08,11.8903,11.8903,11.8903,0.029051946210459274,0.08683746401514146
2019-11-12,11.9058,11.9058,11.9058,0.02697680718048744,0.08174193083451975
2019-11-13,11.825,11.825,11.825,0.030821320979009685,0.08167465006017573
2019-11-14,11.7826,11.7826,11.7826,0.03164836948564269,0.07886931789560658
2019-11-15,11.9207,11.9207,11.9207,0.02938777165220964,0.08310008092744918
2019-11-18,11.9223,11.9223,11.9223,0.02728864509438819,0.07727864654433074
2019-11-19,11.8939,11.8939,11.8939,0.02736802758804067,0.07378731463095535
2019-11-20,11.8705,11.8705,11.8705,0.027084597044729784,0.07018822071213465
2019-11-21,11.7471,11.7471,11.7471,0.03396426871387348,0.07398906210612713
2019-11-22,11.7857,11.7857,11.7857,0.03153824951037172,0.07146127194563089
2019-11-25,11.9283,11.9283,11.9283,0.029285517394164212,0.07654260968257556
2019-11-26,11.9483,11.9483,11.9483,0.027193694715975315,0.07250385183424864
2019-11-27,12.0162,12.0162,12.0162,0.025251287944360032,0.07217500527361174
2019-11-29,11.9932,11.9932,11.9932,0.025090481662144278,0.06866250488653375
2019-12-02,11.8524,11.8524,11.8524,0.03335544728041011,0.07381518312307914
2019-12-03,11.7295,11.7295,11.7295,0.03975148677669629,0.07732124148037411
2019-12-04,11.8398,11.8398,11.8398,0.036912094857349545,0.07967686709449856
2019-12-06,11.9539,11.9539,11.9539,0.03427551664745405,0.08213566230744249
2019-12-09,11.9061,11.9061,11.9061,0.03524155117460894,0.07968311499475904
2019-12-11,11.9322,11.9322,11.9322,0.032724297514505785,0.07585574963073194
2019-12-12,12.0451,12.0451,12.0451,0.030386847687924774,0.07850176751891078
2019-12-13,12.1499,12.1499,12.1499,0.028216358563809447,0.0803802126992032
2019-12-16,12.2971,12.2971,12.2971,0.026200904377619863,0.08515305465650737
2019-12-17,12.2888,12.2888,12.2888,0.02492226834884418,0.07966355074473107
2019-12-18,12.3157,12.3157,12.3157,0.023142106321596037,0.07589472568660158
2019-12-19,12.3521,12.3521,12.3521,0.021489098725186683,0.07307367384841466
2019-12-20,12.419,12.419,12.419,0.019954163100226265,0.07263269714445868
2019-12-23,12.4743,12.4743,12.4743,0.018528865734430293,0.07139464734712803
2019-12-24,12.4387,12.4387,12.4387,0.019748232468872105,0.06883788681984435
2019-12-26,12.4973,12.4973,12.4973,0.01833764443410626,0.06810660918919437
2019-12-27,12.5354,12.5354,12.5354,0.01702781268771361,0.06596327995959587
2019-12-30,12.4298,12.4298,12.4298,0.023354397500664644,0.0687944742504026
2020-01-02,12.5897,12.5897,12.5897,0.021686226249409937,0.0753020118086547
2020-01-03,12.5648,12.5648,12.5648,0.02191578151746353,0.07170186810561728
2020-01-06,12.5316,12.5316,12.5316,0.022721797123861995,0.06895173466778574
2020-01-07,12.6288,12.6288,12.6288,0.021098811614074314,0.07096946790697023
2020-01-08,12.7288,12.7288,12.7288,0.019591753640829587,0.0730430773433023
2020-01-09,12.8469,12.8469,12.8469,0.018192342665785465,0.07626142896324575
2020-01-10,12.8561,12.8561,12.8561,0.01689288961762652,0.07147132689222026
2020-01-13,12.948,12.948,12.948,0.015686254644419115,0.07293051782911888
2020-01-14,13.0016,13.0016,13.0016,0.014565807883655272,0.07154976655505803
2020-01-15,12.9682,12.9682,12.9682,0.015911107321036757,0.0688247832286846
2020-01-16,13.0535,13.0535,13.0535,0.014774599654856427,0.0700015844270416
2020-01-17,13.1055,13.1055,13.1055,0.013719271107742978,0.06871575696755536
2020-01-21,13.1163,13.1163,13.1163,0.01273932317118419,0.06457891718292838
2020-01-22,13.1796,13.1796,13.1796,0.01182937151584832,0.06448756595555112
2020-01-23,13.1632,13.1632,13.1632,0.012155844979085789,0.061052739814988176
2020-01-24,13.2207,13.2207,13.2207,0.011287570337515773,0.060798972685285814
2020-01-27,12.8875,12.8875,12.8875,0.03428131531849159,0.08025618892635328
2020-01-28,13.0275,13.0275,13.0275,0.0318326499380966,0.08452360400391852
2020-01-29,13.0432,13.0432,13.0432,0.029558889227799073,0.07960763228841576
2020-01-30,12.8365,12.8365,12.8365,0.04221182571376773,0.08868565855513608
2020-01-31,12.7529,12.7529,12.7529,0.04516812387755591,0.08832239722970942
2020-02-03,12.8119,12.8119,12.8119,0.041941829314380875,0.08622794028441041
2020-02-04,13.0869,13.0869,13.0869,0.038945984362929044,0.09971165883743514
2020-02-05,13.1835,13.1835,13.1835,0.036164128336639415,0.09948939749187484
2020-02-06,13.2855,13.2855,13.2855,0.03358097631227805,0.09966872624247715
2020-02-07,13.2974,13.2974,13.2974,0.031182335146843126,0.09339953151016012
2020-02-11,13.4542,13.4542,13.4542,0.028955025493262482,0.09792813640276879
2020-02-12,13.5432,13.5432,13.5432,0.0268868093863985,0.09729041237393722
2020-02-13,13.5448,13.5448,13.5448,0.02496632300148125,0.09045538291803494
2020-02-14,13.5489,13.5489,13.5489,0.023183014215510705,0.08428714128051198
2020-02-18,13.3676,13.3676,13.3676,0.03447708462957336,0.09121663118958974
2020-02-19,13.5605,13.5605,13.5605,0.032014435727281826,0.09847972896229028
2020-02-20,13.4396,13.4396,13.4396,0.038363404604333365,0.10008117689366335
2020-02-21,13.4082,13.4082,13.4082,0.037866018561135466,0.09517537854380823
2020-02-24,12.9183,12.9183,12.9183,0.07015416009436362,0.12336999436374989
2020-02-25,12.8217,12.8217,12.8217,0.07204314865915414,0.12145785190909295
2020-02-26,12.7517,12.7517,12.7517,0.07189720946920725,0.11778229105825888
2020-02-27,12.3676,12.3676,12.3676,0.09419740879387527,0.13680498455498466
2020-02-28,11.9448,11.9448,11.9448,0.11766902245247192,0.15723319994479884
2020-03-02,12.2436,12.2436,12.2436,0.10926409227695738,0.16734511423486267
2020-03-03,12.3472,12.3472,12.3472,0.10145951425688329,0.16279189178934533
2020-03-04,12.2368,12.2368,12.2368,0.10209812038141379,0.15904961380426236
2020-03-05,12.3551,12.3551,12.3551,0.0948053974967923,0.15613892710386418
2020-03-06,11.8895,11.8895,11.8895,0.12129072624781322,0.178243289454249
2020-03-09,11.3325,11.3325,11.3325,0.15241281723097627,0.20529734020826798
2020-03-10,11.2478,11.2478,11.2478,0.14757618742863898,0.19668324447888394
2020-03-11,11.133,11.133,11.133,0.1452350311836802,0.19083444130168087
2020-03-12,10.2671,10.2671,10.2671,0.19671110038598996,0.23905340978120396
2020-03-13,10.2397,10.2397,10.2397,0.18461745035816965,0.22393530908223452
2020-03-16,9.9794,9.9794,9.9794,0.19002334676126106,0.22653278700498178
2020-03-17,9.9615,9.9615,9.9615,0.17772882199238085,0.21163044507578938
2020-03-18,9.562,9.562,9.562,0.19356962042175824,0.22504969899916902
2020-03-19,9.7779,9.7779,9.7779,0.17974321896284906,0.224396149070647
2020-03-20,9.8799,9.8799,9.8799,0.16690441760817692,0.21565356699404756
2020-03-23,9.7372,9.7372,9.7372,0.1651755306361414,0.2104425979229752
2020-03-24,10.4503,10.4503,10.4503,0.15337727844770066,0.24634669807177526
2020-03-25,10.842,10.842,10.842,0.1424217585584542,0.2567290767810526
2020-03-26,11.0614,11.0614,11.0614,0.13224877580417116,0.2540627141538063
2020-03-27,10.804,10.804,10.804,0.14118814896110404,0.25430109171425114
2020-03-30,10.9684,10.9684,10.9684,0.13110328117807593,0.2478795851631746
2020-03-31,11.1467,11.1467,11.1467,0.12173876109384824,0.24290961479433415
2020-04-01,10.6648,10.6648,10.6648,0.14746456387306164,0.25998035659487323
2020-04-02,10.6776,10.6776,10.6776,0.1369313807391945,0.2423246168379675
2020-04-03,10.5228,10.5228,10.5228,0.13820771068640356,0.23607285849235593
2020-04-07,11.4809,11.4809,11.4809,0.1283357313515982,0.2876462257432271
2020-04-08,11.5291,11.5291,11.5291,0.11916889339785894,0.27054292390432505
2020-04-09,11.754,11.754,11.754,0.11065682958367988,0.26728271505399837
2020-04-13,11.4842,11.4842,11.4842,0.12202419889918871,0.2674625211215708
2020-04-14,11.9072,11.9072,11.9072,0.11330818469206295,0.2785723410415107
2020-04-15,11.6445,11.6445,11.6445,0.12397902864267625,0.27743860239568346
2020-04-16,11.8434,11.8434,11.8434,0.11512338373959216,0.27182870222454053
2020-04-17,11.9454,11.9454,11.9454,0.106900284901019,0.2596980806370277
2020-04-20,12.0176,12.0176,12.0176,0.09926455026520531,0.2463053605914791
2020-04-21,11.4177,11.4177,11.4177,0.13502422524637778,0.27156212054931234
2020-04-22,11.6876,11.6876,11.6876,0.12537963772875038,0.2714433976529325
2020-04-23,11.8474,11.8474,11.8474,0.11642394931952893,0.26346886924912943
2020-04-24,11.793,11.793,11.793,0.11199366722526546,0.24853537858843872
2020-04-27,12.1251,12.1251,12.1251,0.10399411956629868,0.2545042801178503
2020-04-28,12.1615,12.1615,12.1615,0.09656596816868933,0.23892540296654052
2020-04-29,12.4993,12.4993,12.4993,0.08966839901376863,0.24598787418323081
2020-04-30,12.3692,12.3692,12.3692,0.09255637051279075,0.23771016888441268
2020-05-05,12.2405,12.2405,12.2405,0.0951380583333102,0.22992372824979773
2020-05-07,12.449,12.449,12.449,0.08834248273806247,0.22839346194623816
2020-05-08,12.5699,12.5699,12.5699,0.08203230539961971,0.22071535752149507
2020-05-11,12.545,12.545,12.545,0.07795142644249822,0.20672854626993972
2020-05-12,12.5921,12.5921,12.5921,0.07238346741088379,0.19532650725064316
2020-05-13,12.1258,12.1258,12.1258,0.10052036259585542,0.214681756732764
2020-05-14,11.9599,11.9599,11.9599,0.10519033669615686,0.2111973455375626
2020-05-15,12.073,12.073,12.073,0.09767674121785194,0.20419039228487218
2020-05-18,12.5377,12.5377,12.5377,0.09069983113085563,0.22279822140739963
2020-05-19,12.6327,12.6327,12.6327,0.08422127176435999,0.21366977702114848
2020-05-20,12.8255,12.8255,12.8255,0.07820546663832915,0.21217907866249375
2020-05-21,12.6565,12.6565,12.6565,0.08469079044988224,0.2090948587580275
2020-05-22,12.5902,12.5902,12.5902,0.08337716256060398,0.19889522598958947
2020-05-26,12.9031,12.9031,12.9031,0.07742165094912822,0.20703842413319584
2020-05-27,12.7774,12.7774,12.7774,0.08087010445276412,0.20122853669510676
2020-05-28,13.0103,13.0103,13.0103,0.07509366842042044,0.2034907840740291
2020-05-29,12.8189,12.8189,12.8189,0.0834012635332522,0.2026271566401695
2020-06-01,12.9801,12.9801,12.9801,0.07744403042373116,0.1996680740230131
2020-06-02,13.0272,13.0272,13.0272,0.0719123139648906,0.18877035444993562
2020-06-04,13.3895,13.3895,13.3895,0.06677572011025332,0.20116532913208846
2020-06-05,13.7158,13.7158,13.7158,0.06200602581666186,0.21010351990837148
2020-06-08,13.7023,13.7023,13.7023,0.05854130968689903,0.19606041134348254
2020-06-09,13.6649,13.6649,13.6649,0.057031216137834274,0.1847275248189441
2020-06-10,13.6581,13.6581,13.6581,0.053443272127987815,0.17201841590330114
2020-06-11,13.1725,13.1725,13.1725,0.08431160983314083,0.1944171004816435
2020-06-12,13.0736,13.0736,13.0736,0.0853536377022024,0.1875944504472384
2020-06-15,12.9432,12.9432,12.9432,0.0885712350091889,0.18350913255814902
2020-06-16,13.3816,13.3816,13.3816,0.08224471822281673,0.2017156230897143
2020-06-17,13.4726,13.4726,13.4726,0.07637009549261423,0.19380736429759002
2020-06-18,13.4022,13.4022,13.4022,0.07594366010028451,0.18499255256204597
2020-06-19,13.5014,13.5014,13.5014,0.07051911295026314,0.1788645130933272
2020-06-22,13.4321,13.4321,13.4321,0.07043203345381577,0.17103847644380243
2020-06-23,13.6676,13.6676,13.6676,0.06540117392139952,0.1756428709835316
2020-06-24,13.2903,13.2903,13.2903,0.08767966149844586,0.19004695162756727
2020-06-25,13.2706,13.2706,13.2706,0.08282397139141333,0.17787931222559644
2020-06-26,13.2739,13.2739,13.2739,0.07690797343488302,0.16540936135233783
2020-06-29,13.2855,13.2855,13.2855,0.07141454676096212,0.15442297839859814
2020-06-30,13.5075,13.5075,13.5075,0.0663135077066071,0.1592499085129845
2020-07-01,13.5272,13.5272,13.5272,0.06157682858470609,0.14928205790491314
2020-07-02,13.723,13.723,13.723,0.05717848368579807,0.15260476805456252
2020-07-07,14.0164,14.0164,14.0164,0.05309430627966927,0.16266157033638043
2020-07-08,13.9206,13.9206,13.9206,0.056144712973978904,0.15788574388378146
2020-07-09,13.9283,13.9283,13.9283,0.0521343763329801,0.1471581907492248
2020-07-10,14.1138,14.1138,14.1138,0.04841049230919553,0.14989689140999463
2020-07-13,14.3327,14.3327,14.3327,0.044952600001395615,0.15482568488070975
2020-07-14,14.0031,14.0031,14.0031,0.06528455714415443,0.16730956453208848
2020-07-15,14.1373,14.1373,14.1373,0.06062137449100027,0.16494459563693914
2020-07-16,14.1738,14.1738,14.1738,0.05629127631307144,0.15576998166287156
2020-07-17,14.3033,14.3033,14.3033,0.05227047086213756,0.1538935544012378
2020-07-20,14.4762,14.4762,14.4762,0.048536865800556134,0.15525115765829234
2020-07-21,14.5908,14.5908,14.5908,0.045069946814801976,0.15234750353984272
2020-07-22,14.5377,14.5377,14.5377,0.045643522042316184,0.14525839614413943
2020-07-23,14.609,14.609,14.609,0.04238327046786491,0.13997565356241504
2020-07-24,14.2687,14.2687,14.2687,0.0636630368630181,0.15428453545081441
2020-07-29,14.3711,14.3711,14.3711,0.059115677087088085,0.1505784972043275
2020-07-30,14.3577,14.3577,14.3577,0.055850271580867465,0.14078003311830387
2020-07-31,14.3269,14.3269,14.3269,0.05406096646794826,0.13292431646699618
2020-08-03,14.6312,14.6312,14.6312,0.05019946886309472,0.1451654367193539
2020-08-04,14.6286,14.6286,14.6286,0.046799506801444964,0.13498219123939975
2020-08-05,14.6827,14.6827,14.6827,0.043456684887055966,0.1292048918651568
2020-08-06,14.7002,14.7002,14.7002,0.0403526359665519,0.12122597101764543
2020-08-07,14.7029,14.7029,14.7029,0.03747030482608385,0.11275983023067053
2020-08-10,14.6684,14.6684,14.6684,0.037258140195649256,0.10716984235705107
2020-08-11,14.7235,14.7235,14.7235,0.03459684446738855,0.1034505679029759
2020-08-13,14.7772,14.7772,14.7772,0.03212564129114648,0.0998969559099062
2020-08-14,14.6866,14.6866,14.6866,0.036302381198921804,0.0992328876306272
2020-08-17,14.7775,14.7775,14.7775,0.033709353970427354,0.09863768137129664
2020-08-18,14.7637,14.7637,14.7637,0.03228725725825394,0.0925778469876325
2020-08-19,14.8455,14.8455,14.8455,0.02998102459695006,0.09180800077423013
2020-08-20,14.7296,14.7296,14.7296,0.03611809426859654,0.09352885786178514
2020-08-21,14.7639,14.7639,14.7639,0.03353823039226819,0.08929822515737187
2020-08-24,14.939,14.939,14.939,0.031142642507106157,0.09542692336041683
2020-08-25,14.9767,14.9767,14.9767,0.028918168042312842,0.09130357169181554
2020-08-26,15.2441,15.2441,15.2441,0.02685258461071905,0.10388188799954311
2020-08-27,15.2516,15.2516,15.2516,0.02493454285281053,0.09699746742814713
2020-08-28,15.2917,15.2917,15.2917,0.023153504077609768,0.09293336261185094
2020-08-31,15.2606,15.2606,15.2606,0.0237211109292091,0.08851669385386159
2020-09-01,15.3171,15.3171,15.3171,0.02202674586283701,0.08622978715001431
2020-09-02,15.4907,15.4907,15.4907,0.020453406872634357,0.09247051663929907
2020-09-03,15.133,15.133,15.133,0.04454244923887496,0.11141547973649217
2020-09-08,14.6394,14.6394,14.6394,0.07661798857895538,0.1387143740410285
2020-09-09,14.7555,14.7555,14.7555,0.07114527510902997,0.1370990616095264
2020-09-10,14.8011,14.8011,14.8011,0.06606346974409924,0.13056341435170307
2020-09-11,14.628,14.628,14.628,0.07370893619094931,0.13360174189801
2020-09-14,14.8163,14.8163,14.8163,0.06844401217731007,0.13750876033386641
2020-09-15,14.8899,14.8899,14.8899,0.06355515416464505,0.13294384888144742
2020-09-16,14.906,14.906,14.906,0.05901550029574182,0.1245978596756297
2020-09-17,14.6654,14.6654,14.6654,0.0719858217031889,0.1328837268416562
2020-09-18,14.5545,14.5545,14.5545,0.07476540586724677,0.13131346063868068
2020-09-21,14.3277,14.3277,14.3277,0.08562501973387207,0.13813392773591784
2020-09-22,14.4803,14.4803,14.4803,0.07950894689573834,0.1391672186119237
2020-09-23,14.5327,14.5327,14.5327,0.07382973640318559,0.13296956013964345
2020-09-24,14.4202,14.4202,14.4202,0.0765918980886724,0.13150744870109754
2020-09-25,14.3991,14.3991,14.3991,0.07262819108233855,0.12362120236530476
2020-09-28,14.794,14.794,14.794,0.06744046314788579,0.1429982593392116
2020-09-29,14.8021,14.8021,14.8021,0.06262328720875109,0.13336266938641067
2020-09-30,14.9289,14.9289,14.9289,0.05815019526526886,0.1328939072873814
2020-10-01,14.9658,14.9658,14.9658,0.05399660988917822,0.12603719962399695
2020-10-02,14.7438,14.7438,14.7438,0.06599685203995119,0.13289168536513998
2020-10-05,14.9037,14.9037,14.9037,0.06128279117995467,0.13482085069620145
2020-10-06,14.911,14.911,14.911,0.056905448952815046,0.12571221850361555
2020-10-07,15.007,15.007,15.007,0.052840774027613974,0.12358991718192873
2020-10-08,15.1751,15.1751,15.1751,0.049066433025641544,0.12676920881179102
2020-10-09,15.3937,15.3937,15.3937,0.04556168780952429,0.13332855103952027
2020-10-14,15.489,15.489,15.489,0.04230728153741541,0.1306122259652688
2020-10-15,15.3537,15.3537,15.3537,0.04894961857045724,0.13094706696774966
2020-10-16,15.488,15.488,15.488,0.04545321724399601,0.13118656218433894
2020-10-19,15.4471,15.4471,15.4471,0.04512798744085335,0.12473752202831465
2020-10-20,15.4105,15.4105,15.4105,0.044518845480792386,0.11844198474057788
2020-10-21,15.3901,15.3901,15.3901,0.042796070803592955,0.11143898583053663
2020-10-22,15.3465,15.3465,15.3465,0.042853494317622,0.10659334398549827
2020-10-26,14.9863,14.9863,14.9863,0.06552110186636334,0.12470810512939132
2020-10-27,15.0519,15.0519,15.0519,0.0608410231616231,0.12048609762014907
2020-10-28,14.6218,14.6218,14.6218,0.08721666436436427,0.14260137636156697
2020-10-29,14.6707,14.6707,14.6707,0.08098690262405253,0.13590842090716931
2020-10-30,14.462,14.462,14.462,0.09010926672233452,0.1411078194138001
2020-11-02,14.5712,14.5712,14.5712,0.08367289052788206,0.13882868945567148
2020-11-03,14.8399,14.8399,14.8399,0.0776962554901762,0.1481052116374093
2020-11-04,15.2319,15.2319,15.2319,0.0721465229551636,0.16552626794902287
2020-11-05,15.425,15.425,15.425,0.06699319988693764,0.16749582023837847
2020-11-06,15.3792,15.3792,15.3792,0.06547939989501352,0.15880326164992287
2020-11-09,15.8965,15.8965,15.8965,0.06080229990251254,0.18441017153207115
2020-11-10,15.5562,15.5562,15.5562,0.0807664213380473,0.19554515927978028
2020-11-12,15.5806,15.5806,15.5806,0.0749973912424725,0.18332050504551026
2020-11-13,15.6317,15.6317,15.6317,0.06964043472515304,0.17387618325654522
2020-11-16,15.9366,15.9366,15.9366,0.06466611795907067,0.18323502730964913
2020-11-17,15.8775,15.8775,15.8775,0.06426853810485139,0.17436823964467424
2020-11-18,15.9635,15.9635,15.9635,0.05967792824021914,0.16805622252719754
2020-11-19,15.8706,15.8706,15.8706,0.062050933365917785,0.16268792091811202
2020-11-20,15.9151,15.9151,15.9151,0.0576187238397808,0.15424592656681838
2020-11-23,15.9586,15.9586,15.9586,0.053503100708367876,0.14633550324061706
2020-11-24,16.2883,16.2883,16.2883,0.04968145065777017,0.15943296729485862
2020-11-25,16.1969,16.1969,16.1969,0.05266134703935802,0.15457346963094015
2020-11-27,16.4064,16.4064,16.4064,0.04889982225083245,0.15849679322873028
2020-11-30,16.2651,16.2651,16.2651,0.05549983494720164,0.15726845085524963
2020-12-01,16.5682,16.5682,16.5682,0.05153556102240152,0.1676849900798747
2020-12-02,16.6161,16.6161,16.6161,0.04785444952080141,0.15912891935988352
2020-12-03,16.7809,16.7809,16.7809,0.04443627455502988,0.15953399654846323
2020-12-04,16.9102,16.9102,16.9102,0.041262254943956314,0.1573744253664302
2020-12-08,16.9272,16.9272,16.9272,0.038314951019388005,0.14734768069739945
2020-12-09,16.9927,16.9927,16.9927,0.03557816880371743,0.14150141779044234
2020-12-14,16.8828,16.8828,16.8828,0.04088687103202331,0.1392441736625536
2020-12-15,16.8682,16.8682,16.8682,0.03900923738687864,0.13034101840094248
2020-12-16,17.0113,17.0113,17.0113,0.03622286328781588,0.13125237422944636
2020-12-17,17.0022,17.0022,17.0022,0.03428551591011476,0.12252720464162876
2020-12-18,16.9828,16.9828,16.9828,0.033222264773677804,0.1151609757386551
2020-12-21,16.8625,16.8625,16.8625,0.03944210300412941,0.11552804890017976
2020-12-22,17.0369,17.0369,17.0369,0.036624809932405876,0.11973318826445253
2020-12-23,17.1458,17.1458,17.1458,0.034008752080091166,0.11895938910270608
2020-12-24,17.0767,17.0767,17.0767,0.03651526978865625,0.11539800416679867
2020-12-28,17.2552,17.2552,17.2552,0.03390703623232366,0.11990528958345589
2020-12-29,17.1719,17.1719,17.1719,0.03743510507287181,0.11729062604178031
2020-12-30,17.2752,17.2752,17.2752,0.03476116899623811,0.11629129561022462
2021-01-04,17.117,17.117,17.117,0.043578228353649724,0.11928477449520863
2021-01-05,17.2966,17.2966,17.2966,0.040465497756960456,0.12359300488840806
2021-01-06,17.4487,17.4487,17.4487,0.03757510506003471,0.12562921882495015
2021-01-07,17.603,17.603,17.603,0.03489116898431795,0.12767713176602533
2021-01-08,17.843,17.843,17.843,0.032398942628295235,0.1357001937827377
2021-01-11,17.8063,17.8063,17.8063,0.032706161011988415,0.128628751369685
2021-01-12,17.7378,17.7378,17.7378,0.0352628637968464,0.12433384055756465
2021-01-13,17.7578,17.7578,17.7578,0.032744087811357375,0.11688142337488143
2021-01-14,17.9455,17.9455,17.9455,0.03040522439626042,0.12193989313381845
2021-01-15,17.7593,17.7593,17.7593,0.04153342265367036,0.1265299007671171
2021-01-19,17.8215,17.8215,17.8215,0.03856674960697962,0.12193490785518021
2021-01-20,18.1067,18.1067,18.1067,0.03581198177790964,0.13359670015123876
2021-01-21,18.2208,18.2208,18.2208,0.03325398307948752,0.1322040787118646
2021-01-22,18.1314,18.1314,18.1314,0.03726441285952421,0.12914664451816008
2021-01-25,18.086,18.086,18.086,0.037845526226701114,0.12316474133829156
2021-01-26,18.109,18.109,18.109,0.03514227435336532,0.11601011695698525
2021-01-27,17.9065,17.9065,17.9065,0.04709639761383926,0.12218796574577206
2021-01-28,17.9951,17.9951,17.9951,0.04373236921285074,0.11978882533535974
2021-01-29,17.693,17.693,17.693,0.06218719998336136,0.13281105209711971
2021-02-01,17.8788,17.8788,17.8788,0.05774525712740698,0.13659597694732523
2021-02-02,18.2082,18.2082,18.2082,0.05362059590402077,0.15036769287965937
2021-02-03,18.2596,18.2596,18.2596,0.04979055333944785,0.1432985719596835
2021-02-04,18.3312,18.3312,18.3312,0.04623408524377301,0.13817724539113468
2021-02-05,18.4601,18.4601,18.4601,0.04293165058350351,0.13751458500605374
2021-02-08,18.5941,18.5941,18.5941,0.03986510411325325,0.13726354321990708
2021-02-09,18.6509,18.6509,18.6509,0.0370175966765923,0.13151614727562794
2021-02-10,18.5451,18.5451,18.5451,0.04193062548540704,0.12967927961308298
2021-02-11,18.7451,18.7451,18.7451,0.03893558080787796,0.13470218821214844
2021-02-16,18.8746,18.8746,18.8746,0.036154467893029535,0.13433060333985214
2021-02-17,18.7212,18.7212,18.7212,0.04452914875781323,0.13569270310129136
2021-02-18,18.635,18.635,18.635,0.047505638132255,0.13215751002262754
2021-02-19,18.8903,18.8903,18.8903,0.04411237826566536,0.1409534021638683
2021-02-22,18.716,18.716,18.716,0.05341149410383204,0.14333530200930622
2021-02-23,18.4494,18.4494,18.4494,0.06863924452498693,0.15213992329435583
2021-02-24,18.7087,18.7087,18.7087,0.06373644134463072,0.1597942144876161
2021-02-25,18.6359,18.6359,18.6359,0.06438383839144288,0.15358034202421503
2021-03-01,18.7948,18.7948,18.7948,0.0597849927920541,0.1539603175939139
2021-03-02,18.6751,18.6751,18.6751,0.0640646361640501,0.15151315205149135
2021-03-03,18.6069,18.6069,18.6069,0.06436001929518945,0.14556221261924204
2021-03-04,18.3663,18.3663,18.3663,0.0769485893455331,0.15235062600358193
2021-03-05,18.0803,18.0803,18.0803,0.09188083296370916,0.1618970098604688
2021-03-08,18.4218,18.4218,18.4218,0.08531791632344422,0.1747257948704353
2021-03-09,18.6142,18.6142,18.6142,0.0792237794431982,0.1759882380939756
2021-03-10,18.635,18.635,18.635,0.07356493805439833,0.164903363944406
2021-03-11,18.9028,18.9028,18.9028,0.06831029962194131,0.17225312366266254
2021-03-12,18.7853,18.7853,18.7853,0.07182384964894549,0.16834218625818662
2021-03-15,18.9326,18.9326,18.9326,0.06669357467402082,0.16683917295403053
2021-03-16,19.2316,19.2316,19.2316,0.06192974791159076,0.17627923202874263
2021-03-17,19.0539,19.0539,19.0539,0.07019905163219153,0.17638071545526113
2021-03-18,19.0444,19.0444,19.0444,0.06586340508703493,0.16446066435131385
2021-03-19,18.9087,18.9087,18.9087,0.07085173329510386,0.16240633118336284
2021-03-22,19.1254,19.1254,19.1254,0.06579089520259644,0.16628445038455117
2021-03-23,18.9704,18.9704,18.9704,0.07216297411669653,0.1654784182142259
2021-03-24,18.8676,18.8676,18.8676,0.0743513331083612,0.16100138834178135
2021-03-25,18.7172,18.7172,18.7172,0.07978338074347835,0.1602441463173685
2021-03-26,18.9701,18.9701,18.9701,0.0740845678332299,0.16686242158041362
2021-03-29,19.1154,19.1154,19.1154,0.06879281298799919,0.16532224861038425
2021-03-30,19.0499,19.0499,19.0499,0.06855761206028496,0.15819208799535683
2021-03-31,19.2209,19.2209,19.2209,0.06366063977026461,0.15910693885283128
2021-04-01,19.4936,19.4936,19.4936,0.05911345121524571,0.16722072893477194
2021-04-05,19.9113,19.9113,19.9113,0.054891061842728156,0.1851121054394311
2021-04-07,19.8536,19.8536,19.8536,0.055091700282533324,0.17601124076518607
2021-04-08,19.951,19.951,19.951,0.05115657883378095,0.17039615213910136
2021-04-09,19.9652,19.9652,19.9652,0.04750253748851088,0.15923928412916546
2021-04-12,19.9645,19.9645,19.9645,0.04415949909647427,0.14791504954851067
2021-04-16,20.0992,20.0992,20.0992,0.04100524916101182,0.1469711174379027
2021-04-19,19.9553,19.9553,19.9553,0.04835487422093945,0.14675175190662382
2021-04-20,19.7503,19.7503,19.7503,0.05954381177658677,0.1509123410561508
2021-04-21,19.9232,19.9232,19.9232,0.05529068236397342,0.15248288812356875
2021-04-22,20.0516,20.0516,20.0516,0.05134134790940389,0.15076268182902805
2021-04-23,20.095,20.095,20.095,0.04767410877301789,0.1430939188412402
2021-04-26,20.2214,20.2214,20.2214,0.04426881528923089,0.14190149606686592
2021-04-27,20.1467,20.1467,20.1467,0.04644247134000012,0.1371013892049469
2021-04-28,20.0578,20.0578,20.0578,0.04947515195857146,0.13365843283316492
2021-04-29,19.91,19.91,19.91,0.05649835539010208,0.13466854477365314
2021-04-30,19.802,19.802,19.802,0.06017704429080912,0.13276364871839225
2021-05-05,19.554,19.554,19.554,0.07359296969860855,0.1409948166670786
2021-05-06,19.5663,19.5663,19.5663,0.0683363290058508,0.13180232976228726
2021-05-07,19.8713,19.8713,19.8713,0.06345516264829001,0.14417359192212412
2021-05-10,19.5999,19.5999,19.5999,0.0783083653162693,0.15326119249911524
2021-05-11,19.2413,19.2413,19.2413,0.0983291963651074,0.16792825017775007
2021-05-12,18.8895,18.8895,18.8895,0.11643425376759954,0.18106194659362487
2021-05-13,19.0108,19.0108,19.0108,0.10811752135562815,0.17679323612265152
2021-05-14,19.3799,19.3799,19.3799,0.10039484125879757,0.1905294335424621
2021-05-17,19.2525,19.2525,19.2525,0.10232378116888331,0.18602018828942896
2021-05-18,19.406,19.406,19.406,0.09501493965682022,0.1836973176973267
2021-05-19,19.2065,19.2065,19.2065,0.10247815825276167,0.18482608071894627
2021-05-20,19.6318,19.6318,19.6318,0.09515828980613583,0.20200278923902154
2021-05-21,19.5585,19.5585,19.5585,0.09359698339141183,0.19280973286480568
2021-05-24,19.7816,19.7816,19.7816,0.08691148457773955,0.19497332337446258
2021-05-25,19.8092,19.8092,19.8092,0.0807035213936153,0.18301808599057234
2021-05-27,19.8577,19.8577,19.8577,0.0749389841512142,0.17340965127696006
2021-05-28,19.9218,19.9218,19.9218,0.06958619956898461,0.16560181904289145
2021-06-01,19.8302,19.8302,19.8302,0.07115861388548568,0.16031597482554205
2021-06-02,19.8864,19.8864,19.8864,0.06607585575080813,0.15287911948086028
2021-06-04,19.9649,19.9649,19.9649,0.06135615176860754,0.14756632523222754
2021-06-07,19.9294,19.9294,19.9294,0.0595092837851355,0.13956158771563978
2021-06-08,19.9552,19.9552,19.9552,0.05525862065762582,0.13143576002166552
2021-06-09,19.9312,19.9312,19.9312,0.05302586203922404,0.12376177716297519
2021-06-10,19.9872,19.9872,19.9872,0.04923830046499375,0.11892165022276274
2021-06-11,20.0084,20.0084,20.0084,0.04572127900320848,0.11194153234970829
2021-06-14,20.0839,20.0839,20.0839,0.04245547336012216,0.10933856575330042
2021-06-15,20.0976,20.0976,20.0976,0.039422939548684865,0.10250723962806468
2021-06-16,20.1078,20.1078,20.1078,0.03660701529520738,0.09591386536891729
2021-06-17,20.17,20.17,20.17,0.03399222848840685,0.09350573212828038
2021-06-18,19.8859,19.8859,19.8859,0.05185706931066367,0.10711960840483195
2021-06-21,20.0706,20.0706,20.0706,0.048152992931330546,0.11266106494734392
2021-06-22,20.1754,20.1754,20.1754,0.0447134934362355,0.11209956030824798
2021-06-23,20.3101,20.3101,20.3101,0.04151967247650439,0.11371387742908733
2021-06-24,20.4443,20.4443,20.4443,0.03855398158532551,0.11517717189843822
2021-06-25,20.4483,20.4483,20.4483,0.03580012575780226,0.10723594533426414
2021-06-28,20.5616,20.5616,20.5616,0.033242973917959245,0.10766909209610234
2021-06-29,20.6546,20.6546,20.6546,0.030868475780962155,0.1066212998035236
2021-06-30,20.6306,20.6306,20.6306,0.0303778703680361,0.100719778388986
2021-07-01,20.5423,20.5423,20.5423,0.034515165341747825,0.09983265136120131
2021-07-02,20.7182,20.7182,20.7182,0.03204979638876584,0.10526603340682969
2021-07-06,20.7314,20.7314,20.7314,0.029760525218139707,0.09868988816348478
2021-07-07,20.8067,20.8067,20.8067,0.027634773416844012,0.09701918186609292
2021-07-08,20.6609,20.6609,20.6609,0.03607514674421214,0.10050352601851469
2021-07-09,20.8961,20.8961,20.8961,0.033498350548196984,0.11012470273147786
2021-07-12,20.936,20.936,20.936,0.031105611223325773,0.10510865253637224
2021-07-13,21.066,21.066,21.066,0.028883781850231074,0.1068866059266313
2021-07-14,20.9969,20.9969,20.9969,0.03175636886092877,0.10418756264615754
2021-07-15,20.8803,20.8803,20.8803,0.03781662822800542,0.10507416531428929
2021-07-16,20.8177,20.8177,20.8177,0.039586869068862156,0.1020402963632686
2021-07-19,20.4395,20.4395,20.4395,0.06377352127822913,0.12176598948017796
2021-07-20,20.6287,20.6287,20.6287,0.05921826975835562,0.12658270451730808
2021-07-21,20.8157,20.8157,20.8157,0.0549883933470445,0.13089822562321474
2021-07-22,20.8858,20.8858,20.8858,0.051060650965112746,0.12655549522155654
2021-07-23,21.0292,21.0292,21.0292,0.04741346161046183,0.12775867413430247
2021-07-27,20.7473,20.7473,20.7473,0.06416250006685743,0.13876876883899517
2021-07-29,21.1112,21.1112,21.1112,0.05957946434779619,0.1548495710647813
2021-07-30,20.987,20.987,20.987,0.06419521689438232,0.15266031598872565
2021-08-02,21.1716,21.1716,21.1716,0.059609844259069296,0.1549417219895312
2021-08-03,21.1257,21.1257,21.1257,0.058630569669136,0.14715302756170778
2021-08-04,21.2353,21.2353,21.2353,0.054442671835626275,0.14447066845015724
2021-08-05,21.4776,21.4776,21.4776,0.05055390956165297,0.15145847784657462
2021-08-06,21.5423,21.5423,21.5423,0.04694291602153489,0.14526144371467656
2021-08-09,21.5223,21.5223,21.5223,0.04501842201999666,0.13631419773505676
2021-08-10,21.3614,21.3614,21.3614,0.053295677589997016,0.1380703264682671
2021-08-11,21.2687,21.2687,21.2687,0.056110272047854425,0.13482958886339094
2021-08-13,21.2667,21.2667,21.2667,0.05224525261586474,0.12534176108743436
2021-08-16,21.1519,21.1519,21.1519,0.05671344885758861,0.12458877815261755
2021-08-17,20.9282,20.9282,20.9282,0.06864105965347521,0.13166815114171637
2021-08-18,21.0227,21.0227,21.0227,0.06373812682108412,0.12901328320302236
2021-08-19,20.9147,20.9147,20.9147,0.06689968919100672,0.12751233440280652
2021-08-20,20.9651,20.9651,20.9651,0.06212113996307767,0.12200431051689174
2021-08-23,21.3083,21.3083,21.3083,0.0576839156800007,0.13780400262282802
2021-08-24,21.3021,21.3021,21.3021,0.054006493131429203,0.1284037167211974
2021-08-25,21.2137,21.2137,21.2137,0.05646317219346998,0.12554630838396902
2021-08-26,21.2039,21.2039,21.2039,0.05313008846536487,0.11727871492797112
2021-08-27,21.2894,21.2894,21.2894,0.049335082146410233,0.1150088067188303
2021-08-30,21.2789,21.2789,21.2789,0.04656114770738096,0.1075438919531996
2021-08-31,21.2208,21.2208,21.2208,0.047385351442568,0.10401218538511389
2021-09-01,21.3311,21.3311,21.3311,0.04400068348238457,0.10446131500046281
2021-09-02,21.3527,21.3527,21.3527,0.0408577775193571,0.09854264964328685
2021-09-03,21.4454,21.4454,21.4454,0.03793936483940302,0.09812531752590928
2021-09-07,21.4176,21.4176,21.4176,0.03721512449373132,0.09310208055977284
2021-09-08,21.3122,21.3122,21.3122,0.04208547274417905,0.09398050337693188
2021-09-09,21.3563,21.3563,21.3563,0.03907936754816626,0.09041761027857963
2021-09-10,21.2473,21.2473,21.2473,0.04407369843758308,0.09174492383010978
2021-09-13,21.2584,21.2584,21.2584,0.04092557712061286,0.08598457212795926
2021-09-14,21.3582,21.3582,21.3582,0.03800232161199765,0.08697138840453347
2021-09-15,21.2051,21.2051,21.2051,0.04622358435399771,0.0916948606613524
2021-09-16,21.313,21.313,21.313,0.04292189975728359,0.09285237061411275
2021-09-17,21.3081,21.3081,21.3081,0.04020604977462042,0.08657005842739036
2021-09-20,20.933,20.933,20.933,0.06412704621929037,0.10717933996829104
2021-09-21,21.0997,21.0997,21.0997,0.05954654291791249,0.1114308156848416
2021-09-22,21.32,21.32,21.32,0.05529321842377589,0.11920718599306733
2021-09-23,21.4983,21.4983,21.4983,0.051343702822077605,0.12342810127927682
2021-09-27,21.6542,21.6542,21.6542,0.04767629547764349,0.12574752261647126
2021-09-28,21.2995,21.2995,21.2995,0.06960656008638333,0.1421012710010091
2021-09-29,21.2225,21.2225,21.2225,0.07013466293735582,0.13745118021522262
2021-09-30,21.1213,21.1213,21.1213,0.07235361558468746,0.13486181019984947
2021-10-01,21.0433,21.0433,21.0433,0.07275692875721,0.13080025232843187
2021-10-04,20.8471,20.8471,20.8471,0.08157429098883769,0.13547166287640083
2021-10-05,21.1208,21.1208,21.1208,0.07574755591820642,0.14534511552808635
2021-10-06,21.0613,21.0613,21.0613,0.0745870162097631,0.13921332156179445
2021-10-07,21.451,21.451,21.451,0.06925937219478003,0.1571052271645235
2021-10-08,21.3497,21.3497,21.3497,0.0715479884665816,0.1531191395099148
2021-10-11,21.4562,21.4562,21.4562,0.06643741786182578,0.14978920097349235
2021-10-12,21.0103,21.0103,21.0103,0.09354188801455239,0.1709399723325285
2021-10-14,21.2737,21.2737,21.2737,0.0868603245849415,0.17754426002306226
2021-10-15,21.4813,21.4813,21.4813,0.0806560156860171,0.17969109859284346
2021-10-18,21.631,21.631,21.631,0.07489487170844446,0.1775488772647832
2021-10-19,21.7246,21.7246,21.7246,0.06954523801498413,0.17155252888872716
2021-10-20,21.7752,21.7752,21.7752,0.06457772101391383,0.16291306253953255
2021-10-21,21.6861,21.6861,21.6861,0.06632931237006298,0.15764070092956606
2021-10-25,21.5757,21.5757,21.5757,0.0694772186293441,0.15426636514888267
2021-10-26,21.5933,21.5933,21.5933,0.06451456015581951,0.14450448192396234
2021-10-27,21.5117,21.5117,21.5117,0.06573494871611799,0.14001130464367917
2021-10-28,21.6374,21.6374,21.6374,0.061039595236395267,0.13898906859770196
2021-10-29,21.5119,21.5119,21.5119,0.06564390986236696,0.13802556369786603
2021-11-01,21.7367,21.7367,21.7367,0.06095505915791217,0.1442237377194469
2021-11-02,21.7082,21.7082,21.7082,0.05863684064663255,0.13595775645377195
2021-11-03,21.7447,21.7447,21.7447,0.05444849488615879,0.12885363099278827
2021-11-04,22.0257,22.0257,22.0257,0.050559316680004594,0.1397212287790176
2021-11-05,22.1879,22.1879,22.1879,0.046947936917147125,0.14132685529480196
2021-11-08,22.0833,22.0833,22.0833,0.05106594142306504,0.13870350848803023
2021-11-09,21.9254,21.9254,21.9254,0.05869694560713193,0.14007468645317103
2021-11-10,21.8677,21.8677,21.8677,0.05862573520662254,0.13419078027794457
2021-11-11,21.8617,21.8617,21.8617,0.05486675412043522,0.1250342959723771
2021-11-12,21.9875,21.9875,21.9875,0.050947700254689844,0.12508898911720742
2021-11-15,21.8794,21.8794,21.8794,0.05503000737935488,0.12387548989454977
2021-11-16,21.9031,21.9031,21.9031,0.051099292566543816,0.11672009775922465
2021-11-17,21.8677,21.8677,21.8677,0.04997791452607634,0.1109115193478514
2021-11-18,21.6727,21.6727,21.6727,0.06033663491707091,0.11691783939443347
2021-11-19,21.7967,21.7967,21.7967,0.05602687528013728,0.11742370800911696
2021-11-22,21.6842,21.6842,21.6842,0.06006066990298466,0.11707201457989437
2021-11-23,21.5079,21.5079,21.5079,0.06836347919562871,0.12130258496704487
2021-11-24,21.7088,21.7088,21.7088,0.06348037353879808,0.126988114612256
2021-11-26,21.3775,21.3775,21.3775,0.08261034685745527,0.1415818207113805
2021-11-29,21.6923,21.6923,21.6923,0.07670960779620847,0.15395454780342463
2021-11-30,21.3915,21.3915,21.3915,0.0927160643821935,0.16444350867460852
2021-12-02,21.5558,21.5558,21.5558,0.09880109632954434,0.18905537227555527
2021-12-03,21.2293,21.2293,21.2293,0.11506530373457712,0.19887284568444438
2021-12-07,22.0923,22.0923,22.0923,0.1068463534678216,0.24631049956412718
2021-12-08,21.9259,21.9259,21.9259,0.11110018536297742,0.24060260673811829
2021-12-13,21.6307,21.6307,21.6307,0.1166144455425671,0.22827724764664264
2021-12-15,21.2704,21.2704,21.2704,0.12480378212598915,0.22108446353205427
2021-12-17,21.3734,21.3734,21.3734,0.12101142438414368,0.22330344049447545
2021-12-20,21.1478,21.1478,21.1478,0.12848203692813343,0.22346748045915577
2021-12-21,21.591,21.591,21.591,0.11930474857612389,0.239162660426359
2021-12-23,21.9844,21.9844,21.9844,0.10286991076206599,0.23265096740844216
2021-12-27,22.133,22.133,22.133,0.095522059993347,0.22664732687926759
2021-12-28,22.1994,22.1994,22.1994,0.08869905570810793,0.2152010892450343
2021-12-30,22.1416,22.1416,22.1416,0.08103694089117468,0.19089124531842236
2022-01-04,21.9971,21.9971,21.9971,0.0855700165418051,0.18757758493853507
2022-01-05,22.0184,22.0184,22.0184,0.07945787250310474,0.1757006145857826
2022-01-06,21.8463,21.8463,21.8463,0.08607516732431156,0.17544342782965527
2022-01-07,21.777,21.777,21.777,0.08487694108686061,0.1678617544132512
2022-01-10,21.384,21.384,21.384,0.10688573100922777,0.1839430576694476
2022-01-11,21.7919,21.7919,21.7919,0.09925103593714008,0.19993998212162978
2022-01-13,21.88,21.88,21.88,0.0899072707825341,0.18658855601303806
2022-01-14,21.5886,21.5886,21.5886,0.10429960858378164,0.19407508772639245
2022-01-18,21.4142,21.4142,21.4142,0.1093067793992257,0.19266972431736432
2022-01-19,21.2261,21.2261,21.2261,0.11493486658499545,0.19234331543755276
2022-01-20,21.3211,21.3211,21.3211,0.10672523325749578,0.18539022147772774
2022-01-21,20.7418,20.7418,20.7418,0.14048057373910322,0.2135266342293186
2022-01-24,19.8193,19.8193,19.8193,0.19633910418631037,0.26416758892722464
2022-01-25,19.9681,19.9681,19.9681,0.18231488245871677,0.2559270468609944
2022-01-26,20.4173,20.4173,20.4173,0.16929239085452272,0.26973225779949483
2022-01-28,20.3051,20.3051,20.3051,0.1538577247674201,0.2409400590209929
2022-01-31,20.8537,20.8537,20.8537,0.14286788728403296,0.26291576909092207
2022-02-01,21.055,21.055,21.055,0.1326630381923163,0.25851464272728475
2022-02-02,21.1639,21.1639,21.1639,0.12318710689286515,0.24782788253247884
2022-02-03,20.7555,20.7555,20.7555,0.14355945640051765,0.2592973194944447
2022-02-04,20.5765,20.5765,20.5765,0.14609092380048083,0.25356179667341305
2022-02-07,20.6856,20.6856,20.6856,0.1356558578147322,0.2432430969110265
2022-02-09,20.9495,20.9495,20.9495,0.11804969372800894,0.2308305274385893
2022-02-10,20.9793,20.9793,20.9793,0.10961757274743686,0.2164712040501185
2022-02-11,20.6556,20.6556,20.6556,0.12490917469404843,0.22413040376082424
2022-02-15,20.3656,20.3656,20.3656,0.13512831899639882,0.2295027460998943
2022-02-17,20.0566,20.0566,20.0566,0.14754772478237044,0.23518112137847336
2022-02-18,19.6128,19.6128,19.6128,0.16870860158362966,0.2500824698514395
2022-02-22,19.611,19.611,19.611,0.15678655861337035,0.23234800771919378
2022-02-23,19.4575,19.4575,19.4575,0.1565518044267011,0.2267160071678229
2022-02-24,19.1411,19.1411,19.1411,0.1679695326819366,0.23312200665583538
2022-02-25,19.8594,19.8594,19.8594,0.15597170891894113,0.26777757760898996
2022-02-28,19.9585,19.9585,19.9585,0.1448308725675882,0.2557291792083478
2022-03-01,19.5089,19.5089,19.5089,0.16660009595561767,0.26957709497918014
2022-03-02,19.7266,19.7266,19.7266,0.15470008910164498,0.26587158819495305
2022-03-03,19.5659,19.5659,19.5659,0.15512865416581334,0.2583593318953137
2022-03-04,19.1172,19.1172,19.1172,0.17609803601111232,0.27195509390279116
2022-03-07,18.9244,18.9244,18.9244,0.17729103343889013,0.2663011586240205
2022-03-08,18.6702,18.6702,18.6702,0.1827845310503978,0.26543679015087596
2022-03-09,19.3189,19.3189,19.3189,0.16972849311822652,0.2928127337115276
2022-03-10,19.0448,19.0448,19.0448,0.17718360075263898,0.29147610987498995
2022-03-11,19.1266,19.1266,19.1266,0.1645276292703076,0.2764992448839193
2022-03-14,18.8099,18.8099,18.8099,0.17539708432242854,0.27937072739221086
2022-03-15,18.9973,18.9973,18.9973,0.16286872115654077,0.27280138972133866
2022-03-16,19.5972,19.5972,19.5972,0.15123524107393072,0.29616557616981454
2022-03-17,19.886,19.886,19.886,0.14043272385436423,0.29563946358625626
2022-03-18,20.3145,20.3145,20.3145,0.13040181500762393,0.3051295019015236
2022-03-21,20.275,20.275,20.275,0.12390882822136509,0.2861559660514148
2022-03-22,20.6471,20.6471,20.6471,0.11505819763412473,0.2922948256191709
2022-03-23,20.5929,20.5929,20.5929,0.11071118351740139,0.27528805236065856
2022-03-24,20.6273,20.6273,20.6273,0.102803241837587,0.2580817629063259
2022-03-25,20.6418,20.6418,20.6418,0.0954601531349022,0.2406830655558739
2022-03-28,20.6845,20.6845,20.6845,0.08864157076812348,0.22654141801616864
2022-03-29,21.2416,21.2416,21.2416,0.08231002999897181,0.2501527453007279
2022-03-30,21.0594,21.0594,21.0594,0.08944502785618799,0.2452989777792472
2022-03-31,20.8398,20.8398,20.8398,0.09874181158074598,0.24346333650930094
2022-04-01,20.6317,20.6317,20.6317,0.10655311075354996,0.24093738390149386
2022-04-04,21.0046,21.0046,21.0046,0.09894217427115354,0.2503632850513872
2022-04-05,20.6385,20.6385,20.6385,0.11802487610892824,0.2586301932620024
2022-04-07,19.9758,19.9758,19.9758,0.15693024210114775,0.28749232231471655
2022-04-08,20.131,20.131,20.131,0.14572093909392292,0.2780428707208083
2022-04-11,19.7698,19.7698,19.7698,0.16111230058721418,0.283982665669322
2022-04-12,19.8599,19.8599,19.8599,0.14960427911669885,0.27013390383579894
2022-04-18,19.5397,19.5397,19.5397,0.16178968775122035,0.2737100535618133
2022-04-19,19.8654,19.8654,19.8654,0.15023328148327605,0.277423621164541
2022-04-20,19.7488,19.7488,19.7488,0.14783090423447076,0.2659362196527882
2022-04-21,19.6464,19.6464,19.6464,0.14458583964629423,0.2542550611061604
2022-04-22,19.1821,19.1821,19.1821,0.16742256538584477,0.26925827102714905
2022-04-25,18.8585,18.8585,18.8585,0.17857809642971292,0.2731398230966383
2022-04-26,18.7031,18.7031,18.7031,0.17692251811330487,0.26472983573259273
2022-04-27,18.7736,18.7736,18.7736,0.16428519539092593,0.25085627603740746
2022-04-28,19.0335,19.0335,19.0335,0.15255053857728834,0.2515022563204499
2022-04-29,19.2196,19.2196,19.2196,0.14165407153605347,0.2468306665832749
2022-05-03,19.2128,19.2128,19.2128,0.13202163785490667,0.22968561897018372
2022-05-05,18.7138,18.7138,18.7138,0.15823437800812779,0.24892236047231364
2022-05-06,18.5497,18.5497,18.5497,0.15865335100754704,0.2428636204385768
2022-05-09,18.0232,18.0232,18.0232,0.18492811164986528,0.26312336183582147
2022-05-10,17.8993,17.8993,17.8993,0.180568960817732,0.2531788359904056
2022-05-11,18.114,18.114,18.114,0.16767117790217972,0.25043034770537664
2022-05-12,17.6951,17.6951,17.6951,0.1856160937663098,0.2624638942978498
2022-05-13,18.436,18.436,18.436,0.17235780135443052,0.29663790184800337
2022-05-17,18.5193,18.5193,18.5193,0.16004652982911405,0.2813994802874318
2022-05-18,18.205,18.205,18.205,0.17106463484132042,0.2837495174097583
2022-05-19,18.2741,18.2741,18.2741,0.15884573235265467,0.26841740902334715
2022-05-20,17.9687,17.9687,17.9687,0.16931389432746521,0.2710590226645368
2022-05-23,18.2681,18.2681,18.2681,0.15722004473264625,0.2730833781884986
2022-05-24,17.8512,17.8512,17.8512,0.1757686129660288,0.2833559940321774
2022-05-25,18.0125,18.0125,18.0125,0.1632137120398839,0.27463770874416477
2022-05-26,18.491,18.491,18.491,0.15155558975132077,0.28919930097672447
2022-05-27,18.8733,18.8733,18.8733,0.1407301904833693,0.29584935090695846
2022-05-31,18.9803,18.9803,18.9803,0.13067803402027148,0.2823601115564614
2022-06-01,18.8226,18.8226,18.8226,0.13260817444739484,0.2734558178738569
2022-06-02,19.1498,19.1498,19.1498,0.12313616198686662,0.2772946880257241
2022-06-06,19.2024,19.2024,19.2024,0.11434072184494758,0.26124506745245824
2022-06-07,19.1356,19.1356,19.1356,0.11094495599887993,0.24735613406299697
2022-06-08,19.3507,19.3507,19.3507,0.10302031628467422,0.24505212448706862
2022-06-09,19.0187,19.0187,19.0187,0.11937600797862612,0.25126268702370663
2022-06-10,18.1674,18.1674,18.1674,0.17165629312300987,0.2941224950934418
2022-06-13,17.3474,17.3474,17.3474,0.21796655789993777,0.33168517401533887
2022-06-14,17.3357,17.3357,17.3357,0.20323323233565657,0.3088290901571004
2022-06-15,17.5537,17.5537,17.5537,0.18871657288310967,0.3023412980030218
2022-06-16,17.0506,17.0506,17.0506,0.21117253196288754,0.3166812052885203
2022-06-17,17.1652,17.1652,17.1652,0.19608877967982416,0.30224683348219733
2022-06-21,17.6143,17.6143,17.6143,0.18208243827412243,0.3127363453763262
2022-06-22,17.577,17.577,17.577,0.1717408355402564,0.2930623207065885
2022-06-23,17.6223,17.6223,17.6223,0.15947363300166664,0.2753650120846891
2022-06-24,18.2843,18.2843,18.2843,0.1480826592158333,0.302981796935783
2022-06-27,18.3743,18.3743,18.3743,0.13750532641470234,0.2877688114403699
2022-06-28,18.0268,18.0268,18.0268,0.15250494595650935,0.29203532490891493
2022-06-29,17.787,17.787,17.787,0.15874030695961602,0.288304230272564
2022-06-30,17.5839,17.5839,17.5839,0.16190885646250056,0.28221821382452367
2022-07-01,17.4556,17.4556,17.4556,0.15950822385803617,0.2712240556942005
2022-07-05,17.5152,17.5152,17.5152,0.14811477929674788,0.2561080517160433
2022-07-06,17.7599,17.7599,17.7599,0.13753515220412302,0.25529319087918295
2022-07-07,18.2324,18.2324,18.2324,0.12771121276097136,0.2708079629592413
2022-07-08,18.346,18.346,18.346,0.11858898327804483,0.25957882274786703
2022-07-11,17.9606,17.9606,17.9606,0.1376469130438988,0.26856604969444803
2022-07-12,17.8981,17.8981,17.8981,0.13227927639790604,0.2538470461448446
2022-07-14,17.5609,17.5609,17.5609,0.14691647094091273,0.2598008285630699
2022-07-15,17.9773,17.9773,17.9773,0.1364224373022761,0.2709864836657077
2022-07-18,18.3956,18.3956,18.3956,0.12667797749497064,0.2815088776895859
2022-07-19,18.4846,18.4846,18.4846,0.11762955053104417,0.26775824356890104
2022-07-20,18.9267,18.9267,18.9267,0.10922743977882672,0.2802112261711224
2022-07-21,19.0424,19.0424,19.0424,0.1014254797946248,0.26846042430175654
2022-07-22,18.9128,18.9128,18.9128,0.10343794552358017,0.2585418225659168
2022-07-25,18.74,18.74,18.74,0.10839237798618176,0.25241740666835144
2022-07-26,18.4312,18.4312,18.4312,0.12270720813002578,0.256444734763469
2022-07-27,18.8856,18.8856,18.8856,0.11394240754930965,0.27058439656607836
2022-08-01,19.4191,19.4191,19.4191,0.10580366415293038,0.28936408252564416
2022-08-02,19.348,19.348,19.348,0.10332483099914973,0.27377379091666965
2022-08-03,19.7512,19.7512,19.7512,0.09594448592778189,0.28301852013690765
2022-08-04,19.7412,19.7412,19.7412,0.08980559407579758,0.2635171972699858
2022-08-05,19.4847,19.4847,19.4847,0.10171233735609769,0.26301596889355816
2022-08-08,19.741,19.741,19.741,0.0944471704020907,0.26253625682973253
2022-08-09,19.2317,19.2317,19.2317,0.12407951537336992,0.2801622384847516
2022-08-10,19.8216,19.8216,19.8216,0.11521669284670065,0.30228636430726935
2022-08-11,19.7764,19.7764,19.7764,0.11021550050050782,0.2839230525710359
2022-08-15,20.0891,20.0891,20.0891,0.10234296475047154,0.28597854881596185
2022-08-16,20.0188,20.0188,20.0188,0.10005418155400925,0.2705729381862503
2022-08-17,19.6237,19.6237,19.6237,0.12112888287157998,0.2794677283158038
2022-08-18,19.8698,19.8698,19.8698,0.11247681980932427,0.2770843191503894
2022-08-19,19.4831,19.4831,19.4831,0.13206418982294404,0.2849140106396474
2022-08-22,19.1963,19.1963,19.1963,0.14311674769273372,0.2850487241653868
2022-08-23,19.1221,19.1221,19.1221,0.13819412285753854,0.2699881010107164
2022-08-24,19.2277,19.2277,19.2277,0.12832311408200006,0.25824609379566515
2022-08-25,19.3126,19.3126,19.3126,0.1191571773618572,0.2458642299531177
2022-08-26,19.1224,19.1224,19.1224,0.12423166469315318,0.24188821352789508
2022-08-29,18.8551,18.8551,18.8551,0.13445083150078502,0.24370334113304534
2022-08-30,18.6477,18.6477,18.6477,0.13966148639358608,0.2411102453378278
2022-08-31,18.7434,18.7434,18.7434,0.12968566593690137,0.2307237992422687
2022-09-01,18.2352,18.2352,18.2352,0.15672240408426572,0.2505435278678211
2022-09-02,18.7491,18.7491,18.7491,0.1455279466496753,0.269354704448691
2022-09-06,18.3371,18.3371,18.3371,0.164561664746127,0.2795436541309273
2022-09-07,18.3378,18.3378,18.3378,0.15280726012140364,0.2596262502644326
2022-09-08,18.5186,18.5186,18.5186,0.14189245582701768,0.25399580381697295
2022-09-09,18.8887,18.8887,18.8887,0.13175728041080212,0.2622889606871892
2022-09-12,19.1133,19.1133,19.1133,0.12234604609574483,0.25959689206667563
2022-09-13,18.5507,18.5507,18.5507,0.1537927570889059,0.28123997120477023
2022-09-14,18.5095,18.5095,18.5095,0.14575041729684118,0.26409425897585803
2022-09-15,18.358,18.358,18.358,0.14616110177563815,0.2560518119061538
2022-09-16,18.0471,18.0471,18.0471,0.15792816593452116,0.2599695396271428
2022-09-19,18.0219,18.0219,18.0219,0.14844758265348404,0.24320028679663272
2022-09-20,18.0923,18.0923,18.0923,0.1378441838925209,0.23085740916830202
2022-09-21,18.0261,18.0261,18.0261,0.1327267421859124,0.2190961656562806
2022-09-22,17.5194,17.5194,17.5194,0.15943911774406144,0.2396392966808319
2022-09-23,17.1596,17.1596,17.1596,0.17375060933377132,0.24822220406077247
2022-09-26,17.1823,17.1823,17.1823,0.1613398515242162,0.23211347519928874
2022-09-27,17.1249,17.1249,17.1249,0.1539155764153437,0.2196339412564825
2022-09-28,17.3527,17.3527,17.3527,0.1429216066713906,0.22021723116673364
2022-09-29,17.081,17.081,17.081,0.1521200633377198,0.22389457179768116
2022-09-30,17.114,17.114,17.114,0.14125434452788266,0.21025924524070402
2022-10-03,17.1902,17.1902,17.1902,0.13116474849017676,0.20068358486636803
2022-10-04,17.8937,17.8937,17.8937,0.12179583788373555,0.23659904309019877
2022-10-05,17.6605,17.6605,17.6605,0.1297532780348973,0.23635625429804172
2022-10-06,17.7693,17.7693,17.7693,0.12048518674669034,0.22724509327675319
2022-10-07,17.3088,17.3088,17.3088,0.14477195912192675,0.24390615804269936
2022-10-11,16.8811,16.8811,16.8811,0.1649811048989321,0.2570342896110781
2022-10-12,16.726,16.726,16.726,0.1642753116918656,0.24975326892457259
2022-10-17,17.2996,17.2996,17.2996,0.15254136085673234,0.2728851782871033
2022-10-18,17.3413,17.3413,17.3413,0.14164554936696575,0.2563719512665958
2022-10-19,17.3716,17.3716,17.3716,0.1315280101264682,0.24022395474755326
2022-10-20,17.5269,17.5269,17.5269,0.1221331522602919,0.2341579579798709
2022-10-21,17.4885,17.4885,17.4885,0.11615221281312839,0.22017524669559463
2022-10-25,17.9698,17.9698,17.9698,0.10785562618361923,0.23882701478876653
2022-10-26,18.0145,18.0145,18.0145,0.10015165288478928,0.22496079944671196
2022-10-27,17.688,17.688,17.688,0.1163193919644474,0.23221359948623274
2022-10-28,17.6843,17.6843,17.6843,0.10827514968127247,0.2158911995229303
2022-10-31,17.7066,17.7066,17.7066,0.10054121041832442,0.2020632566998639
2022-11-01,17.7244,17.7244,17.7244,0.0933596953884441,0.18890159550701632
2022-11-02,17.4602,17.4602,17.4602,0.10556257428926945,0.19428005297080078
2022-11-03,16.9712,16.9712,16.9712,0.132950961840036,0.2153314777586008
2022-11-04,16.8251,16.8251,16.8251,0.13389017885146204,0.21038637220441506
2022-11-07,17.0393,17.0393,17.0393,0.12432659464778617,0.2106587741898141
2022-11-08,17.5462,17.5462,17.5462,0.11544612360151574,0.2318188617476844
2022-11-09,17.0677,17.0677,17.0677,0.14137854334426467,0.24943894305142125
2022-11-10,17.9556,17.9556,17.9556,0.13128007596253147,0.2950433042620342
2022-11-14,18.2281,18.2281,18.2281,0.1219029276794935,0.29343306824331755
2022-11-15,18.5179,18.5179,18.5179,0.11319557570238682,0.29317356336879485
2022-11-16,18.1012,18.1012,18.1012,0.13487446315221652,0.301996880271024
2022-11-17,17.9135,17.9135,17.9135,0.13864771578420101,0.2938328173945222
2022-11-18,17.8617,17.8617,17.8617,0.13244430751390093,0.2765447590091992
2022-11-21,17.7355,17.7355,17.7355,0.13199828554862236,0.26580584765139936
2022-11-22,17.7864,17.7864,17.7864,0.12256983658086362,0.2504554299620138
2022-11-23,18.0805,18.0805,18.0805,0.11381484825365908,0.2535728992504414
2022-11-25,18.0376,18.0376,18.0376,0.10874950194982626,0.238524835018267
2022-11-28,17.7798,17.7798,17.7798,0.11939596609626722,0.23990163251696217
2022-11-29,17.568,17.568,17.568,0.12599625423224817,0.23789437305146488
2022-11-30,17.6523,17.6523,17.6523,0.11699652178708758,0.22692334640493161
2022-12-01,18.2147,18.2147,18.2147,0.10863962737372418,0.2508859645188651
2022-12-02,18.1452,18.1452,18.1452,0.10584393970417255,0.2379298241960891
2022-12-06,17.6811,17.6811,17.6811,0.13143365829673154,0.2540848367535112
2022-12-07,17.4826,17.4826,17.4826,0.13622411127553638,0.25011449127111746
2022-12-08,17.6519,17.6519,17.6519,0.12649381761299808,0.24434202760889476
2022-12-09,17.8114,17.8114,17.8114,0.11745854492635535,0.23828188277968781
2022-12-13,18.1528,18.1528,18.1528,0.1090686488601871,0.2456474625811387
2022-12-14,18.1096,18.1096,18.1096,0.10436374537017365,0.23118692953962872
2022-12-15,17.4572,17.4572,17.4572,0.14350919212944696,0.2612735774296553
2022-12-16,17.1758,17.1758,17.1758,0.1533585355487723,0.2627111790418229
2022-12-19,17.0187,17.0187,17.0187,0.15362578300957427,0.25516752339597837
2022-12-20,16.9827,16.9827,16.9827,0.1452239413660331,0.23951270029626545
2022-12-21,17.1699,17.1699,17.1699,0.1348508026970307,0.235776078846532
2022-12-22,16.7374,16.7374,16.7374,0.15611145964724263,0.24982778750035098
2022-12-23,16.8174,16.8174,16.8174,0.144960641101011,0.2376972312503258
2022-12-27,16.7952,16.7952,16.7952,0.13619202387951007,0.22230457187530236
2022-12-28,16.6152,16.6152,16.6152,0.1393211650309736,0.21928281674135217
2022-12-29,16.9416,16.9416,16.9416,0.12936965324304692,0.22693404411696985
2022-12-30,16.7797,16.7797,16.7797,0.13169324943997235,0.2222887552514722
2023-01-03,16.8403,16.8403,16.8403,0.1222865887656886,0.21073955844779568
2023-01-04,17.0682,17.0682,17.0682,0.11355183242528226,0.21196530427295326
2023-01-05,16.8442,16.8442,16.8442,0.12144098725204783,0.21282492539631376
2023-01-06,17.1677,17.1677,17.1677,0.1127666310197587,0.22073028786800558
2023-01-09,17.58,17.58,17.58,0.1047118716612045,0.2344138387345765
2023-01-10,17.4044,17.4044,17.4044,0.10977530939968985,0.23021285025353527
2023-01-11,17.5819,17.5819,17.5819,0.10193421587114057,0.22644764666399717
2023-01-12,17.8024,17.8024,17.8024,0.09465320045177338,0.22602281475942576
2023-01-13,17.7484,17.7484,17.7484,0.09174940041950373,0.21373547084803812
2023-01-17,17.8821,17.8821,17.8821,0.0851958718181106,0.20801865150174975
2023-01-18,17.8637,17.8637,17.8637,0.08042473811681697,0.19447446210876762
2023-01-19,17.6024,17.6024,17.6024,0.09334439967990162,0.19924771481528436
2023-01-20,17.8271,17.8271,17.8271,0.08667694255990864,0.20106573518562132
2023-01-23,18.343,18.343,18.343,0.08048573237705803,0.22355389695807684
2023-01-24,18.297,18.297,18.297,0.07802246577869669,0.2108714757467856
2023-01-25,18.1108,18.1108,18.1108,0.08574943250878975,0.20910922747915803
2023-01-26,18.3831,18.3831,18.3831,0.0796244730438762,0.21362285408778944
2023-01-27,18.6299,18.6299,18.6299,0.07393701068359931,0.21599265022437594
2023-01-30,18.4432,18.4432,18.4432,0.08199150992048497,0.2139003180654918
2023-01-31,18.5087,18.5087,18.5087,0.07613497349759318,0.2033002953465281
2023-02-01,18.5653,18.5653,18.5653,0.07069676110490795,0.19282170282177608
2023-02-02,19.3844,19.3844,19.3844,0.06564699245455738,0.23755586690593486
2023-02-03,19.3356,19.3356,19.3356,0.06444363585066042,0.22407330498408237
2023-02-06,19.0981,19.0981,19.0981,0.07680480471847044,0.22503235462807655
2023-02-07,19.0887,19.0887,19.0887,0.07199017581000823,0.20963004358321388
2023-02-08,19.1291,19.1291,19.1291,0.06684802039500765,0.19754218332727014
2023-02-09,19.2226,19.2226,19.2226,0.06207316179536424,0.1901105988038936
2023-02-10,18.8824,18.8824,18.8824,0.08193936452426676,0.20083127031790116
2023-02-13,19.0783,19.0783,19.0783,0.07608655277253341,0.2004790367237652
2023-02-14,19.0211,19.0211,19.0211,0.0747375132887809,0.1902448198149247
2023-02-15,19.2847,19.2847,19.2847,0.0693991194824394,0.1954844755424301
2023-02-16,19.3285,19.3285,19.3285,0.06444203951940801,0.18464987014654202
2023-02-17,18.9505,18.9505,18.9505,0.08683903669659293,0.19846059370750307
2023-02-21,18.6793,18.6793,18.6793,0.10000767693255061,0.2036562655855386
2023-02-22,18.5571,18.5571,18.5571,0.10159284286594007,0.19783796090085748
2023-02-23,18.5383,18.5383,18.5383,0.0956790683755157,0.18504953512222472
2023-02-24,18.4366,18.4366,18.4366,0.0961091349201218,0.17909599689920874
2023-02-27,18.6691,18.6691,18.6691,0.08924419671154167,0.18291056854926538
2023-02-28,18.6904,18.6904,18.6904,0.08286961123214584,0.17136695651003214
2023-03-01,18.6586,18.6586,18.6586,0.07922178185842116,0.16139788818788703
2023-03-02,18.6065,18.6065,18.6065,0.07728451172567674,0.1535908961744665
2023-03-03,19.0161,19.0161,19.0161,0.07176418945955698,0.1718772607334333
2023-03-07,18.8695,18.8695,18.8695,0.07710960449816028,0.1700717421096168
2023-03-08,19.0083,19.0083,19.0083,0.07160177560543453,0.16783804624464418
2023-03-09,19.0026,19.0026,19.0026,0.06689450591933188,0.15625675722716942
2023-03-10,18.594,18.594,18.594,0.09130204121080818,0.1742812745680859
2023-03-13,18.3387,18.3387,18.3387,0.10301618112432202,0.18006832638465134
2023-03-14,18.5699,18.5699,18.5699,0.09565788247258473,0.18372058878574776
2023-03-15,18.2117,18.2117,18.2117,0.11441089086740013,0.19618340387248007
2023-03-16,18.7226,18.7226,18.7226,0.10623868437687153,0.2186631607387315
2023-03-17,18.6382,18.6382,18.6382,0.10467877834995204,0.20907293497167914
2023-03-20,18.6328,18.6328,18.6328,0.09758743703924129,0.19452486818798786
2023-03-21,18.8766,18.8766,18.8766,0.09061690582215262,0.19804452046027446
2023-03-22,18.9515,18.9515,18.9515,0.08414426969199885,0.18924848328454055
2023-03-23,19.031,19.031,19.031,0.07813396471399893,0.18140930590707333
2023-03-24,18.7715,18.7715,18.7715,0.09108868152014181,0.18698721262799659
2023-03-27,18.8263,18.8263,18.8263,0.08458234712584597,0.17754526886885397
2023-03-28,18.7912,18.7912,18.7912,0.0810478937597141,0.16737060680679297
2023-03-29,19.0321,19.0321,19.0321,0.07525875849116309,0.17262270632059346
2023-03-30,19.3749,19.3749,19.3749,0.06988313288465144,0.18477822729769397
2023-03-31,19.5261,19.5261,19.5261,0.06489148053574775,0.1823797824907158
2023-04-03,19.5159,19.5159,19.5159,0.06098494621176585,0.17008122659852187
2023-04-04,19.4264,19.4264,19.4264,0.0630217357680681,0.16432542469862726
2023-04-05,19.0665,19.0665,19.0665,0.08422732607034893,0.17829503722015388
2023-04-07,19.216,19.216,19.216,0.07821108849389544,0.17623824884728573
2023-04-10,19.1269,19.1269,19.1269,0.07898886788718876,0.1700140882153369
2023-04-11,19.1659,19.1659,19.1659,0.0733468058952467,0.16065593905709863
2023-04-12,19.1413,19.1413,19.1413,0.06986489118844333,0.15093765769587725
2023-04-17,19.2623,19.2623,19.2623,0.06487454181784023,0.14879925357474308
2023-04-18,19.2437,19.2437,19.2437,0.06156921740228016,0.1394993068908328
2023-04-19,19.2303,19.2303,19.2303,0.05812855901640306,0.13049221354148766
2023-04-20,19.1551,19.1551,19.1551,0.05934794765808848,0.1265427697170956
2023-04-21,19.0866,19.0866,19.0866,0.060001665682510745,0.12239685759444593
2023-04-24,18.9589,18.9589,18.9589,0.0648372609909029,0.122775653480557
2023-04-25,18.771,18.771,18.771,0.07362745663440977,0.12742739251766
2023-04-26,18.7548,18.7548,18.7548,0.06952549544623773,0.11948257876639866
2023-04-27,18.8175,18.8175,18.8175,0.06455938862864932,0.11542668028308443
2023-04-28,18.9826,18.9826,18.9826,0.05994800372660294,0.11897477454857858
2023-05-02,18.7767,18.7767,18.7767,0.07037314631755986,0.12518371922368007
2023-05-03,18.8378,18.8378,18.8378,0.06534649300916273,0.1206063107077029
2023-05-08,18.9578,18.9578,18.9578,0.06067888636565111,0.12056300280000966
2023-05-09,18.8245,18.8245,18.8245,0.06586610876810449,0.12147278831429456
2023-05-10,18.8839,18.8839,18.8839,0.06116138671323988,0.11703901772041639
2023-05-11,18.8442,18.8442,18.8442,0.05962843051943702,0.11151480216895807
2023-05-12,18.8587,18.8587,18.8587,0.0553692569109058,0.10458517344260379
2023-05-15,18.9155,18.9155,18.9155,0.05141430998869825,0.10117194676813228
2023-05-16,19.0467,19.0467,19.0467,0.047741859275219796,0.10331680771326567
2023-05-17,19.2204,19.2204,19.2204,0.044331726469846955,0.10834417859088956
2023-05-18,19.5422,19.5422,19.5422,0.0411651745791436,0.12359102297725456
2023-05-19,19.6101,19.6101,19.6101,0.03822480496634763,0.11961309276459339
2023-05-22,19.7062,19.7062,19.7062,0.035494461754465655,0.117933586138551
2023-05-23,19.6829,19.6829,19.6829,0.03462342877200375,0.11117404427151156
2023-05-24,19.2722,19.2722,19.2722,0.061486041002574814,0.13256875539497492
2023-05-25,19.4096,19.4096,19.4096,0.05709418093096232,0.13291384429533382
2023-05-26,19.8978,19.8978,19.8978,0.0530160251501793,0.15829142684566705
2023-05-30,20.0025,20.0025,20.0025,0.049229166210880776,0.15446346778526235
2023-05-31,19.7938,19.7938,19.7938,0.060619940052960744,0.15833750580060077
2023-06-01,20.0954,20.0954,20.0954,0.056289944334892116,0.16857054110055789
2023-06-02,20.2376,20.2376,20.2376,0.05226923402525697,0.16668693102194654
2023-06-06,20.3553,20.3553,20.3553,0.048535717309167184,0.16318786452037887
2023-06-07,20.2254,20.2254,20.2254,0.05434745178708376,0.16081015991178033
2023-06-08,20.2482,20.2482,20.2482,0.050465490945149204,0.15095229134665314
2023-06-09,20.2037,20.2037,20.2037,0.05003938444906707,0.14334855625046358
2023-06-12,20.3914,20.3914,20.3914,0.04646514270270513,0.1465165165182876
2023-06-13,20.7126,20.7126,20.7126,0.04314620393822619,0.15899390819555256
2023-06-14,20.8309,20.8309,20.8309,0.040064332228352886,0.1560872004672989
2023-06-15,20.9205,20.9205,20.9205,0.037202594212041966,0.15133811471963474
2023-06-16,20.9084,20.9084,20.9084,0.0354095517683247,0.1413925350968037
2023-06-20,20.5801,20.5801,20.5801,0.05633029807058714,0.15474306830417478
2023-06-21,20.4203,20.4203,20.4203,0.06372099106554525,0.15510427771101948
2023-06-22,20.5073,20.5073,20.5073,0.05916949170372059,0.15023968644594662
2023-06-23,20.3077,20.3077,20.3077,0.069200242296312,0.15376542312837901
2023-06-26,20.4082,20.4082,20.4082,0.06425736784657542,0.14996075004778053
2023-06-27,20.4924,20.4924,20.4924,0.05966755585753431,0.14526355361579615
2023-06-28,20.7645,20.7645,20.7645,0.05540558758199614,0.15432329978609657
2023-06-29,20.7526,20.7526,20.7526,0.052298045611853604,0.14415020694423256
2023-06-30,20.919,20.919,20.919,0.04856247092529263,0.14573947787678734
2023-07-03,20.9637,20.9637,20.9637,0.04509372300205744,0.1385223723141596
2023-07-05,20.8026,20.8026,20.8026,0.05337988564476745,0.14013506000600517
2023-07-06,20.4746,20.4746,20.4746,0.07299560809871286,0.15355398429129075
2023-07-07,20.7724,20.7724,20.7724,0.06778163609166193,0.1638572711276273
2023-07-10,20.7469,20.7469,20.7469,0.06476151922797187,0.1539746089042254
2023-07-11,20.8328,20.8328,20.8328,0.06013569642597388,0.14911213683963778
2023-07-12,21.1358,21.1358,21.1358,0.055840289538404315,0.160104127065378
2023-07-13,21.3765,21.3765,21.3765,0.05185169742851829,0.16586097513213674
2023-07-14,21.3661,21.3661,21.3661,0.048890861897909886,0.1547566197655556
2023-07-17,21.3553,21.3553,21.3553,0.04617008604805916,0.14447400406801592
2023-07-18,21.2847,21.2847,21.2847,0.04791507990176914,0.139197289491729
2023-07-19,21.4241,21.4241,21.4241,0.044492574194499916,0.13921176881374822
2023-07-20,21.0582,21.0582,21.0582,0.06745024746632135,0.1554037853270519
2023-07-21,21.0654,21.0654,21.0654,0.06263237264729839,0.14481780066083397
2023-07-24,21.0988,21.0988,21.0988,0.058158631743919935,0.13685938632791728
2023-07-25,21.219,21.219,21.219,0.05400444376221137,0.13566943016163752
2023-07-26,21.1843,21.1843,21.1843,0.05262555492205347,0.1284573280072349
2023-07-27,21.387,21.387,21.387,0.048866586713335367,0.1337603760067181
2023-07-31,21.4746,21.4746,21.4746,0.045376116233811416,0.1304632062919524
2023-08-02,20.9217,20.9217,20.9217,0.08162782221711043,0.16063726298538422
2023-08-03,20.8855,20.8855,20.8855,0.07838297777303117,0.15174888705785683
2023-08-04,21.2005,21.2005,21.2005,0.0727841936463861,0.16340968083943858
2023-08-07,21.0895,21.0895,21.0895,0.07551389410021571,0.15966613220805015
2023-08-08,20.7977,20.7977,20.7977,0.09096290166448617,0.169104265621761
2023-08-09,20.8506,20.8506,20.8506,0.0844655515455943,0.16080396093449245
2023-08-10,21.0281,21.0281,21.0281,0.07843229786376614,0.16199653515345716
2023-08-11,20.7465,20.7465,20.7465,0.09294427658778266,0.1705396397853529
2023-08-15,20.7425,20.7425,20.7425,0.08659111397436971,0.15864395122925634
2023-08-16,20.5725,20.5725,20.5725,0.09254889154762888,0.1594550975700236
2023-08-17,20.4073,20.4073,20.4073,0.09773825643708411,0.15986544774359351
2023-08-18,20.2645,20.2645,20.2645,0.10095695240586365,0.15864648719047952
2023-08-21,20.1672,20.1672,20.1672,0.10069574151973057,0.15426459524830244
2023-08-22,20.3218,20.3218,20.3218,0.09350318855403551,0.15428855273056644
2023-08-23,20.5476,20.5476,20.5476,0.0868243893716044,0.15939651324981166
2023-08-24,20.3251,20.3251,20.3251,0.09651550441648982,0.1639039051605394
2023-08-25,20.2739,20.2739,20.2739,0.09327868267245469,0.1558536262205007
2023-08-28,20.5933,20.5933,20.5933,0.08661591962442222,0.16753551006189338
2023-08-29,20.8569,20.8569,20.8569,0.08042906822267779,0.17439725934318673
2023-08-30,20.9574,20.9574,20.9574,0.0746841347782008,0.16911888367581626
2023-08-31,20.9995,20.9995,20.9995,0.06934955372261502,0.1600461062704009
2023-09-01,21.1256,21.1256,21.1256,0.06439601417099966,0.15762138439394352
2023-09-05,21.2103,21.2103,21.2103,0.059796298873071106,0.1524127140800905
2023-09-06,21.1019,21.1019,21.1019,0.06326799181070886,0.14926894878865543
2023-09-07,20.8639,20.8639,20.8639,0.07574884953851534,0.15560688101803716
2023-09-08,20.9238,20.9238,20.9238,0.07033821742862138,0.1487706752310344
2023-09-11,20.9453,20.9453,20.9453,0.06531405904086271,0.13967991271453192
2023-09-12,20.9433,20.9433,20.9433,0.06079162625222958,0.12984563323492243
2023-09-13,20.9336,20.9336,20.9336,0.057142224377070484,0.121263802289571
2023-09-14,21.0669,21.0669,21.0669,0.05306063692156545,0.12212353069745893
2023-09-15,20.9468,20.9468,20.9468,0.0578491628557394,0.12197899279049763
2023-09-18,20.8606,20.8606,20.8606,0.059874222651757875,0.11942335044831909
2023-09-19,20.7652,20.7652,20.7652,0.06241177817663242,0.11770739684486783
2023-09-20,20.9091,20.9091,20.9091,0.05795379402115867,0.11957829707023432
2023-09-21,20.4712,20.4712,20.4712,0.08509280873393299,0.14231556156521752
2023-09-22,20.5178,20.5178,20.5178,0.07901475096722348,0.13547873573913066
2023-09-25,20.4339,20.4339,20.4339,0.0793636973267075,0.13179454032919274
2023-09-26,20.2129,20.2129,20.2129,0.08948057608908555,0.13816635887710754
2023-09-27,20.1769,20.1769,20.1769,0.08566053493986525,0.13086876181445709
2023-09-28,20.3991,20.3991,20.3991,0.07954192530130344,0.13739242168485305
2023-09-29,20.4907,20.4907,20.4907,0.0738603592083532,0.13412153442164923
2023-10-02,20.4064,20.4064,20.4064,0.07460604783632789,0.13056285339153134
2023-10-03,20.1602,20.1602,20.1602,0.08686275870516175,0.13882264957785065
2023-10-04,20.2483,20.2483,20.2483,0.08065827594050734,0.1351996031794328
2023-10-05,20.1154,20.1154,20.1154,0.08438982765904249,0.13503534580947327
2023-10-06,20.4724,20.4724,20.4724,0.07836198282625374,0.1508899639659394
2023-10-10,20.7106,20.7106,20.7106,0.07276469833866418,0.1571263951112294
2023-10-11,20.5555,20.5555,20.5555,0.07864579131447395,0.1569816526032845
2023-10-12,20.5742,20.5742,20.5742,0.07302823479201152,0.1471043917030501
2023-10-16,20.3873,20.3873,20.3873,0.08116193230686794,0.14994693515283233
2023-10-17,20.436,20.436,20.436,0.07536465142780593,0.14271501121334432
2023-10-18,20.1682,20.1682,20.1682,0.08911003346867703,0.1516496532695341
2023-10-19,20.2274,20.2274,20.2274,0.08274503107805724,0.14504610660742456
2023-10-20,19.917,19.917,19.917,0.09900610028676729,0.15685709899260836
2023-10-24,19.8168,19.8168,19.8168,0.09909137883771255,0.15281016335027925
2023-10-25,19.4526,19.4526,19.4526,0.11802770892073311,0.1679094373966879
2023-10-26,19.2232,19.2232,19.2232,0.1259828725692523,0.17230162043978176
2023-10-27,19.2847,19.2847,19.2847,0.11698409595716286,0.1643872189797975
2023-10-30,19.2246,19.2246,19.2246,0.11292094624593708,0.1569381319098121
2023-10-31,19.392,19.392,19.392,0.10485516437122729,0.1576854082019684
2023-11-01,19.5411,19.5411,19.5411,0.09736550977328248,0.15707216475897073
2023-11-02,19.9661,19.9661,19.9661,0.09041083050376231,0.17620986727618715
2023-11-03,20.3211,20.3211,20.3211,0.08395291403920786,0.1889805910421738
2023-11-06,20.2085,20.2085,20.2085,0.08599913446497877,0.18352483453916144
2023-11-07,20.3594,20.3594,20.3594,0.07985633914605171,0.18119448921493564
2023-11-08,20.3775,20.3775,20.3775,0.07415231492133373,0.16954488284244026
2023-11-09,20.6342,20.6342,20.6342,0.06885572099838132,0.17577024835369442
2023-11-10,20.6447,20.6447,20.6447,0.06393745521278264,0.16396523061414484
2023-11-13,20.8842,20.8842,20.8842,0.05937049412615531,0.16936057128456303
2023-11-14,21.3793,21.3793,21.3793,0.05512974454571564,0.19262767333566572
2023-11-15,21.3871,21.3871,21.3871,0.0511919056495931,0.1794256966688324
2023-11-16,21.2154,21.2154,21.2154,0.059799626674622255,0.17887386119248733
2023-11-17,21.2404,21.2404,21.2404,0.055528224769292096,0.1678828711073098
2023-11-20,21.4142,21.4142,21.4142,0.05156192300005694,0.16830552317107336
2023-11-21,21.3591,21.3591,21.3591,0.051814642785767126,0.1602194143731395
2023-11-22,21.4464,21.4464,21.4464,0.04811359687249804,0.15501088477505803
2023-11-24,21.5322,21.5322,21.5322,0.04467691138160532,0.1500672501482681
2023-11-27,21.4391,21.4391,21.4391,0.048135703425776354,0.14599816085196324
2023-11-28,21.4942,21.4942,21.4942,0.044697438895363754,0.13950543507682295
2023-11-29,21.6383,21.6383,21.6383,0.04150476468855206,0.1398336182856214
2023-11-30,21.6318,21.6318,21.6318,0.03900442435365567,0.1303097884080772
2023-12-01,21.8779,21.8779,21.8779,0.03621839404268026,0.1385805178075004
2023-12-04,21.7515,21.7515,21.7515,0.042659937325345974,0.13771048082125037
2023-12-06,21.9659,21.9659,21.9659,0.03961279894496412,0.1431883036197326
2023-12-07,21.9675,21.9675,21.9675,0.0367833133060381,0.13307485336118025
2023-12-08,22.1284,22.1284,22.1284,0.034155933784178236,0.13506236383538153
2023-12-12,22.4025,22.4025,22.4025,0.0317162242281655,0.14499362356142578
2023-12-13,22.4155,22.4155,22.4155,0.029450779640439392,0.13556550759275263
2023-12-14,22.7654,22.7654,22.7654,0.02734715252326515,0.15087511419327015
2023-12-15,22.6928,22.6928,22.6928,0.03057949877160345,0.14528403460803668
2023-12-18,22.6405,22.6405,22.6405,0.03213096314506027,0.1386423178503197
2023-12-19,22.8037,22.8037,22.8037,0.029835894348984534,0.14039643800386828
2023-12-20,22.8418,22.8418,22.8418,0.02770475903834278,0.13308954957502053
2023-12-21,22.726,22.726,22.726,0.033997276249889734,0.13185458174823336
2023-12-22,22.7732,22.7732,22.7732,0.03156889937489761,0.12580782590907386
2023-12-26,22.8413,22.8413,22.8413,0.02931397799097635,0.12168583834414008
2023-12-27,22.874,22.874,22.874,0.027220122420192325,0.11532970703384425
2023-12-28,22.8864,22.8864,22.8864,0.025275827961607156,0.10797758510285534
2024-01-02,22.4984,22.4984,22.4984,0.0511846973929208,0.12797918616693696
2024-01-03,22.1922,22.1922,22.1922,0.06940007615056935,0.14070924429787007
2024-01-04,22.2264,22.2264,22.2264,0.06444292785410012,0.13310144113373662
2024-01-05,22.2257,22.2257,22.2257,0.059889861578807393,0.12364419533846985
2024-01-08,22.5597,22.5597,22.5597,0.05561201432317829,0.13866960995715055
2024-01-09,22.5414,22.5414,22.5414,0.05294687044295127,0.13007178067449693
2024-01-10,22.5454,22.5454,22.5454,0.049164951125597614,0.12106665348346152
2024-01-11,22.4972,22.4972,22.4972,0.04909602604519788,0.11586189252035721
2024-01-12,22.7846,22.7846,22.7846,0.04558916704196946,0.12811461448318898
2024-01-16,22.6526,22.6526,22.6526,0.05176136939611461,0.12839214202010416
2024-01-17,22.3969,22.3969,22.3969,0.06632841443924935,0.13748556044723964
2024-01-18,22.7521,22.7521,22.7521,0.06159067055073154,0.1530365918438654
2024-01-19,22.9155,22.9155,22.9155,0.057191336939965,0.1537768352835895
2024-01-22,23.2543,23.2543,23.2543,0.05310624144425321,0.16699277562047593
2024-01-23,23.3233,23.3233,23.3233,0.0493129384839494,0.15999329164758475
2024-01-24,23.6123,23.6123,23.6123,0.04579058573509587,0.1692080565299002
2024-01-25,23.6072,23.6072,23.6072,0.04288411532544633,0.15748605249205033
2024-01-26,23.5405,23.5405,23.5405,0.044585249945057116,0.1510013344569037
2024-01-29,23.4308,23.4308,23.4308,0.04923630352041019,0.14805123913855342
2024-01-30,23.3786,23.3786,23.3786,0.04944799612609537,0.14120472205722837
2024-01-31,23.1647,23.1647,23.1647,0.0611945678313742,0.1463972419102834
2024-02-01,23.0965,23.0965,23.0965,0.06169495584341896,0.1408117246309775
2024-02-02,23.179,23.179,23.179,0.05728817328317475,0.1366466014430505
2024-02-05,23.279,23.279,23.279,0.053196160905805125,0.13402898705426128
2024-02-06,23.4171,23.4171,23.4171,0.049396435126819044,0.13431977369324272
2024-02-07,23.5118,23.5118,23.5118,0.04586811833204626,0.13148978985801107
2024-02-08,23.7732,23.7732,23.7732,0.042591824165471526,0.14076909058243872
2024-02-09,23.9424,23.9424,23.9424,0.039549551010794985,0.14279986982655024
2024-02-12,24.113,24.113,24.113,0.03672458308145249,0.14478559341036812
2024-02-13,23.6009,23.6009,23.6009,0.07067997000420591,0.17102233673819903
2024-02-14,23.8233,23.8233,23.8233,0.0656314007181912,0.1746921698283277
2024-02-15,24.0424,24.0424,24.0424,0.06094344352403468,0.17786415769773292
2024-02-16,24.0681,24.0681,24.0681,0.05659034041517505,0.16699528929075202
2024-02-20,23.8208,23.8208,23.8208,0.07021245895694846,0.17273134005569848
2024-02-21,23.7238,23.7238,23.7238,0.0721258547457377,0.16732195862314844
2024-02-22,24.0978,24.0978,24.0978,0.06697400797818501,0.18208467586435206
2024-02-23,24.2599,24.2599,24.2599,0.0621901502654575,0.18065719901689828
2024-02-27,24.1878,24.1878,24.1878,0.06289799667506761,0.17290311337283404
2024-02-28,24.1317,24.1317,24.1317,0.0624124254839914,0.16456003384620307
2024-02-29,24.1193,24.1193,24.1193,0.058840109377991986,0.15369146000004566
2024-03-01,24.3698,24.3698,24.3698,0.054637244422421134,0.1606063557143283
2024-03-04,24.3971,24.3971,24.3971,0.050734584106533906,0.15108447316330462
2024-03-05,24.0703,24.0703,24.0703,0.07045354238463854,0.16363558222306848
2024-03-06,24.2991,24.2991,24.2991,0.0654211465000215,0.16829018349284927
2024-03-07,24.3383,24.3383,24.3383,0.06074820746430567,0.15906945610050294
2024-03-08,24.2842,24.2842,24.2842,0.060273335502569685,0.15157163780761
2024-03-11,24.2083,24.2083,24.2083,0.06138952582381451,0.14616652082135193
2024-03-12,24.4738,24.4738,24.4738,0.05700455969354204,0.1546903407626839
2024-03-13,24.5241,24.5241,24.5241,0.05293280542971761,0.14723388785106362
2024-03-14,24.3302,24.3302,24.3302,0.0630018907561663,0.15056718157598759
2024-03-15,24.1601,24.1601,24.1601,0.07065175570215453,0.15196238289198857
2024-03-18,24.3485,24.3485,24.3485,0.06560520172342921,0.1545650698282752
2024-03-19,24.3341,24.3341,24.3341,0.061947687314612976,0.14455327912625568
2024-03-20,24.4634,24.4634,24.4634,0.05752285250642633,0.14346375918866602
2024-03-21,24.8959,24.8959,24.8959,0.05341407732739587,0.16410920496090425
2024-03-22,24.8614,24.8614,24.8614,0.05206307180401055,0.15485140460655406
2024-03-25,24.7706,24.7706,24.7706,0.05482999524658108,0.15027630427751434
2024-03-26,24.7852,24.7852,24.7852,0.050913567014682436,0.14058513968626318
2024-03-27,24.8008,24.8008,24.8008,0.04727688365649083,0.1316576297086729
2024-03-28,24.9381,24.9381,24.9381,0.043899963395312915,0.1320606561580534
2024-04-01,24.8756,24.8756,24.8756,0.04522853743850485,0.12709203786104958
2024-04-02,24.841,24.841,24.841,0.044469356192897186,0.12048546372811729
2024-04-03,25.0499,25.0499,25.0499,0.04129297360769024,0.12680078774753747
2024-04-04,25.2204,25.2204,25.2204,0.038343475492855224,0.12992216005128485
2024-04-05,24.8825,24.8825,24.8825,0.05974037010050852,0.14477772004762174
2024-04-09,24.9341,24.9341,24.9341,0.05547320080761505,0.1381221686156488
2024-04-10,24.6902,24.6902,24.6902,0.06893225789278541,0.1456777280002453
2024-04-11,24.8301,24.8301,24.8301,0.06400852518615788,0.14526503314308498
2024-04-17,23.9862,23.9862,23.9862,0.11971505910143244,0.19516753077572188
2024-04-18,24.0151,24.0151,24.0151,0.11116398345133012,0.18329127857745603
2024-04-19,23.6597,23.6597,23.6597,0.1286094132048065,0.1955847586790663
2024-04-22,23.7437,23.7437,23.7437,0.11942302654732033,0.1876144187734187
2024-04-23,24.164,24.164,24.164,0.11089281036536887,0.2042348174324603
2024-04-24,24.2995,24.2995,24.2995,0.10297189533927108,0.19932518761585577
2024-04-25,23.9973,23.9973,23.9973,0.1172024742436088,0.20667338850043743
2024-04-26,24.44,24.44,24.44,0.10883086894049389,0.22353243217897778
2024-04-29,24.4886,24.4886,24.4886,0.10105723544474432,0.21103725845190796
2024-04-30,24.3455,24.3455,24.3455,0.10406029005583405,0.20618459713391457
2024-05-02,24.3068,24.3068,24.3068,0.09939169790898891,0.1942214116243494
2024-05-03,24.667,24.667,24.667,0.0922922909154897,0.20607702507975317
2024-05-07,24.9607,24.9607,24.9607,0.08569998442152614,0.21233580900262777
2024-05-08,24.9967,24.9967,24.9967,0.0795785569628457,0.19974039407386876
2024-05-09,25.0333,25.0333,25.0333,0.07389437432264244,0.18808750878287814
2024-05-10,25.0044,25.0044,25.0044,0.07068049044245371,0.17671697244124399
2024-05-13,25.2027,25.2027,25.2027,0.06563188398227844,0.1782586172668694
2024-05-14,25.2531,25.2531,25.2531,0.06094389226925855,0.16912585889066442
2024-05-15,25.5164,25.5164,25.5164,0.056590757107168654,0.17585258325561703
2024-05-16,25.5216,25.5216,25.5216,0.05254856017094232,0.16366311302307285
2024-05-17,25.4574,25.4574,25.4574,0.053380805873017835,0.15655860494999618
2024-05-20,25.446,25.446,25.446,0.05038217688208787,0.14619013316785348
2024-05-21,25.4478,25.4478,25.4478,0.046783449961938735,0.13587655222729247
2024-05-23,25.5432,25.5432,25.5432,0.0434417749646574,0.13298536992534285
2024-05-24,25.5137,25.5137,25.5137,0.042445933895753206,0.12559355778781828
2024-05-28,25.5593,25.5593,25.5593,0.03941408147462798,0.11987973223154556
2024-05-29,25.2156,25.2156,25.2156,0.06114878994072612,0.13586689421500675
2024-05-30,25.0721,25.0721,25.0721,0.06703101923067423,0.13641211605679196
2024-05-31,24.8326,24.8326,24.8326,0.07935023214276891,0.14377553633844967
2024-06-04,25.0037,25.0037,25.0037,0.07368235841828542,0.14572728374284605
2024-06-05,25.359,25.359,25.359,0.06841933281697932,0.16069676347550013
2024-06-06,25.4628,25.4628,25.4628,0.06353223761576651,0.1566327089415358
2024-06-07,25.4203,25.4203,25.4203,0.06202993492892608,0.14848037258856897
2024-06-10,25.5092,25.5092,25.5092,0.05759922529114564,0.1442246316893854
2024-06-11,25.3729,25.3729,25.3729,0.06322070919892085,0.14365858656871489
2024-06-12,25.9179,25.9179,25.9179,0.058704944256140784,0.17232583038523513
2024-06-13,25.59,25.59,25.59,0.07793316252355928,0.18343827107200406
2024-06-14,25.5725,25.5725,25.5725,0.07361650805759064,0.17158553742400365
2024-06-17,25.6094,25.6094,25.6094,0.06835818605347702,0.1619651418937176
2024-06-18,25.8088,25.8088,25.8088,0.06347545847822865,0.16463906032988068
2024-06-20,25.8737,25.8737,25.8737,0.05894149715835517,0.15751484173488906
2024-06-21,25.7761,25.7761,25.7761,0.06170281878990123,0.153235210182397
2024-06-24,25.9143,25.9143,25.9143,0.05729547459062257,0.15216126659794016
2024-06-25,25.7939,25.7939,25.7939,0.06180294069129239,0.1498926046980873
2024-06-26,25.9235,25.9235,25.9235,0.057388444927628644,0.1484431329339382
2024-06-27,26.0638,26.0638,26.0638,0.053289270289940883,0.14786148058151405
2024-06-28,26.1397,26.1397,26.1397,0.04948289384065939,0.14272137482569167
2024-07-01,26.0162,26.0162,26.0162,0.054769829994898,0.1413484194809994
2024-07-02,26.2037,26.2037,26.2037,0.05085769928097671,0.1446449609466423
2024-07-03,26.4851,26.4851,26.4851,0.04722500647519266,0.154413178021882
2024-07-05,26.5999,26.5999,26.5999,0.043851791726964615,0.15158366530603345
2024-07-08,26.6029,26.6029,26.6029,0.04071952088932428,0.1409705463556025
2024-07-09,26.4286,26.4286,26.4286,0.05026098368294415,0.1433512216159168
2024-07-10,26.5579,26.5579,26.5579,0.04667091341987671,0.14234756292906564
2024-07-11,26.6998,26.6998,26.6998,0.04333727674702837,0.14231559414841807
2024-07-12,26.8896,26.8896,26.8896,0.04024175697938349,0.1457073374235312
2024-07-15,26.9451,26.9451,26.9451,0.03736734576657038,0.13926395617899315
2024-07-16,26.9772,26.9772,26.9772,0.03469824964038678,0.13160938788049362
2024-07-17,26.6033,26.6033,26.6033,0.058926946094644814,0.148915860174744
2024-07-18,26.338,26.338,26.338,0.07366787851645588,0.15722901301940514
2024-07-19,26.1762,26.1762,26.1762,0.07996303005099471,0.1575555120894476
2024-07-23,26.3917,26.3917,26.3917,0.07425138504735222,0.16169440408305838
2024-07-24,25.8074,25.8074,25.8074,0.11068342897254128,0.19188051807712558
2024-07-25,25.6217,25.6217,25.6217,0.11604175547450267,0.19143905250018808
2024-07-26,25.7325,25.7325,25.7325,0.10775305865489533,0.18567912017874616
2024-07-30,25.6254,25.6254,25.6254,0.10770641160811728,0.1800663258802645
2024-07-31,25.9372,25.9372,25.9372,0.10001309649325177,0.18947587403167432
2024-08-01,25.4873,25.4873,25.4873,0.1250050181723052,0.20807759731512612
2024-08-02,24.5461,24.5461,24.5461,0.18330465973142643,0.2604434832211887
2024-08-05,23.9527,23.9527,23.9527,0.21259718403632447,0.2842260915625323
2024-08-06,24.1995,24.1995,24.1995,0.19741167089087272,0.28155279930806576
2024-08-07,24.6099,24.6099,24.6099,0.1833108372558104,0.290756170786061
2024-08-08,24.4816,24.4816,24.4816,0.1793814917375382,0.27915215858705655
2024-08-09,24.491,24.491,24.491,0.16656852804199976,0.2598841472594096
2024-08-13,24.8703,24.8703,24.8703,0.15467077603899979,0.2684138510265947
2024-08-14,24.9113,24.9113,24.9113,0.1436228634647855,0.2521700045246951
2024-08-15,25.3578,25.3578,25.3578,0.13336408750301512,0.26605071848721695
2024-08-16,25.485,25.485,25.485,0.12383808125279974,0.2561328100238442
2024-08-19,25.4243,25.4243,25.4243,0.11932821830617124,0.24217332359356966
2024-08-20,25.3452,25.3452,25.3452,0.11645477414144474,0.23052522905117187
2024-08-21,25.483,25.483,25.483,0.1081365759884844,0.22390199840465974
2024-08-22,25.4503,25.4503,25.4503,0.10274824913216422,0.21024471280432705
2024-08-23,25.634,25.634,25.634,0.09540908847986677,0.2083486618897324
2024-08-26,25.476,25.476,25.476,0.0998798678741621,0.20475232889760872
2024-08-27,25.543,25.543,25.543,0.09274559159743623,0.19491287683349384
2024-08-28,25.3442,25.3442,25.3442,0.10032090648333354,0.19519052848824417
2024-08-29,25.6244,25.6244,25.6244,0.09315512744880972,0.2012626335962268
2024-08-30,25.399,25.399,25.399,0.10260118977389478,0.20298673119649632
2024-09-03,25.1582,25.1582,25.1582,0.11247253336147373,0.20568767896817516
2024-09-04,24.9651,24.9651,24.9651,0.11823163812136854,0.20478855904187704
2024-09-05,24.6546,24.6546,24.6546,0.13196509254127087,0.21233937625317162
2024-09-06,24.2402,24.2402,24.2402,0.15213901450260847,0.22677227794937346
2024-09-09,24.5264,24.5264,24.5264,0.14127194203813642,0.23101711523870375
2024-09-10,24.3512,24.3512,24.3512,0.14369537474969812,0.22703017843593923
2024-09-11,24.3266,24.3266,24.3266,0.1351885622675768,0.21257087997622925
2024-09-12,24.7496,24.7496,24.7496,0.12553223639132133,0.22760153140649875
2024-09-13,24.881,24.881,24.881,0.11656564807765551,0.22072999344889163
2024-09-16,24.6672,24.6672,24.6672,0.12351095892925149,0.22023499391682788
2024-09-17,24.898,24.898,24.898,0.11468874757716209,0.22098963720848291
2024-09-18,24.688,24.688,24.688,0.12149669417879343,0.22020466312216275
2024-09-19,25.182,25.182,25.182,0.11281835888030818,0.23976147289915112
2024-09-20,25.0064,25.0064,25.0064,0.11730276181742898,0.2351785105492117
2024-09-23,25.0945,25.0945,25.0945,0.10892399311618406,0.22467290265283948
2024-09-24,25.2242,25.2242,25.2242,0.10114370789359947,0.21788912389192236
2024-09-25,25.1199,25.1199,25.1199,0.10136915732977084,0.20977561504249922
2024-09-26,25.3885,25.3885,25.3885,0.0941285032347872,0.2139773568251778
2024-09-27,25.4019,25.4019,25.4019,0.08740503871801669,0.19965040276623658
2024-09-30,25.0985,25.0985,25.0985,0.10283325023815836,0.20706108828293396
2024-10-01,25.0918,25.0918,25.0918,0.09596658950686149,0.19274958197701025
2024-10-02,25.3459,25.3459,25.3459,0.08911183311351423,0.19713175469293817
2024-10-03,25.4585,25.4585,25.4585,0.08274670217683464,0.1910937722148712
2024-10-04,25.6112,25.6112,25.6112,0.07683622344991786,0.1883513599138089
2024-10-07,25.706,25.706,25.706,0.07134792177492373,0.18166911991996537
2024-10-08,25.6561,25.6561,25.6561,0.06981592736242925,0.1722570399256822
2024-10-09,25.7859,25.7859,25.7859,0.06482907540797002,0.1692243942167051
2024-10-10,25.7507,25.7507,25.7507,0.06271271287882954,0.15965122320122638
2024-10-11,25.8111,25.8111,25.8111,0.05823323338748457,0.1525618501154246
2024-10-15,25.8121,25.8121,25.8121,0.05407371671694995,0.14173600367860864
2024-10-16,25.706,25.706,25.706,0.057789879808596484,0.1391905748444224
2024-10-17,25.8325,25.8325,25.8325,0.05366203125083959,0.13828410521267795
2024-10-18,25.8951,25.8951,25.8951,0.04982902901863676,0.13287809769748665
2024-10-21,25.8674,25.8674,25.8674,0.048248384088734095,0.12536537643338042
2024-10-22,25.8626,25.8626,25.8626,0.0451449280823959,0.11675356383099605
2024-10-24,25.7842,25.7842,25.7842,0.047520290362224916,0.11401402355735361
2024-10-25,26.0447,26.0447,26.0447,0.044125983907780275,0.12447730758897124
2024-10-28,26.0942,26.0942,26.0942,0.04097412791436739,0.11912178561833058
2024-10-29,26.1784,26.1784,26.1784,0.03804740449191258,0.11662737235987833
2024-10-30,25.9968,25.9968,25.9968,0.048301161313918796,0.1212682743341727
2024-10-31,25.5107,25.5107,25.5107,0.0795725069343532,0.14732768331030327
2024-11-01,25.7674,25.7674,25.7674,0.07388875643904225,0.15513999164528153
2024-11-04,25.6099,25.6099,25.6099,0.07986098812196772,0.1553085636706185
2024-11-05,25.8039,25.8039,25.8039,0.07415663182754145,0.1580722376941457
2024-11-06,26.2585,26.2585,26.2585,0.06885972955414563,0.17925279214456408
2024-11-07,26.7182,26.7182,26.7182,0.06394117744313522,0.19928473556280935
2024-11-08,26.4298,26.4298,26.4298,0.07997395048291124,0.2056501115940372
2024-11-12,26.3792,26.3792,26.3792,0.07787581116270324,0.19457510362303448
2024-11-13,26.3815,26.3815,26.3815,0.07231325322251016,0.18084116764996044
2024-11-14,26.509,26.509,26.509,0.06714802084947372,0.17703108424639194
2024-11-15,26.0108,26.0108,26.0108,0.09793744793165422,0.19997172108593542
2024-11-18,26.1537,26.1537,26.1537,0.09094191593653607,0.19589516957979722
2024-11-19,25.9993,25.9993,25.9993,0.09547463622678341,0.1929312288955259
2024-11-20,26.02,26.02,26.02,0.08865501935344174,0.18062899826013104
2024-11-21,26.1015,26.1015,26.1015,0.08232251797105304,0.1735483555272647
2024-11-22,26.236,26.236,26.236,0.07644233811597782,0.17075918727531714
2024-11-25,26.4793,26.4793,26.4793,0.07098217110769368,0.1759406738985086
2024-11-26,26.5265,26.5265,26.5265,0.0659120160285727,0.16674491147718656
2024-11-27,26.2935,26.2935,26.2935,0.0778468720265316,0.17147741780024445
2024-11-29,26.3597,26.3597,26.3597,0.07228638116749363,0.163957602243084
2024-12-02,26.6671,26.6671,26.6671,0.06712306822695836,0.1742034877971495
2024-12-03,26.6104,26.6104,26.6104,0.0663785633536044,0.16581038152592473
2024-12-04,26.833,26.833,26.833,0.06163723739977551,0.16986678284550152
2024-12-06,26.7861,26.7861,26.7861,0.06058457758550563,0.1610834412136798
2024-12-09,26.9552,26.9552,26.9552,0.056257107757969514,0.16165605255555984
2024-12-11,26.8437,26.8437,26.8437,0.06020302863240048,0.15807347737302008
2024-12-12,26.845,26.845,26.845,0.05590281230151473,0.1468753718463758
2024-12-13,26.7916,26.7916,26.7916,0.055724039994263674,0.14019855957163466
2024-12-16,26.8073,26.8073,26.8073,0.05174375142324484,0.13130580531651806
2024-12-17,26.905,26.905,26.905,0.04804776917872735,0.12890539065105247
2024-12-18,26.9216,26.9216,26.9216,0.04461578566596111,0.12088357703312018
2024-12-19,26.4037,26.4037,26.4037,0.0784218009755354,0.14924189295932597
2024-12-20,26.5311,26.5311,26.5311,0.07282024376299716,0.14768175774794542
2024-12-23,26.3147,26.3147,26.3147,0.0830759406370688,0.1525902036230922
2024-12-24,26.4968,26.4968,26.4968,0.07714194487727818,0.1546980462214429
2024-12-26,26.5995,26.5995,26.5995,0.0716318059574726,0.1509839000627683
2024-12-27,26.2037,26.2037,26.2037,0.0947866769605101,0.16847076434399896
2024-12-30,26.0276,26.0276,26.0276,0.10059477146333093,0.16901570974799915

