Date,Close,High,Low,dm_plus,ATR
2019-08-22,10.7253,10.7253,10.7253,0.051706480932637036,0.10915540689134406
2019-08-23,10.5041,10.5041,10.5041,0.04801315951556413,0.11715859503974159
2019-08-26,10.5059,10.5059,10.5059,0.04471221842939699,0.1089186925963486
2019-08-27,10.5157,10.5157,10.5157,0.042218487755363986,0.10183878375018272
2019-08-28,10.5156,10.5156,10.5156,0.03920288060427956,0.09457172564053505
2019-08-29,10.71,10.71,10.71,0.05028839214610881,0.10170231860464175
2019-08-30,10.7261,10.7261,10.7261,0.04784636351923267,0.09558786573227118
2019-09-03,10.6497,10.6497,10.6497,0.04442876532392114,0.0942173035729939
2019-09-04,10.8324,10.8324,10.8324,0.05430528423618133,0.10053749755055078
2019-09-05,11.0853,11.0853,11.0853,0.06849062394344028,0.11142053563935816
2019-09-06,11.1414,11.1414,11.1414,0.06760557920995298,0.10746906806639278
2019-09-09,11.2309,11.2309,11.2309,0.06916946668177683,0.10618556298083426
2019-09-10,11.1792,11.1792,11.1792,0.06422878969072171,0.10229373642385702
2019-09-11,11.3348,11.3348,11.3348,0.07075530569349574,0.1061013272514293
2019-09-12,11.3786,11.3786,11.3786,0.06882992644674399,0.1016512318268414
2019-09-13,11.4006,11.4006,11.4006,0.06548493126716362,0.09596185738779725
2019-09-16,11.2955,11.2955,11.2955,0.06080743561391364,0.09661458193862518
2019-09-17,11.2963,11.2963,11.2963,0.056521189734085264,0.0897706824641626
2019-09-18,11.2986,11.2986,11.2986,0.05264824720846382,0.08352277592574107
2019-09-19,11.3647,11.3647,11.3647,0.053609086786126324,0.08227829181117026
2019-09-20,11.3115,11.3115,11.3115,0.04977986595889972,0.08020127078173674
2019-09-23,11.2028,11.2028,11.2028,0.046224160952228026,0.08223689446639725
2019-09-24,11.147,11.147,11.147,0.042922434915286384,0.080348544716019
2019-09-25,11.1271,11.1271,11.1271,0.039856546487489916,0.07603079121280434
2019-09-26,11.2106,11.2106,11.2106,0.04297393623140124,0.07656430616165365
2019-09-27,11.2179,11.2179,11.2179,0.04042579777181299,0.07161685541603474
2019-09-30,11.2056,11.2056,11.2056,0.0375382406225439,0.06737993692909375
2019-10-01,11.1824,11.1824,11.1824,0.03485693757817332,0.06422422698042518
2019-10-02,10.9458,10.9458,10.9458,0.03236715619949517,0.07653678280483957
2019-10-03,10.9519,10.9519,10.9519,0.030490930670539568,0.071505583802091
2019-10-04,11.1142,11.1142,11.1142,0.03990586459542386,0.07799089952126281
2019-10-07,11.1558,11.1558,11.1558,0.04002687427196931,0.07539154945256483
2019-10-08,10.9633,10.9633,10.9633,0.03716781171888141,0.08375643908484846
2019-10-09,10.9951,10.9951,10.9951,0.03678439658301773,0.08004526473783478
2019-10-10,11.1082,11.1082,11.1082,0.04223551128556646,0.0824063173313906
2019-10-11,11.3322,11.3322,11.3322,0.05521868943297265,0.09252015210536578
2019-10-15,11.421,11.421,11.421,0.05761735453902399,0.09225442694772085
2019-10-16,11.3998,11.3998,11.3998,0.053501829110374446,0.08717911060838053
2019-10-17,11.3881,11.3881,11.3881,0.04968026979815755,0.08178774543788829
2019-10-18,11.2651,11.2651,11.2651,0.04613167902064634,0.08473147797101908
2019-10-21,11.3843,11.3843,11.3843,0.0513508449109239,0.08719351530882472
2019-10-22,11.3939,11.3939,11.3939,0.04836864164673907,0.08165112125363255
2019-10-24,11.4828,11.4828,11.4828,0.051263738722689016,0.08216889831601498
2019-10-25,11.5901,11.5901,11.5901,0.05526632887903555,0.0839639770369287
2019-10-28,11.6937,11.6937,11.6937,0.058718734011253174,0.08536655012690544
2019-10-29,11.5643,11.5643,11.5643,0.05452453866590684,0.08851179659052781
2019-10-30,11.5426,11.5426,11.5426,0.05062992871047486,0.08373952534333481
2019-10-31,11.516,11.516,11.516,0.04701350518741841,0.07965813062659362
2019-11-01,11.6376,11.6376,11.6376,0.052341112019575226,0.08265397847262348
2019-11-04,11.8134,11.8134,11.8134,0.061159604110135615,0.08930726579395895
2019-11-05,11.8876,11.8876,11.8876,0.0620910609684311,0.08822817536965591
2019-11-06,11.8495,11.8495,11.8495,0.057655985145094034,0.0846475913824859
2019-11-07,11.9712,11.9712,11.9712,0.06223055767292407,0.08729419202011951
2019-11-08,11.8903,11.8903,11.8903,0.057785517804682184,0.08683746401514146
2019-11-12,11.9058,11.9058,11.9058,0.05476512365403231,0.08174193083451975
2019-11-13,11.825,11.825,11.825,0.05085332908116604,0.08167465006017573
2019-11-14,11.7826,11.7826,11.7826,0.04722094840996389,0.07886931789560658
2019-11-15,11.9207,11.9207,11.9207,0.05371230927523954,0.08310008092744918
2019-11-18,11.9223,11.9223,11.9223,0.049990001449942555,0.07727864654433074
2019-11-19,11.8939,11.8939,11.8939,0.04641928704291468,0.07378731463095535
2019-11-20,11.8705,11.8705,11.8705,0.043103623667404875,0.07018822071213465
2019-11-21,11.7471,11.7471,11.7471,0.04002479339225364,0.07398906210612713
2019-11-22,11.7857,11.7857,11.7857,0.03992302243525917,0.07146127194563089
2019-11-25,11.9283,11.9283,11.9283,0.047257092288411365,0.07654260968257556
2019-11-26,11.9483,11.9483,11.9483,0.04531015711827333,0.07250385183424864
2019-11-27,12.0162,12.0162,12.0162,0.04692371732925172,0.07217500527361174
2019-11-29,11.9932,11.9932,11.9932,0.04357202322438947,0.06866250488653375
2019-12-02,11.8524,11.8524,11.8524,0.04045973584266903,0.07381518312307914
2019-12-03,11.7295,11.7295,11.7295,0.03756975470367783,0.07732124148037411
2019-12-04,11.8398,11.8398,11.8398,0.04276477223714902,0.07967686709449856
2019-12-06,11.9539,11.9539,11.9539,0.047860145659988446,0.08213566230744249
2019-12-09,11.9061,11.9061,11.9061,0.044441563820150104,0.07968311499475904
2019-12-11,11.9322,11.9322,11.9322,0.04313145211622616,0.07585574963073194
2019-12-12,12.0451,12.0451,12.0451,0.048114919830986015,0.07850176751891078
2019-12-13,12.1499,12.1499,12.1499,0.05216385413539377,0.0803802126992032
2019-12-16,12.2971,12.2971,12.2971,0.05895215027888751,0.08515305465650737
2019-12-17,12.2888,12.2888,12.2888,0.054741282395886895,0.07966355074473107
2019-12-18,12.3157,12.3157,12.3157,0.05275261936500553,0.07589472568660158
2019-12-19,12.3521,12.3521,12.3521,0.051584575123227984,0.07307367384841466
2019-12-20,12.419,12.419,12.419,0.052678534044232415,0.07263269714445868
2019-12-23,12.4743,12.4743,12.4743,0.05286578161269774,0.07139464734712803
2019-12-24,12.4387,12.4387,12.4387,0.04908965435097224,0.06883788681984435
2019-12-26,12.4973,12.4973,12.4973,0.049768964755088116,0.06810660918919437
2019-12-27,12.5354,12.5354,12.5354,0.04893546727188226,0.06596327995959587
2019-12-30,12.4298,12.4298,12.4298,0.045440076749737955,0.0687944742504026
2020-01-02,12.5897,12.5897,12.5897,0.05361578555924476,0.0753020118086547
2020-01-03,12.5648,12.5648,12.5648,0.04978608658815375,0.07170186810561728
2020-01-06,12.5316,12.5316,12.5316,0.046229937543923745,0.06895173466778574
2020-01-07,12.6288,12.6288,12.6288,0.04987065629289591,0.07096946790697023
2020-01-08,12.7288,12.7288,12.7288,0.05345132370247271,0.0730430773433023
2020-01-09,12.8469,12.8469,12.8469,0.05806908629746029,0.07626142896324575
2020-01-10,12.8561,12.8561,12.8561,0.05457843727459374,0.07147132689222026
2020-01-13,12.948,12.948,12.948,0.05724426318469977,0.07293051782911888
2020-01-14,13.0016,13.0016,13.0016,0.05698395867140276,0.07154976655505803
2020-01-15,12.9682,12.9682,12.9682,0.052913675907647846,0.0688247832286846
2020-01-16,13.0535,13.0535,13.0535,0.05522698477218518,0.0700015844270416
2020-01-17,13.1055,13.1055,13.1055,0.054996485859812386,0.06871575696755536
2020-01-21,13.1163,13.1163,13.1163,0.0518395940117442,0.06457891718292838
2020-01-22,13.1796,13.1796,13.1796,0.05265819443970281,0.06448756595555112
2020-01-23,13.1632,13.1632,13.1632,0.04889689483590239,0.061052739814988176
2020-01-24,13.2207,13.2207,13.2207,0.049511402347770045,0.060798972685285814
2020-01-27,12.8875,12.8875,12.8875,0.04597487360786168,0.08025618892635328
2020-01-28,13.0275,13.0275,13.0275,0.052690954065821895,0.08452360400391852
2020-01-29,13.0432,13.0432,13.0432,0.05004874306061666,0.07960763228841576
2020-01-30,12.8365,12.8365,12.8365,0.04647383284136832,0.08868565855513608
2020-01-31,12.7529,12.7529,12.7529,0.04315427335215348,0.08832239722970942
2020-02-03,12.8119,12.8119,12.8119,0.04428611097002952,0.08622794028441041
2020-02-04,13.0869,13.0869,13.0869,0.06076567447450607,0.09971165883743514
2020-02-05,13.1835,13.1835,13.1835,0.0633252691552354,0.09948939749187484
2020-02-06,13.2855,13.2855,13.2855,0.06608774993019907,0.09966872624247715
2020-02-07,13.2974,13.2974,13.2974,0.06221719636331696,0.09339953151016012
2020-02-11,13.4542,13.4542,13.4542,0.06897311090950627,0.09792813640276879
2020-02-12,13.5432,13.5432,13.5432,0.07040360298753869,0.09729041237393722
2020-02-13,13.5448,13.5448,13.5448,0.06548905991655365,0.09045538291803494
2020-02-14,13.5489,13.5489,13.5489,0.06110412706500124,0.08428714128051198
2020-02-18,13.3676,13.3676,13.3676,0.056739546560016355,0.09121663118958974
2020-02-19,13.5605,13.5605,13.5605,0.06646529323500842,0.09847972896229028
2020-02-20,13.4396,13.4396,13.4396,0.061717772289329974,0.10008117689366335
2020-02-21,13.4082,13.4082,13.4082,0.05730935998267274,0.09517537854380823
2020-02-24,12.9183,12.9183,12.9183,0.05321583426938625,0.12336999436374989
2020-02-25,12.8217,12.8217,12.8217,0.04941470324993879,0.12145785190909295
2020-02-26,12.7517,12.7517,12.7517,0.04588508158905161,0.11778229105825888
2020-02-27,12.3676,12.3676,12.3676,0.042607575761109365,0.13680498455498466
2020-02-28,11.9448,11.9448,11.9448,0.03956417749232691,0.15723319994479884
2020-03-02,12.2436,12.2436,12.2436,0.05808102195790527,0.16734511423486267
2020-03-03,12.3472,12.3472,12.3472,0.061332377532462026,0.16279189178934533
2020-03-04,12.2368,12.2368,12.2368,0.05695149342284857,0.15904961380426236
2020-03-05,12.3551,12.3551,12.3551,0.06133352960707186,0.15613892710386418
2020-03-06,11.8895,11.8895,11.8895,0.05695256320643576,0.178243289454249
2020-03-09,11.3325,11.3325,11.3325,0.05288452297729171,0.20529734020826798
2020-03-10,11.2478,11.2478,11.2478,0.049107057050244936,0.19668324447888394
2020-03-11,11.133,11.133,11.133,0.04559941011800062,0.19083444130168087
2020-03-12,10.2671,10.2671,10.2671,0.0423423093952139,0.23905340978120396
2020-03-13,10.2397,10.2397,10.2397,0.03931785872406477,0.22393530908223452
2020-03-16,9.9794,9.9794,9.9794,0.03650944024372061,0.22653278700498178
2020-03-17,9.9615,9.9615,9.9615,0.033901623083408446,0.21163044507578938
2020-03-18,9.562,9.562,9.562,0.03148007857741068,0.22504969899916902
2020-03-19,9.7779,9.7779,9.7779,0.04465293010779785,0.224396149070647
2020-03-20,9.8799,9.8799,9.8799,0.04874914938587054,0.21565356699404756
2020-03-23,9.7372,9.7372,9.7372,0.045267067286833725,0.2104425979229752
2020-03-24,10.4503,10.4503,10.4503,0.09296941962407454,0.24634669807177526
2020-03-25,10.842,10.842,10.842,0.11430731822259836,0.2567290767810526
2020-03-26,11.0614,11.0614,11.0614,0.12181393834963515,0.2540627141538063
2020-03-27,10.804,10.804,10.804,0.11311294275314707,0.25430109171425114
2020-03-30,10.9684,10.9684,10.9684,0.11677630398509863,0.2478795851631746
2020-03-31,11.1467,11.1467,11.1467,0.12117085370048589,0.24290961479433415
2020-04-01,10.6648,10.6648,10.6648,0.11251579272181159,0.25998035659487323
2020-04-02,10.6776,10.6776,10.6776,0.10539323609877298,0.2423246168379675
2020-04-03,10.5228,10.5228,10.5228,0.09786514780595236,0.23607285849235593
2020-04-07,11.4809,11.4809,11.4809,0.15931049439162892,0.2876462257432271
2020-04-08,11.5291,11.5291,11.5291,0.15137403050646606,0.27054292390432505
2020-04-09,11.754,11.754,11.754,0.15662588547031847,0.26728271505399837
2020-04-13,11.4842,11.4842,11.4842,0.14543832222238212,0.2674625211215708
2020-04-14,11.9072,11.9072,11.9072,0.16526415634944774,0.2785723410415107
2020-04-15,11.6445,11.6445,11.6445,0.15345957375300723,0.27743860239568346
2020-04-16,11.8434,11.8434,11.8434,0.1567053184849484,0.27182870222454053
2020-04-17,11.9454,11.9454,11.9454,0.15279779573600874,0.2596980806370277
2020-04-20,12.0176,12.0176,12.0176,0.1470408103262738,0.2463053605914791
2020-04-21,11.4177,11.4177,11.4177,0.13653789530293456,0.27156212054931234
2020-04-22,11.6876,11.6876,11.6876,0.14606375992418213,0.2714433976529325
2020-04-23,11.8474,11.8474,11.8474,0.14704491992960048,0.26346886924912943
2020-04-24,11.793,11.793,11.793,0.13654171136317322,0.24853537858843872
2020-04-27,12.1251,12.1251,12.1251,0.15051016055155164,0.2545042801178503
2020-04-28,12.1615,12.1615,12.1615,0.1423594347978512,0.23892540296654052
2020-04-29,12.4993,12.4993,12.4993,0.15631947516946218,0.24598787418323081
2020-04-30,12.3692,12.3692,12.3692,0.14515379837162196,0.23771016888441268
2020-05-05,12.2405,12.2405,12.2405,0.13478566991648755,0.22992372824979773
2020-05-07,12.449,12.449,12.449,0.1400509792081757,0.22839346194623816
2020-05-08,12.5699,12.5699,12.5699,0.13868305212187537,0.22071535752149507
2020-05-11,12.545,12.545,12.545,0.12877711982744153,0.20672854626993972
2020-05-12,12.5921,12.5921,12.5921,0.12294303983975939,0.19532650725064316
2020-05-13,12.1258,12.1258,12.1258,0.1141613941369086,0.214681756732764
2020-05-14,11.9599,11.9599,11.9599,0.10600700884140578,0.2111973455375626
2020-05-15,12.073,12.073,12.073,0.10651365106702027,0.20419039228487218
2020-05-18,12.5377,12.5377,12.5377,0.13209839027654402,0.22279822140739963
2020-05-19,12.6327,12.6327,12.6327,0.1294485052567885,0.21366977702114848
2020-05-20,12.8255,12.8255,12.8255,0.1339736120241646,0.21217907866249375
2020-05-21,12.6565,12.6565,12.6565,0.12440406830814528,0.2090948587580275
2020-05-22,12.5902,12.5902,12.5902,0.11551806342898552,0.19889522598958947
2020-05-26,12.9031,12.9031,12.9031,0.12961677318406764,0.20703842413319584
2020-05-27,12.7774,12.7774,12.7774,0.12035843224234266,0.20122853669510676
2020-05-28,13.0103,13.0103,13.0103,0.1283971156536087,0.2034907840740291
2020-05-29,12.8189,12.8189,12.8189,0.11922589310691735,0.2026271566401695
2020-06-01,12.9801,12.9801,12.9801,0.12222404359928198,0.1996680740230131
2020-06-02,13.0272,13.0272,13.0272,0.11685804048504506,0.18877035444993562
2020-06-04,13.3895,13.3895,13.3895,0.13438960902183517,0.20116532913208846
2020-06-05,13.7158,13.7158,13.7158,0.14809749409170964,0.21010351990837148
2020-06-08,13.7023,13.7023,13.7023,0.13751910165658354,0.19606041134348254
2020-06-09,13.6649,13.6649,13.6649,0.12769630868110984,0.1847275248189441
2020-06-10,13.6581,13.6581,13.6581,0.11857514377531331,0.17201841590330114
2020-06-11,13.1725,13.1725,13.1725,0.11010549064850265,0.1944171004816435
2020-06-12,13.0736,13.0736,13.0736,0.10224081274503598,0.1875944504472384
2020-06-15,12.9432,12.9432,12.9432,0.09493789754896008,0.18350913255814902
2020-06-16,13.3816,13.3816,13.3816,0.11947090486689753,0.2017156230897143
2020-06-17,13.4726,13.4726,13.4726,0.11743726880497576,0.19380736429759002
2020-06-18,13.4022,13.4022,13.4022,0.10904889246176146,0.18499255256204597
2020-06-19,13.5014,13.5014,13.5014,0.10834540014306406,0.1788645130933272
2020-06-22,13.4321,13.4321,13.4321,0.10060644298998667,0.17103847644380243
2020-06-23,13.6676,13.6676,13.6676,0.11024169706213208,0.1756428709835316
2020-06-24,13.2903,13.2903,13.2903,0.10236729012912144,0.19004695162756727
2020-06-25,13.2706,13.2706,13.2706,0.09505534083418314,0.17787931222559644
2020-06-26,13.2739,13.2739,13.2739,0.08850138791745486,0.16540936135233783
2020-06-29,13.2855,13.2855,13.2855,0.08300843163763608,0.15442297839859814
2020-06-30,13.5075,13.5075,13.5075,0.09293640080637747,0.1592499085129845
2020-07-01,13.5272,13.5272,13.5272,0.0877052293202071,0.14928205790491314
2020-07-02,13.723,13.723,13.723,0.09542628436876452,0.15260476805456252
2020-07-07,14.0164,14.0164,14.0164,0.10956726405671122,0.16266157033638043
2020-07-08,13.9206,13.9206,13.9206,0.1017410309098026,0.15788574388378146
2020-07-09,13.9283,13.9283,13.9283,0.09502381441624473,0.1471581907492248
2020-07-10,14.1138,14.1138,14.1138,0.10148639910079911,0.14989689140999463
2020-07-13,14.3327,14.3327,14.3327,0.10987308487931413,0.15482568488070975
2020-07-14,14.0031,14.0031,14.0031,0.10202500738793406,0.16730956453208848
2020-07-15,14.1373,14.1373,14.1373,0.1043232211459389,0.16494459563693914
2020-07-16,14.1738,14.1738,14.1738,0.09947870534980016,0.15576998166287156
2020-07-17,14.3033,14.3033,14.3033,0.10162308353910028,0.1538935544012378
2020-07-20,14.4762,14.4762,14.4762,0.10671429185773623,0.15525115765829234
2020-07-21,14.5908,14.5908,14.5908,0.10727755672504077,0.15234750353984272
2020-07-22,14.5377,14.5377,14.5377,0.09961487410182328,0.14525839614413943
2020-07-23,14.609,14.609,14.609,0.09759238309455018,0.13997565356241504
2020-07-24,14.2687,14.2687,14.2687,0.09062149858779636,0.15428453545081441
2020-07-29,14.3711,14.3711,14.3711,0.09146282011723945,0.1505784972043275
2020-07-30,14.3577,14.3577,14.3577,0.08492976153743645,0.14078003311830387
2020-07-31,14.3269,14.3269,14.3269,0.07886334999904797,0.13292431646699618
2020-08-03,14.6312,14.6312,14.6312,0.09496596785625921,0.1451654367193539
2020-08-04,14.6286,14.6286,14.6286,0.08818268443795482,0.13498219123939975
2020-08-05,14.6827,14.6827,14.6827,0.08574820697810084,0.1292048918651568
2020-08-06,14.7002,14.7002,14.7002,0.08087333505109354,0.12122597101764543
2020-08-07,14.7029,14.7029,14.7029,0.0752895254045867,0.11275983023067053
2020-08-10,14.6684,14.6684,14.6684,0.06991170216140184,0.10716984235705107
2020-08-11,14.7235,14.7235,14.7235,0.06885372343558736,0.1034505679029759
2020-08-13,14.7772,14.7772,14.7772,0.06777131461875975,0.0998969559099062
2020-08-14,14.6866,14.6866,14.6866,0.06293050643170542,0.0992328876306272
2020-08-17,14.7775,14.7775,14.7775,0.06492832740086932,0.09863768137129664
2020-08-18,14.7637,14.7637,14.7637,0.0602905897293786,0.0925778469876325
2020-08-19,14.8455,14.8455,14.8455,0.061826976177280106,0.09180800077423013
2020-08-20,14.7296,14.7296,14.7296,0.05741076359318863,0.09352885786178514
2020-08-21,14.7639,14.7639,14.7639,0.0557599947651037,0.08929822515737187
2020-08-24,14.939,14.939,14.939,0.06428428085331069,0.09542692336041683
2020-08-25,14.9767,14.9767,14.9767,0.0623854036495027,0.09130357169181554
2020-08-26,15.2441,15.2441,15.2441,0.07702930338882406,0.10388188799954311
2020-08-27,15.2516,15.2516,15.2516,0.07206292457533661,0.09699746742814713
2020-08-28,15.2917,15.2917,15.2917,0.06977985853424117,0.09293336261185094
2020-08-31,15.2606,15.2606,15.2606,0.06479558292465248,0.08851669385386159
2020-09-01,15.3171,15.3171,15.3171,0.06420304128717728,0.08622978715001431
2020-09-02,15.4907,15.4907,15.4907,0.07201710976666469,0.09247051663929907
2020-09-03,15.133,15.133,15.133,0.06687303049761718,0.11141547973649217
2020-09-08,14.6394,14.6394,14.6394,0.06209638546207308,0.1387143740410285
2020-09-09,14.7555,14.7555,14.7555,0.06595378650049641,0.1370990616095264
2020-09-10,14.8011,14.8011,14.8011,0.06449994460760382,0.13056341435170307
2020-09-11,14.628,14.628,14.628,0.059892805707060674,0.13360174189801
2020-09-14,14.8163,14.8163,14.8163,0.06906474815655636,0.13750876033386641
2020-09-15,14.8899,14.8899,14.8899,0.06938869471680238,0.13294384888144742
2020-09-16,14.906,14.906,14.906,0.0655823593798879,0.1245978596756297
2020-09-17,14.6654,14.6654,14.6654,0.06089790513846733,0.1328837268416562
2020-09-18,14.5545,14.5545,14.5545,0.056548054771433945,0.13131346063868068
2020-09-21,14.3277,14.3277,14.3277,0.0525089080020458,0.13813392773591784
2020-09-22,14.4803,14.4803,14.4803,0.059658271716185374,0.1391672186119237
2020-09-23,14.5327,14.5327,14.5327,0.059139823736457875,0.13296956013964345
2020-09-24,14.4202,14.4202,14.4202,0.05491555061242517,0.13150744870109754
2020-09-25,14.3991,14.3991,14.3991,0.05099301128296622,0.12362120236530476
2020-09-28,14.794,14.794,14.794,0.0755577961913258,0.1429982593392116
2020-09-29,14.8021,14.8021,14.8021,0.07073938217765958,0.13336266938641067
2020-09-30,14.9289,14.9289,14.9289,0.07474371202211257,0.1328939072873814
2020-10-01,14.9658,14.9658,14.9658,0.07204058973481876,0.12603719962399695
2020-10-02,14.7438,14.7438,14.7438,0.06689483332518885,0.13289168536513998
2020-10-05,14.9037,14.9037,14.9037,0.07353805951624683,0.13482085069620145
2020-10-06,14.911,14.911,14.911,0.06880676955080055,0.12571221850361555
2020-10-07,15.007,15.007,15.007,0.0707491431543148,0.12358991718192873
2020-10-08,15.1751,15.1751,15.1751,0.07770277578614951,0.12676920881179102
2020-10-09,15.3937,15.3937,15.3937,0.08776686322999601,0.13332855103952027
2020-10-14,15.489,15.489,15.489,0.08830494442785343,0.1306122259652688
2020-10-15,15.3537,15.3537,15.3537,0.08199744839729248,0.13094706696774966
2020-10-16,15.488,15.488,15.488,0.08573334494034299,0.13118656218433894
2020-10-19,15.4471,15.4471,15.4471,0.07960953458746134,0.12473752202831465
2020-10-20,15.4105,15.4105,15.4105,0.07392313925978554,0.11844198474057788
2020-10-21,15.3901,15.3901,15.3901,0.06864291502694371,0.11143898583053663
2020-10-22,15.3465,15.3465,15.3465,0.0637398496678763,0.10659334398549827
2020-10-26,14.9863,14.9863,14.9863,0.05918700326302799,0.12470810512939132
2020-10-27,15.0519,15.0519,15.0519,0.05964507445852598,0.12048609762014907
2020-10-28,14.6218,14.6218,14.6218,0.0553847119972027,0.14260137636156697
2020-10-29,14.6707,14.6707,14.6707,0.05492151828311677,0.13590842090716931
2020-10-30,14.462,14.462,14.462,0.05099855269146557,0.1411078194138001
2020-11-02,14.5712,14.5712,14.5712,0.05515579892778942,0.13882868945567148
2020-11-03,14.8399,14.8399,14.8399,0.0704089561472331,0.1481052116374093
2020-11-04,15.2319,15.2319,15.2319,0.09337974499385927,0.16552626794902287
2020-11-05,15.425,15.425,15.425,0.10050262035144084,0.16749582023837847
2020-11-06,15.3792,15.3792,15.3792,0.09332386175490934,0.15880326164992287
2020-11-09,15.8965,15.8965,15.8965,0.1236078716295586,0.18441017153207115
2020-11-10,15.5562,15.5562,15.5562,0.11477873794173298,0.19554515927978028
2020-11-12,15.5806,15.5806,15.5806,0.10832311380303776,0.18332050504551026
2020-11-13,15.6317,15.6317,15.6317,0.1042357485313922,0.17387618325654522
2020-11-16,15.9366,15.9366,15.9366,0.11856890935057848,0.18323502730964913
2020-11-17,15.8775,15.8775,15.8775,0.11009970153982288,0.17436823964467424
2020-11-18,15.9635,15.9635,15.9635,0.1083782942869784,0.16805622252719754
2020-11-19,15.8706,15.8706,15.8706,0.10063698755219423,0.16268792091811202
2020-11-20,15.9151,15.9151,15.9151,0.09662720272703758,0.15424592656681838
2020-11-23,15.9586,15.9586,15.9586,0.09283240253224917,0.14633550324061706
2020-11-24,16.2883,16.2883,16.2883,0.10975151663708844,0.15943296729485862
2020-11-25,16.1969,16.1969,16.1969,0.10191212259158212,0.15457346963094015
2020-11-27,16.4064,16.4064,16.4064,0.10959697097789783,0.15849679322873028
2020-11-30,16.2651,16.2651,16.2651,0.10176861590804799,0.15726845085524963
2020-12-01,16.5682,16.5682,16.5682,0.11614942905747318,0.1676849900798747
2020-12-02,16.6161,16.6161,16.6161,0.11127446983908212,0.15912891935988352
2020-12-03,16.7809,16.7809,16.7809,0.11509772199343338,0.15953399654846323
2020-12-04,16.9102,16.9102,16.9102,0.1161121704224739,0.1573744253664302
2020-12-08,16.9272,16.9272,16.9272,0.10903272967801143,0.14734768069739945
2020-12-09,16.9927,16.9927,16.9927,0.10592324898672491,0.14150141779044234
2020-12-14,16.8828,16.8828,16.8828,0.09835730263053027,0.1392441736625536
2020-12-15,16.8682,16.8682,16.8682,0.09133178101406382,0.13034101840094248
2020-12-16,17.0113,17.0113,17.0113,0.09502951094163047,0.13125237422944636
2020-12-17,17.0022,17.0022,17.0022,0.088241688731514,0.12252720464162876
2020-12-18,16.9828,16.9828,16.9828,0.08193871096497729,0.1151609757386551
2020-12-21,16.8625,16.8625,16.8625,0.07608594589605035,0.11552804890017976
2020-12-22,17.0369,17.0369,17.0369,0.08310837833204665,0.11973318826445253
2020-12-23,17.1458,17.1458,17.1458,0.08495063702261489,0.11895938910270608
2020-12-24,17.0767,17.0767,17.0767,0.0788827343781424,0.11539800416679867
2020-12-28,17.2552,17.2552,17.2552,0.0859982533511322,0.11990528958345589
2020-12-29,17.1719,17.1719,17.1719,0.07985552096890847,0.11729062604178031
2020-12-30,17.2752,17.2752,17.2752,0.0815301266139865,0.11629129561022462
2021-01-04,17.117,17.117,17.117,0.07570654614155889,0.11928477449520863
2021-01-05,17.2966,17.2966,17.2966,0.08312750713144758,0.12359300488840806
2021-01-06,17.4487,17.4487,17.4487,0.08805411376491541,0.12562921882495015
2021-01-07,17.603,17.603,17.603,0.09278596278170737,0.12767713176602533
2021-01-08,17.843,17.843,17.843,0.10330125115444246,0.1357001937827377
2021-01-11,17.8063,17.8063,17.8063,0.09592259035769655,0.128628751369685
2021-01-12,17.7378,17.7378,17.7378,0.08907097676071823,0.12433384055756465
2021-01-13,17.7578,17.7578,17.7578,0.08413733556352405,0.11688142337488143
2021-01-14,17.9455,17.9455,17.9455,0.09153466873755801,0.12193989313381845
2021-01-15,17.7593,17.7593,17.7593,0.08499647811344672,0.1265299007671171
2021-01-19,17.8215,17.8215,17.8215,0.08336815824820057,0.12193490785518021
2021-01-20,18.1067,18.1067,18.1067,0.09778471837332908,0.13359670015123876
2021-01-21,18.2208,18.2208,18.2208,0.09895009563237704,0.1322040787118646
2021-01-22,18.1314,18.1314,18.1314,0.09188223165863582,0.12914664451816008
2021-01-25,18.086,18.086,18.086,0.0853192151115904,0.12316474133829156
2021-01-26,18.109,18.109,18.109,0.08086784260361989,0.11601011695698525
2021-01-27,17.9065,17.9065,17.9065,0.07509156813193275,0.12218796574577206
2021-01-28,17.9951,17.9951,17.9951,0.07605645612250897,0.11978882533535974
2021-01-29,17.693,17.693,17.693,0.07062385211375832,0.13281105209711971
2021-02-01,17.8788,17.8788,17.8788,0.07885071981991823,0.13659597694732523
2021-02-02,18.2082,18.2082,18.2082,0.0967470969756386,0.15036769287965937
2021-02-03,18.2596,18.2596,18.2596,0.09350801862023567,0.1432985719596835
2021-02-04,18.3312,18.3312,18.3312,0.0919431601473617,0.13817724539113468
2021-02-05,18.4601,18.4601,18.4601,0.09458293442255027,0.13751458500605374
2021-02-08,18.5941,18.5941,18.5941,0.09739843910665384,0.13726354321990708
2021-02-09,18.6509,18.6509,18.6509,0.09449855059903564,0.13151614727562794
2021-02-10,18.5451,18.5451,18.5451,0.08774865412767595,0.12967927961308298
2021-02-11,18.7451,18.7451,18.7451,0.09576660740427047,0.13470218821214844
2021-02-16,18.8746,18.8746,18.8746,0.0981761354468226,0.13433060333985214
2021-02-17,18.7212,18.7212,18.7212,0.09116355434347813,0.13569270310129136
2021-02-18,18.635,18.635,18.635,0.08465187189037256,0.13215751002262754
2021-02-19,18.8903,18.8903,18.8903,0.09684102389820298,0.1409534021638683
2021-02-22,18.716,18.716,18.716,0.08992380790547419,0.14333530200930622
2021-02-23,18.4494,18.4494,18.4494,0.08350067876936888,0.15213992329435583
2021-02-24,18.7087,18.7087,18.7087,0.09605777314298536,0.1597942144876161
2021-02-25,18.6359,18.6359,18.6359,0.08919650363277211,0.15358034202421503
2021-03-01,18.7948,18.7948,18.7948,0.09417532480185975,0.1539603175939139
2021-03-02,18.6751,18.6751,18.6751,0.0874485158874412,0.15151315205149135
2021-03-03,18.6069,18.6069,18.6069,0.08120219332405254,0.14556221261924204
2021-03-04,18.3663,18.3663,18.3663,0.07540203665804879,0.15235062600358193
2021-03-05,18.0803,18.0803,18.0803,0.07001617689675958,0.1618970098604688
2021-03-08,18.4218,18.4218,18.4218,0.08940787854699105,0.1747257948704353
2021-03-09,18.6142,18.6142,18.6142,0.09676445865077736,0.1759882380939756
2021-03-10,18.635,18.635,18.635,0.09133842589000764,0.164903363944406
2021-03-11,18.9028,18.9028,18.9028,0.10394282404072122,0.17225312366266254
2021-03-12,18.7853,18.7853,18.7853,0.09651833660924113,0.16834218625818662
2021-03-15,18.9326,18.9326,18.9326,0.10014559828000971,0.16683917295403053
2021-03-16,19.2316,19.2316,19.2316,0.11434948411715185,0.17627923202874263
2021-03-17,19.0539,19.0539,19.0539,0.10618166382306957,0.17638071545526113
2021-03-18,19.0444,19.0444,19.0444,0.09859725926427887,0.16446066435131385
2021-03-19,18.9087,18.9087,18.9087,0.09155459788825894,0.16240633118336284
2021-03-22,19.1254,19.1254,19.1254,0.10049355518195469,0.16628445038455117
2021-03-23,18.9704,18.9704,18.9704,0.09331544409752934,0.1654784182142259
2021-03-24,18.8676,18.8676,18.8676,0.08665005523342009,0.16100138834178135
2021-03-25,18.7172,18.7172,18.7172,0.08046076557389008,0.1602441463173685
2021-03-26,18.9701,18.9701,18.9701,0.09277785374718368,0.16686242158041362
2021-03-29,19.1154,19.1154,19.1154,0.09652943562238502,0.16532224861038425
2021-03-30,19.0499,19.0499,19.0499,0.08963447593507179,0.15819208799535683
2021-03-31,19.2209,19.2209,19.2209,0.09544629908256662,0.15910693885283128
2021-04-01,19.4936,19.4936,19.4936,0.10810727771952618,0.16722072893477194
2021-04-05,19.9113,19.9113,19.9113,0.1302210435967029,0.1851121054394311
2021-04-07,19.8536,19.8536,19.8536,0.12091954048265267,0.17601124076518607
2021-04-08,19.951,19.951,19.951,0.11923957330532037,0.17039615213910136
2021-04-09,19.9652,19.9652,19.9652,0.11173674664065454,0.15923928412916546
2021-04-12,19.9645,19.9645,19.9645,0.10375555045203635,0.14791504954851067
2021-04-16,20.0992,20.0992,20.0992,0.10596586827689082,0.1469711174379027
2021-04-19,19.9553,19.9553,19.9553,0.09839687768568434,0.14675175190662382
2021-04-20,19.7503,19.7503,19.7503,0.09136852927956403,0.1509123410561508
2021-04-21,19.9232,19.9232,19.9232,0.09719220575959531,0.15248288812356875
2021-04-22,20.0516,20.0516,20.0516,0.09942133391962416,0.15076268182902805
2021-04-23,20.095,20.095,20.095,0.09541981006822231,0.1430939188412402
2021-04-26,20.2214,20.2214,20.2214,0.09763268077763503,0.14190149606686592
2021-04-27,20.1467,20.1467,20.1467,0.09065891786494681,0.1371013892049469
2021-04-28,20.0578,20.0578,20.0578,0.08418328087459347,0.13365843283316492
2021-04-29,19.91,19.91,19.91,0.07817018938355107,0.13466854477365314
2021-04-30,19.802,19.802,19.802,0.07258660442758313,0.13276364871839225
2021-05-05,19.554,19.554,19.554,0.06740184696847006,0.1409948166670786
2021-05-06,19.5663,19.5663,19.5663,0.06346600075643646,0.13180232976228726
2021-05-07,19.8713,19.8713,19.8713,0.0807184292738341,0.14417359192212412
2021-05-10,19.5999,19.5999,19.5999,0.07495282718284595,0.15326119249911524
2021-05-11,19.2413,19.2413,19.2413,0.06959905381264266,0.16792825017775007
2021-05-12,18.8895,18.8895,18.8895,0.06462769282602532,0.18106194659362487
2021-05-13,19.0108,19.0108,19.0108,0.06867571476702336,0.17679323612265152
2021-05-14,19.3799,19.3799,19.3799,0.09013459228366452,0.1905294335424621
2021-05-17,19.2525,19.2525,19.2525,0.08369640712054562,0.18602018828942896
2021-05-18,19.406,19.406,19.406,0.08868237804050647,0.1836973176973267
2021-05-19,19.2065,19.2065,19.2065,0.08234792246618458,0.18482608071894627
2021-05-20,19.6318,19.6318,19.6318,0.1068444994328857,0.20200278923902154
2021-05-21,19.5585,19.5585,19.5585,0.09921274947339385,0.19280973286480568
2021-05-24,19.7816,19.7816,19.7816,0.10806183879672304,0.19497332337446258
2021-05-25,19.8092,19.8092,19.8092,0.10231456459695708,0.18301808599057234
2021-05-27,19.8577,19.8577,19.8577,0.0984706671257459,0.17340965127696006
2021-05-28,19.9218,19.9218,19.9218,0.0960156194739069,0.16560181904289145
2021-06-01,19.8302,19.8302,19.8302,0.0891573609400564,0.16031597482554205
2021-06-02,19.8864,19.8864,19.8864,0.08680326373005215,0.15287911948086028
2021-06-04,19.9649,19.9649,19.9649,0.08621017346361999,0.14756632523222754
2021-06-07,19.9294,19.9294,19.9294,0.08005230393050426,0.13956158771563978
2021-06-08,19.9552,19.9552,19.9552,0.07617713936403969,0.13143576002166552
2021-06-09,19.9312,19.9312,19.9312,0.07073591512375114,0.12376177716297519
2021-06-10,19.9872,19.9872,19.9872,0.06968334975776898,0.11892165022276274
2021-06-11,20.0084,20.0084,20.0084,0.0662202533464998,0.11194153234970829
2021-06-14,20.0839,20.0839,20.0839,0.06688309239317825,0.10933856575330042
2021-06-15,20.0976,20.0976,20.0976,0.0630843000793798,0.10250723962806468
2021-06-16,20.1078,20.1078,20.1078,0.059306850073709894,0.09591386536891729
2021-06-17,20.17,20.17,20.17,0.059513503639873525,0.09350573212828038
2021-06-18,19.8859,19.8859,19.8859,0.05526253909416827,0.10711960840483195
2021-06-21,20.0706,20.0706,20.0706,0.06450807201601336,0.11266106494734392
2021-06-22,20.1754,20.1754,20.1754,0.06738606687201247,0.11209956030824798
2021-06-23,20.3101,20.3101,20.3101,0.07219420495258293,0.11371387742908733
2021-06-24,20.4443,20.4443,20.4443,0.07662319031311271,0.11517717189843822
2021-06-25,20.4483,20.4483,20.4483,0.07143581957646189,0.10723594533426414
2021-06-28,20.5616,20.5616,20.5616,0.0744261181781431,0.10766909209610234
2021-06-29,20.6546,20.6546,20.6546,0.07575282402256145,0.1066212998035236
2021-06-30,20.6306,20.6306,20.6306,0.07034190802094992,0.100719778388986
2021-07-01,20.5423,20.5423,20.5423,0.06531748601945349,0.09983265136120131
2021-07-02,20.7182,20.7182,20.7182,0.07321623701806385,0.10526603340682969
2021-07-06,20.7314,20.7314,20.7314,0.06892936294534509,0.09868988816348478
2021-07-07,20.8067,20.8067,20.8067,0.06938440844924891,0.09701918186609292
2021-07-08,20.6609,20.6609,20.6609,0.06442837927430256,0.10050352601851469
2021-07-09,20.8961,20.8961,20.8961,0.07662635218328087,0.11012470273147786
2021-07-12,20.936,20.936,20.936,0.07400304131304648,0.10510865253637224
2021-07-13,21.066,21.066,21.066,0.07800282407640023,0.1068866059266313
2021-07-14,20.9969,20.9969,20.9969,0.07243119378522879,0.10418756264615754
2021-07-15,20.8803,20.8803,20.8803,0.06725753708628388,0.10507416531428929
2021-07-16,20.8177,20.8177,20.8177,0.062453427294406456,0.1020402963632686
2021-07-19,20.4395,20.4395,20.4395,0.057992468201948845,0.12176598948017796
2021-07-20,20.6287,20.6287,20.6287,0.06736443475895247,0.12658270451730808
2021-07-21,20.8157,20.8157,20.8157,0.07590983227617024,0.13089822562321474
2021-07-22,20.8858,20.8858,20.8858,0.0754948442564438,0.12655549522155654
2021-07-23,21.0292,21.0292,21.0292,0.08034521252384066,0.12775867413430247
2021-07-27,20.7473,20.7473,20.7473,0.07460626877213776,0.13876876883899517
2021-07-29,21.1112,21.1112,21.1112,0.09527010671698515,0.1548495710647813
2021-07-30,20.987,20.987,20.987,0.08846509909434336,0.15266031598872565
2021-08-02,21.1716,21.1716,21.1716,0.09533187773046192,0.1549417219895312
2021-08-03,21.1257,21.1257,21.1257,0.0885224578925718,0.14715302756170778
2021-08-04,21.2353,21.2353,21.2353,0.09002799661453098,0.14447066845015724
2021-08-05,21.4776,21.4776,21.4776,0.10090456828492164,0.15145847784657462
2021-08-06,21.5423,21.5423,21.5423,0.09831852769314167,0.14526144371467656
2021-08-09,21.5223,21.5223,21.5223,0.09129577571506013,0.13631419773505676
2021-08-10,21.3614,21.3614,21.3614,0.08477464887827012,0.1380703264682671
2021-08-11,21.2687,21.2687,21.2687,0.07871931681553654,0.13482958886339094
2021-08-13,21.2667,21.2667,21.2667,0.07309650847156964,0.12534176108743436
2021-08-16,21.1519,21.1519,21.1519,0.06787532929502894,0.12458877815261755
2021-08-17,20.9282,20.9282,20.9282,0.06302709148824116,0.13166815114171637
2021-08-18,21.0227,21.0227,21.0227,0.06527515638193823,0.12901328320302236
2021-08-19,20.9147,20.9147,20.9147,0.060612645211799786,0.12751233440280652
2021-08-20,20.9651,20.9651,20.9651,0.05988317055381408,0.12200431051689174
2021-08-23,21.3083,21.3083,21.3083,0.08012008694282734,0.13780400262282802
2021-08-24,21.3021,21.3021,21.3021,0.07439722358976823,0.1284037167211974
2021-08-25,21.2137,21.2137,21.2137,0.06908313619049906,0.12554630838396902
2021-08-26,21.2039,21.2039,21.2039,0.06414862646260627,0.11727871492797112
2021-08-27,21.2894,21.2894,21.2894,0.06567372457242009,0.1150088067188303
2021-08-30,21.2789,21.2789,21.2789,0.06098274424581865,0.1075438919531996
2021-08-31,21.2208,21.2208,21.2208,0.05662683394254588,0.10401218538511389
2021-09-01,21.3311,21.3311,21.3311,0.060460631518078234,0.10446131500046281
2021-09-02,21.3527,21.3527,21.3527,0.05768487212392975,0.09854264964328685
2021-09-03,21.4454,21.4454,21.4454,0.06018595268650624,0.09812531752590928
2021-09-07,21.4176,21.4176,21.4176,0.05588695606604151,0.09310208055977284
2021-09-08,21.3122,21.3122,21.3122,0.051895030632752824,0.09398050337693188
2021-09-09,21.3563,21.3563,21.3563,0.051338242730413354,0.09041761027857963
2021-09-10,21.2473,21.2473,21.2473,0.04767122539252669,0.09174492383010978
2021-09-13,21.2584,21.2584,21.2584,0.04505899500734639,0.08598457212795926
2021-09-14,21.3582,21.3582,21.3582,0.04896906679253581,0.08697138840453347
2021-09-15,21.2051,21.2051,21.2051,0.04547127630735468,0.0916948606613524
2021-09-16,21.313,21.313,21.313,0.04993047085682915,0.09285237061411275
2021-09-17,21.3081,21.3081,21.3081,0.04636400865276993,0.08657005842739036
2021-09-20,20.933,20.933,20.933,0.043052293749000645,0.10717933996829104
2021-09-21,21.0997,21.0997,21.0997,0.05188427276692908,0.1114308156848416
2021-09-22,21.32,21.32,21.32,0.06391396756929142,0.11920718599306733
2021-09-23,21.4983,21.4983,21.4983,0.07208439845719919,0.12342810127927682
2021-09-27,21.6542,21.6542,21.6542,0.07807122713882775,0.12574752261647126
2021-09-28,21.2995,21.2995,21.2995,0.07249471091462577,0.1421012710010091
2021-09-29,21.2225,21.2225,21.2225,0.06731651727786678,0.13745118021522262
2021-09-30,21.1213,21.1213,21.1213,0.06250819461516201,0.13486181019984947
2021-10-01,21.0433,21.0433,21.0433,0.05804332357122186,0.13080025232843187
2021-10-04,20.8471,20.8471,20.8471,0.05389737188756316,0.13547166287640083
2021-10-05,21.1208,21.1208,21.1208,0.06959755960987994,0.14534511552808635
2021-10-06,21.0613,21.0613,21.0613,0.06462630535203137,0.13921332156179445
2021-10-07,21.451,21.451,21.451,0.08784585496974352,0.1571052271645235
2021-10-08,21.3497,21.3497,21.3497,0.08157115104333326,0.1531191395099148
2021-10-11,21.4562,21.4562,21.4562,0.08335178311166665,0.14978920097349235
2021-10-12,21.0103,21.0103,21.0103,0.07739808431797617,0.1709399723325285
2021-10-14,21.2737,21.2737,21.2737,0.09068393543812078,0.17754426002306226
2021-10-15,21.4813,21.4813,21.4813,0.09903508290682639,0.17969109859284346
2021-10-18,21.631,21.631,21.631,0.10265400555633873,0.1775488772647832
2021-10-19,21.7246,21.7246,21.7246,0.10200729087374301,0.17155252888872716
2021-10-20,21.7752,21.7752,21.7752,0.09833534152561871,0.16291306253953255
2021-10-21,21.6861,21.6861,21.6861,0.09131138855950309,0.15764070092956606
2021-10-25,21.5757,21.5757,21.5757,0.08478914651953859,0.15426636514888267
2021-10-26,21.5933,21.5933,21.5933,0.07998992176814283,0.14450448192396234
2021-10-27,21.5117,21.5117,21.5117,0.07427635592756121,0.14001130464367917
2021-10-28,21.6374,21.6374,21.6374,0.07794947336130673,0.13898906859770196
2021-10-29,21.5119,21.5119,21.5119,0.0723816538354991,0.13802556369786603
2021-11-01,21.7367,21.7367,21.7367,0.08326867856153476,0.1442237377194469
2021-11-02,21.7082,21.7082,21.7082,0.07732091580713941,0.13595775645377195
2021-11-03,21.7447,21.7447,21.7447,0.07440513610662947,0.12885363099278827
2021-11-04,22.0257,22.0257,22.0257,0.089161912099013,0.1397212287790176
2021-11-05,22.1879,22.1879,22.1879,0.09437891837765483,0.14132685529480196
2021-11-08,22.0833,22.0833,22.0833,0.08763756706496519,0.13870350848803023
2021-11-09,21.9254,21.9254,21.9254,0.0813777408460391,0.14007468645317103
2021-11-10,21.8677,21.8677,21.8677,0.07556504507132203,0.13419078027794457
2021-11-11,21.8617,21.8617,21.8617,0.07016754185194188,0.1250342959723771
2021-11-12,21.9875,21.9875,21.9875,0.07414128886251758,0.12508898911720742
2021-11-15,21.8794,21.8794,21.8794,0.0688454825151949,0.12387548989454977
2021-11-16,21.9031,21.9031,21.9031,0.06562080519268083,0.11672009775922465
2021-11-17,21.8677,21.8677,21.8677,0.06093360482177506,0.1109115193478514
2021-11-18,21.6727,21.6727,21.6727,0.056581204477362555,0.11691783939443347
2021-11-19,21.7967,21.7967,21.7967,0.06139683272897968,0.11742370800911696
2021-11-22,21.6842,21.6842,21.6842,0.05701134467690971,0.11707201457989437
2021-11-23,21.5079,21.5079,21.5079,0.05293910577141615,0.12130258496704487
2021-11-24,21.7088,21.7088,21.7088,0.06350774107345791,0.126988114612256
2021-11-26,21.3775,21.3775,21.3775,0.058971473853925205,0.1415818207113805
2021-11-29,21.6923,21.6923,21.6923,0.07724494000721614,0.15395454780342463
2021-11-30,21.3915,21.3915,21.3915,0.07172744429241498,0.16444350867460852
2021-12-02,21.5558,21.5558,21.5558,0.09025427594601089,0.18905537227555527
2021-12-03,21.2293,21.2293,21.2293,0.08380754194986725,0.19887284568444438
2021-12-07,22.0923,22.0923,22.0923,0.13946414609630556,0.24631049956412718
2021-12-08,21.9259,21.9259,21.9259,0.12950242137514087,0.24060260673811829
2021-12-13,21.6307,21.6307,21.6307,0.11166280210407555,0.22827724764664264
2021-12-15,21.2704,21.2704,21.2704,0.09628068140606513,0.22108446353205427
2021-12-17,21.3734,21.3734,21.3734,0.10229201611033176,0.22330344049447545
2021-12-20,21.1478,21.1478,21.1478,0.09498544353102234,0.22346748045915577
2021-12-21,21.591,21.591,21.591,0.1198579118502351,0.239162660426359
2021-12-23,21.9844,21.9844,21.9844,0.12978105664637618,0.23265096740844216
2021-12-27,22.133,22.133,22.133,0.13112526688592063,0.22664732687926759
2021-12-28,22.1994,22.1994,22.1994,0.1265020335369264,0.2152010892450343
2021-12-30,22.1416,22.1416,22.1416,0.10985430442724772,0.19089124531842236
2022-01-04,21.9971,21.9971,21.9971,0.10200756839673003,0.18757758493853507
2022-01-05,22.0184,22.0184,22.0184,0.09624274208267788,0.1757006145857826
2022-01-06,21.8463,21.8463,21.8463,0.08936826050534374,0.17544342782965527
2022-01-07,21.777,21.777,21.777,0.08298481332639061,0.1678617544132512
2022-01-10,21.384,21.384,21.384,0.07705732666021985,0.1839430576694476
2022-01-11,21.7919,21.7919,21.7919,0.10068894618448972,0.19993998212162978
2022-01-13,21.88,21.88,21.88,0.096681285230504,0.18658855601303806
2022-01-14,21.5886,21.5886,21.5886,0.08977547914261085,0.19407508772639245
2022-01-18,21.4142,21.4142,21.4142,0.08336294491813864,0.19266972431736432
2022-01-19,21.2261,21.2261,21.2261,0.07740844885255731,0.19234331543755276
2022-01-20,21.3211,21.3211,21.3211,0.07866498822023196,0.18539022147772774
2022-01-21,20.7418,20.7418,20.7418,0.07304606049021539,0.2135266342293186
2022-01-24,19.8193,19.8193,19.8193,0.0678284847409143,0.26416758892722464
2022-01-25,19.9681,19.9681,19.9681,0.07361216440227768,0.2559270468609944
2022-01-26,20.4173,20.4173,20.4173,0.10043986694497223,0.26973225779949483
2022-01-28,20.3051,20.3051,20.3051,0.08708233425357288,0.2409400590209929
2022-01-31,20.8537,20.8537,20.8537,0.12004788180688913,0.26291576909092207
2022-02-01,21.055,21.055,21.055,0.12585160453496846,0.25851464272728475
2022-02-02,21.1639,21.1639,21.1639,0.12464077563961372,0.24782788253247884
2022-02-03,20.7555,20.7555,20.7555,0.11573786309392702,0.2592973194944447
2022-02-04,20.5765,20.5765,20.5765,0.10747087287293224,0.25356179667341305
2022-02-07,20.6856,20.6856,20.6856,0.10758723909629433,0.2432430969110265
2022-02-09,20.9495,20.9495,20.9495,0.11278083371058037,0.2308305274385893
2022-02-10,20.9793,20.9793,20.9793,0.10685363130268162,0.2164712040501185
2022-02-11,20.6556,20.6556,20.6556,0.09922122906677577,0.22413040376082424
2022-02-15,20.3656,20.3656,20.3656,0.09437442710349543,0.2295027460998943
2022-02-17,20.0566,20.0566,20.0566,0.0876333965961029,0.23518112137847336
2022-02-18,19.6128,19.6128,19.6128,0.08137386826780983,0.2500824698514395
2022-02-22,19.611,19.611,19.611,0.07556144910582341,0.23234800771919378
2022-02-23,19.4575,19.4575,19.4575,0.07016420274112173,0.2267160071678229
2022-02-24,19.1411,19.1411,19.1411,0.06515247397389874,0.23312200665583538
2022-02-25,19.8594,19.8594,19.8594,0.11180586869004878,0.26777757760898996
2022-02-28,19.9585,19.9585,19.9585,0.11089830664075957,0.2557291792083478
2022-03-01,19.5089,19.5089,19.5089,0.10297699902356246,0.26957709497918014
2022-03-02,19.7266,19.7266,19.7266,0.11117149909330805,0.26587158819495305
2022-03-03,19.5659,19.5659,19.5659,0.10323067772950033,0.2583593318953137
2022-03-04,19.1172,19.1172,19.1172,0.09585705789167887,0.27195509390279116
2022-03-07,18.9244,18.9244,18.9244,0.08901012518513038,0.2663011586240205
2022-03-08,18.6702,18.6702,18.6702,0.08265225910047821,0.26543679015087596
2022-03-09,19.3189,19.3189,19.3189,0.12308424059330107,0.2928127337115276
2022-03-10,19.0448,19.0448,19.0448,0.11429250912235099,0.29147610987498995
2022-03-11,19.1266,19.1266,19.1266,0.11197161561361171,0.2764992448839193
2022-03-14,18.8099,18.8099,18.8099,0.10397364306978231,0.27937072739221086
2022-03-15,18.9973,18.9973,18.9973,0.10993266856479789,0.27280138972133866
2022-03-16,19.5972,19.5972,19.5972,0.14493033509588385,0.29616557616981454
2022-03-17,19.886,19.886,19.886,0.15520673973189203,0.29563946358625626
2022-03-18,20.3145,20.3145,20.3145,0.17472768689389973,0.3051295019015236
2022-03-21,20.275,20.275,20.275,0.16224713783004976,0.2861559660514148
2022-03-22,20.6471,20.6471,20.6471,0.1772366279850462,0.2922948256191709
2022-03-23,20.5929,20.5929,20.5929,0.16457686884325717,0.27528805236065856
2022-03-24,20.6273,20.6273,20.6273,0.1552785210687389,0.2580817629063259
2022-03-25,20.6418,20.6418,20.6418,0.1452229124209717,0.2406830655558739
2022-03-28,20.6845,20.6845,20.6845,0.13789984724804516,0.22654141801616864
2022-03-29,21.2416,21.2416,21.2416,0.16784271530175612,0.2501527453007279
2022-03-30,21.0594,21.0594,21.0594,0.15585394992305923,0.2452989777792472
2022-03-31,20.8398,20.8398,20.8398,0.144721524928555,0.24346333650930094
2022-04-01,20.6317,20.6317,20.6317,0.13438427314794393,0.24093738390149386
2022-04-04,21.0046,21.0046,21.0046,0.15142111078023376,0.2503632850513872
2022-04-05,20.6385,20.6385,20.6385,0.1406053171530742,0.2586301932620024
2022-04-07,19.9758,19.9758,19.9758,0.1305620802135689,0.28749232231471655
2022-04-08,20.131,20.131,20.131,0.13232193162688546,0.2780428707208083
2022-04-11,19.7698,19.7698,19.7698,0.12287036508210793,0.283982665669322
2022-04-12,19.8599,19.8599,19.8599,0.1205296247191002,0.27013390383579894
2022-04-18,19.5397,19.5397,19.5397,0.11192036581059303,0.2737100535618133
2022-04-19,19.8654,19.8654,19.8654,0.12719033968126506,0.277423621164541
2022-04-20,19.7488,19.7488,19.7488,0.11810531541831756,0.2659362196527882
2022-04-21,19.6464,19.6464,19.6464,0.10966922145986631,0.2542550611061604
2022-04-22,19.1821,19.1821,19.1821,0.10183570564130442,0.26925827102714905
2022-04-25,18.8585,18.8585,18.8585,0.09456172666692553,0.2731398230966383
2022-04-26,18.7031,18.7031,18.7031,0.08780731761928798,0.26472983573259273
2022-04-27,18.7736,18.7736,18.7736,0.08657108064648164,0.25085627603740746
2022-04-28,19.0335,19.0335,19.0335,0.09895171774316165,0.2515022563204499
2022-04-29,19.2196,19.2196,19.2196,0.10517659504722152,0.2468306665832749
2022-05-03,19.2128,19.2128,19.2128,0.09766398111527712,0.22968561897018372
2022-05-05,18.7138,18.7138,18.7138,0.09068798246418588,0.24892236047231364
2022-05-06,18.5497,18.5497,18.5497,0.08421026943102974,0.2428636204385768
2022-05-09,18.0232,18.0232,18.0232,0.07819525018595619,0.26312336183582147
2022-05-10,17.8993,17.8993,17.8993,0.0726098751726736,0.2531788359904056
2022-05-11,18.114,18.114,18.114,0.08275916980319696,0.25043034770537664
2022-05-12,17.6951,17.6951,17.6951,0.07684780053154004,0.2624638942978498
2022-05-13,18.436,18.436,18.436,0.12428010049357292,0.29663790184800337
2022-05-17,18.5193,18.5193,18.5193,0.12135295045831782,0.2813994802874318
2022-05-18,18.205,18.205,18.205,0.11268488256843796,0.2837495174097583
2022-05-19,18.2741,18.2741,18.2741,0.10957167667069256,0.26841740902334715
2022-05-20,17.9687,17.9687,17.9687,0.10174512833707167,0.2710590226645368
2022-05-23,18.2681,18.2681,18.2681,0.11586333345585242,0.2730833781884986
2022-05-24,17.8512,17.8512,17.8512,0.10758738106614868,0.2833559940321774
2022-05-25,18.0125,18.0125,18.0125,0.11142399670428096,0.27463770874416477
2022-05-26,18.491,18.491,18.491,0.13764371122540378,0.28919930097672447
2022-05-27,18.8733,18.8733,18.8733,0.15511916042358928,0.29584935090695846
2022-05-31,18.9803,18.9803,18.9803,0.15168207753619,0.2823601115564614
2022-06-01,18.8226,18.8226,18.8226,0.14084764342646214,0.2734558178738569
2022-06-02,19.1498,19.1498,19.1498,0.15415852603885755,0.2772946880257241
2022-06-06,19.2024,19.2024,19.2024,0.14690434560751073,0.26124506745245824
2022-06-07,19.1356,19.1356,19.1356,0.1364111780641171,0.24735613406299697
2022-06-08,19.3507,19.3507,19.3507,0.14203180820239442,0.24505212448706862
2022-06-09,19.0187,19.0187,19.0187,0.13188667904508053,0.25126268702370663
2022-06-10,18.1674,18.1674,18.1674,0.12246620197043191,0.2941224950934418
2022-06-13,17.3474,17.3474,17.3474,0.11371861611540106,0.33168517401533887
2022-06-14,17.3357,17.3357,17.3357,0.10559585782144383,0.3088290901571004
2022-06-15,17.5537,17.5537,17.5537,0.11362472511991213,0.3023412980030218
2022-06-16,17.0506,17.0506,17.0506,0.10550867332563268,0.3166812052885203
2022-06-17,17.1652,17.1652,17.1652,0.10615805380237316,0.30224683348219733
2022-06-21,17.6143,17.6143,17.6143,0.13065390710220376,0.3127363453763262
2022-06-22,17.577,17.577,17.577,0.12132148516633205,0.2930623207065885
2022-06-23,17.6223,17.6223,17.6223,0.11589137908302244,0.2753650120846891
2022-06-24,18.2843,18.2843,18.2843,0.15489913771994962,0.302981796935783
2022-06-27,18.3743,18.3743,18.3743,0.1502634850256675,0.2877688114403699
2022-06-28,18.0268,18.0268,18.0268,0.13953037895240553,0.29203532490891493
2022-06-29,17.787,17.787,17.787,0.129563923312948,0.288304230272564
2022-06-30,17.5839,17.5839,17.5839,0.12030935736202314,0.28221821382452367
2022-07-01,17.4556,17.4556,17.4556,0.11171583183616433,0.2712240556942005
2022-07-05,17.5152,17.5152,17.5152,0.10799327241929542,0.2561080517160433
2022-07-06,17.7599,17.7599,17.7599,0.11775803867505989,0.25529319087918295
2022-07-07,18.2324,18.2324,18.2324,0.14309675019826992,0.2708079629592413
2022-07-08,18.346,18.346,18.346,0.1409898394698222,0.25957882274786703
2022-07-11,17.9606,17.9606,17.9606,0.13091913665054916,0.26856604969444803
2022-07-12,17.8981,17.8981,17.8981,0.1215677697469385,0.2538470461448446
2022-07-14,17.5609,17.5609,17.5609,0.11288435762215719,0.2598008285630699
2022-07-15,17.9773,17.9773,17.9773,0.13456404636343164,0.2709864836657077
2022-07-18,18.3956,18.3956,18.3956,0.15483090019461526,0.2815088776895859
2022-07-19,18.4846,18.4846,18.4846,0.15012869303785695,0.26775824356890104
2022-07-20,18.9267,18.9267,18.9267,0.17098378639229575,0.2802112261711224
2022-07-21,19.0424,19.0424,19.0424,0.1670349445071318,0.26846042430175654
2022-07-22,18.9128,18.9128,18.9128,0.1551038770423367,0.2585418225659168
2022-07-25,18.74,18.74,18.74,0.1440250286821698,0.25241740666835144
2022-07-26,18.4312,18.4312,18.4312,0.13373752663344338,0.256444734763469
2022-07-27,18.8856,18.8856,18.8856,0.15664198901676882,0.27058439656607836
2022-08-01,19.4191,19.4191,19.4191,0.18356041837271392,0.28936408252564416
2022-08-02,19.348,19.348,19.348,0.17044895991752007,0.27377379091666965
2022-08-03,19.7512,19.7512,19.7512,0.1870740342091259,0.28301852013690765
2022-08-04,19.7412,19.7412,19.7412,0.17371160319418832,0.2635171972699858
2022-08-05,19.4847,19.4847,19.4847,0.16130363153746058,0.26301596889355816
2022-08-08,19.741,19.741,19.741,0.16808908642764192,0.26253625682973253
2022-08-09,19.2317,19.2317,19.2317,0.15608272311138177,0.2801622384847516
2022-08-10,19.8216,19.8216,19.8216,0.1870696714605688,0.30228636430726935
2022-08-11,19.7764,19.7764,19.7764,0.17370755207052818,0.2839230525710359
2022-08-15,20.0891,20.0891,20.0891,0.1836355840654904,0.28597854881596185
2022-08-16,20.0188,20.0188,20.0188,0.1705187566322411,0.2705729381862503
2022-08-17,19.6237,19.6237,19.6237,0.15833884544422386,0.2794677283158038
2022-08-18,19.8698,19.8698,19.8698,0.16460749934106514,0.2770843191503894
2022-08-19,19.4831,19.4831,19.4831,0.15284982081670334,0.2849140106396474
2022-08-22,19.1963,19.1963,19.1963,0.1419319764726531,0.2850487241653868
2022-08-23,19.1221,19.1221,19.1221,0.13179397815317787,0.2699881010107164
2022-08-24,19.2277,19.2277,19.2277,0.1299229797136651,0.25824609379566515
2022-08-25,19.3126,19.3126,19.3126,0.12670705259126053,0.2458642299531177
2022-08-26,19.1224,19.1224,19.1224,0.11765654883474191,0.24188821352789508
2022-08-29,18.8551,18.8551,18.8551,0.10925250963226034,0.24370334113304534
2022-08-30,18.6477,18.6477,18.6477,0.10144875894424174,0.2411102453378278
2022-08-31,18.7434,18.7434,18.7434,0.10103813330536737,0.2307237992422687
2022-09-01,18.2352,18.2352,18.2352,0.09382112378355542,0.2505435278678211
2022-09-02,18.7491,18.7491,18.7491,0.12382675779901574,0.269354704448691
2022-09-06,18.3371,18.3371,18.3371,0.11498198938480032,0.2795436541309273
2022-09-07,18.3378,18.3378,18.3378,0.10681899014302901,0.2596262502644326
2022-09-08,18.5186,18.5186,18.5186,0.11210334798995536,0.25399580381697295
2022-09-09,18.8887,18.8887,18.8887,0.13053168027638717,0.2622889606871892
2022-09-12,19.1133,19.1133,19.1133,0.13725084597093087,0.25959689206667563
2022-09-13,18.5507,18.5507,18.5507,0.12744721411586438,0.28123997120477023
2022-09-14,18.5095,18.5095,18.5095,0.11834384167901692,0.26409425897585803
2022-09-15,18.358,18.358,18.358,0.1098907101305157,0.2560518119061538
2022-09-16,18.0471,18.0471,18.0471,0.10204137369262171,0.2599695396271428
2022-09-19,18.0219,18.0219,18.0219,0.09475270414314872,0.24320028679663272
2022-09-20,18.0923,18.0923,18.0923,0.09301322527578115,0.23085740916830202
2022-09-21,18.0261,18.0261,18.0261,0.08636942347036822,0.2190961656562806
2022-09-22,17.5194,17.5194,17.5194,0.08020017893677048,0.2396392966808319
2022-09-23,17.1596,17.1596,17.1596,0.07447159472700116,0.24822220406077247
2022-09-26,17.1823,17.1823,17.1823,0.07077362367507252,0.23211347519928874
2022-09-27,17.1249,17.1249,17.1249,0.06571836484113877,0.2196339412564825
2022-09-28,17.3527,17.3527,17.3527,0.07729562449534304,0.22021723116673364
2022-09-29,17.081,17.081,17.081,0.07177450845996139,0.22389457179768116
2022-09-30,17.114,17.114,17.114,0.06900490071282138,0.21025924524070402
2022-10-03,17.1902,17.1902,17.1902,0.06951883637619129,0.20068358486636803
2022-10-04,17.8937,17.8937,17.8937,0.11480320520646321,0.23659904309019877
2022-10-05,17.6605,17.6605,17.6605,0.1066029762631444,0.23635625429804172
2022-10-06,17.7693,17.7693,17.7693,0.10675990653006281,0.22724509327675319
2022-10-07,17.3088,17.3088,17.3088,0.09913419892077262,0.24390615804269936
2022-10-11,16.8811,16.8811,16.8811,0.092053184712146,0.2570342896110781
2022-10-12,16.726,16.726,16.726,0.085477957232707,0.24975326892457259
2022-10-17,17.2996,17.2996,17.2996,0.12034381743037098,0.2728851782871033
2022-10-18,17.3413,17.3413,17.3413,0.11472640189963011,0.2563719512665958
2022-10-19,17.3716,17.3716,17.3716,0.10869594462108513,0.24022395474755326
2022-10-20,17.5269,17.5269,17.5269,0.11202480571957908,0.2341579579798709
2022-10-21,17.4885,17.4885,17.4885,0.1040230338824663,0.22017524669559463
2022-10-25,17.9698,17.9698,17.9698,0.13097138860514734,0.23882701478876653
2022-10-26,18.0145,18.0145,18.0145,0.1248091465619227,0.22496079944671196
2022-10-27,17.688,17.688,17.688,0.11589420752178536,0.23221359948623274
2022-10-28,17.6843,17.6843,17.6843,0.10761604984165785,0.2158911995229303
2022-10-31,17.7066,17.7066,17.7066,0.10152204628153952,0.2020632566998639
2022-11-01,17.7244,17.7244,17.7244,0.09554190011857223,0.18890159550701632
2022-11-02,17.4602,17.4602,17.4602,0.08871747868153136,0.19428005297080078
2022-11-03,16.9712,16.9712,16.9712,0.08238051591856484,0.2153314777586008
2022-11-04,16.8251,16.8251,16.8251,0.07649619335295307,0.21038637220441506
2022-11-07,17.0393,17.0393,17.0393,0.08633217954202799,0.2106587741898141
2022-11-08,17.5462,17.5462,17.5462,0.11637273814616872,0.2318188617476844
2022-11-09,17.0677,17.0677,17.0677,0.10806039970715667,0.24943894305142125
2022-11-10,17.9556,17.9556,17.9556,0.1637632282995028,0.2950433042620342
2022-11-14,18.2281,18.2281,18.2281,0.1715301405638241,0.29343306824331755
2022-11-15,18.5179,18.5179,18.5179,0.17997798766640805,0.29317356336879485
2022-11-16,18.1012,18.1012,18.1012,0.16712241711880746,0.301996880271024
2022-11-17,17.9135,17.9135,17.9135,0.1551851016103212,0.2938328173945222
2022-11-18,17.8617,17.8617,17.8617,0.14410045149529824,0.2765447590091992
2022-11-21,17.7355,17.7355,17.7355,0.13380756210277692,0.26580584765139936
2022-11-22,17.7864,17.7864,17.7864,0.12788559338115016,0.2504554299620138
2022-11-23,18.0805,18.0805,18.0805,0.13975805099678232,0.2535728992504414
2022-11-25,18.0376,18.0376,18.0376,0.12977533306844072,0.238524835018267
2022-11-28,17.7798,17.7798,17.7798,0.12050566642069495,0.23990163251696217
2022-11-29,17.568,17.568,17.568,0.11189811881921674,0.23789437305146488
2022-11-30,17.6523,17.6523,17.6523,0.10992682461784403,0.22692334640493161
2022-12-01,18.2147,18.2147,18.2147,0.14224633714514093,0.2508859645188651
2022-12-02,18.1452,18.1452,18.1452,0.13208588449191658,0.2379298241960891
2022-12-06,17.6811,17.6811,17.6811,0.12265117845677967,0.2540848367535112
2022-12-07,17.4826,17.4826,17.4826,0.11389037999558112,0.25011449127111746
2022-12-08,17.6519,17.6519,17.6519,0.11784820999589674,0.24434202760889476
2022-12-09,17.8114,17.8114,17.8114,0.12082333785333253,0.23828188277968781
2022-12-13,18.1528,18.1528,18.1528,0.13657881372095165,0.2456474625811387
2022-12-14,18.1096,18.1096,18.1096,0.1268231841694551,0.23118692953962872
2022-12-15,17.4572,17.4572,17.4572,0.1177643853002083,0.2612735774296553
2022-12-16,17.1758,17.1758,17.1758,0.10935264349305056,0.2627111790418229
2022-12-19,17.0187,17.0187,17.0187,0.1015417403864041,0.25516752339597837
2022-12-20,16.9827,16.9827,16.9827,0.09428875893023236,0.23951270029626545
2022-12-21,17.1699,17.1699,17.1699,0.10092527614950128,0.235776078846532
2022-12-22,16.7374,16.7374,16.7374,0.09371632785310832,0.24982778750035098
2022-12-23,16.8174,16.8174,16.8174,0.09273659014931475,0.2376972312503258
2022-12-27,16.7952,16.7952,16.7952,0.08611254799579227,0.22230457187530236
2022-12-28,16.6152,16.6152,16.6152,0.07996165171037853,0.21928281674135217
2022-12-29,16.9416,16.9416,16.9416,0.09756439087392291,0.22693404411696985
2022-12-30,16.7797,16.7797,16.7797,0.09059550581149985,0.2222887552514722
2023-01-03,16.8403,16.8403,16.8403,0.08845296968210706,0.21073955844779568
2023-01-04,17.0682,17.0682,17.0682,0.09841347184767098,0.21196530427295326
2023-01-05,16.8442,16.8442,16.8442,0.0913839381442659,0.21282492539631376
2023-01-06,17.1677,17.1677,17.1677,0.10796365684824687,0.22073028786800558
2023-01-09,17.58,17.58,17.58,0.12970196707337198,0.2344138387345765
2023-01-10,17.4044,17.4044,17.4044,0.1204375408538454,0.23021285025353527
2023-01-11,17.5819,17.5819,17.5819,0.1245134307928566,0.22644764666399717
2023-01-12,17.8024,17.8024,17.8024,0.1313696143076524,0.22602281475942576
2023-01-13,17.7484,17.7484,17.7484,0.12198607042853436,0.21373547084803812
2023-01-17,17.8821,17.8821,17.8821,0.12282277968363912,0.20801865150174975
2023-01-18,17.8637,17.8637,17.8637,0.11404972399195061,0.19447446210876762
2023-01-19,17.6024,17.6024,17.6024,0.1059033151353827,0.19924771481528436
2023-01-20,17.8271,17.8271,17.8271,0.11438879262571267,0.20106573518562132
2023-01-23,18.343,18.343,18.343,0.14306816458101881,0.22355389695807684
2023-01-24,18.297,18.297,18.297,0.1328490099680889,0.2108714757467856
2023-01-25,18.1108,18.1108,18.1108,0.12335979497036827,0.20910922747915803
2023-01-26,18.3831,18.3831,18.3831,0.13399838104391323,0.21362285408778944
2023-01-27,18.6299,18.6299,18.6299,0.1420556395407766,0.21599265022437594
2023-01-30,18.4432,18.4432,18.4432,0.13190880814500686,0.2139003180654918
2023-01-31,18.5087,18.5087,18.5087,0.12716532184893495,0.2033002953465281
2023-02-01,18.5653,18.5653,18.5653,0.12212494171686814,0.19282170282177608
2023-02-02,19.3844,19.3844,19.3844,0.17190887445137748,0.23755586690593486
2023-02-03,19.3356,19.3356,19.3356,0.15962966913342191,0.22407330498408237
2023-02-06,19.0981,19.0981,19.0981,0.14822754990960604,0.22503235462807655
2023-02-07,19.0887,19.0887,19.0887,0.1376398677732056,0.20963004358321388
2023-02-08,19.1291,19.1291,19.1291,0.13069416293226246,0.19754218332727014
2023-02-09,19.2226,19.2226,19.2226,0.12803743700852935,0.1901105988038936
2023-02-10,18.8824,18.8824,18.8824,0.1188919057936344,0.20083127031790116
2023-02-13,19.0783,19.0783,19.0783,0.12439248395123181,0.2004790367237652
2023-02-14,19.0211,19.0211,19.0211,0.11550730652614383,0.1902448198149247
2023-02-15,19.2847,19.2847,19.2847,0.12608535605999072,0.1954844755424301
2023-02-16,19.3285,19.3285,19.3285,0.12020783062713404,0.18464987014654202
2023-02-17,18.9505,18.9505,18.9505,0.11162155701091017,0.19846059370750307
2023-02-21,18.6793,18.6793,18.6793,0.10364858865298801,0.2036562655855386
2023-02-22,18.5571,18.5571,18.5571,0.09624511803491743,0.19783796090085748
2023-02-23,18.5383,18.5383,18.5383,0.08937046674670904,0.18504953512222472
2023-02-24,18.4366,18.4366,18.4366,0.08298686197908696,0.17909599689920874
2023-02-27,18.6691,18.6691,18.6691,0.09366637183772374,0.18291056854926538
2023-02-28,18.6904,18.6904,18.6904,0.08849734527788633,0.17136695651003214
2023-03-01,18.6586,18.6586,18.6586,0.08217610632946588,0.16139788818788703
2023-03-02,18.6065,18.6065,18.6065,0.07630638444878976,0.1535908961744665
2023-03-03,19.0161,19.0161,19.0161,0.1001130712738763,0.1718772607334333
2023-03-07,18.8695,18.8695,18.8695,0.09296213761145655,0.1700717421096168
2023-03-08,19.0083,19.0083,19.0083,0.09623627063920964,0.16783804624464418
2023-03-09,19.0026,19.0026,19.0026,0.08936225130783751,0.15625675722716942
2023-03-10,18.594,18.594,18.594,0.08297923335727768,0.1742812745680859
2023-03-13,18.3387,18.3387,18.3387,0.07705214526032926,0.18006832638465134
2023-03-14,18.5699,18.5699,18.5699,0.08806270631316299,0.18372058878574776
2023-03-15,18.2117,18.2117,18.2117,0.08177251300507991,0.19618340387248007
2023-03-16,18.7226,18.7226,18.7226,0.11242447636185988,0.2186631607387315
2023-03-17,18.6382,18.6382,18.6382,0.10439415662172703,0.20907293497167914
2023-03-20,18.6328,18.6328,18.6328,0.09693743114874652,0.19452486818798786
2023-03-21,18.8766,18.8766,18.8766,0.1074276146381218,0.19804452046027446
2023-03-22,18.9515,18.9515,18.9515,0.10510421359254164,0.18924848328454055
2023-03-23,19.031,19.031,19.031,0.10327534119307434,0.18140930590707333
2023-03-24,18.7715,18.7715,18.7715,0.09589853110785473,0.18698721262799659
2023-03-27,18.8263,18.8263,18.8263,0.09296292174300798,0.17754526886885397
2023-03-28,18.7912,18.7912,18.7912,0.08632271304707884,0.16737060680679297
2023-03-29,19.0321,19.0321,19.0321,0.09736394782943034,0.17262270632059346
2023-03-30,19.3749,19.3749,19.3749,0.11489509441304249,0.18477822729769397
2023-03-31,19.5261,19.5261,19.5261,0.11748830195496798,0.1823797824907158
2023-04-03,19.5159,19.5159,19.5159,0.10909628038675598,0.17008122659852187
2023-04-04,19.4264,19.4264,19.4264,0.10130368893055912,0.16432542469862726
2023-04-05,19.0665,19.0665,19.0665,0.0940677111498049,0.17829503722015388
2023-04-07,19.216,19.216,19.216,0.09802716035339025,0.17623824884728573
2023-04-10,19.1269,19.1269,19.1269,0.09102522032814808,0.1700140882153369
2023-04-11,19.1659,19.1659,19.1659,0.0873091331618519,0.16065593905709863
2023-04-12,19.1413,19.1413,19.1413,0.0810727665074339,0.15093765769587725
2023-04-17,19.2623,19.2623,19.2623,0.08392471175690282,0.14879925357474308
2023-04-18,19.2437,19.2437,19.2437,0.07793008948855262,0.1394993068908328
2023-04-19,19.2303,19.2303,19.2303,0.07236365452508457,0.13049221354148766
2023-04-20,19.1551,19.1551,19.1551,0.06719482205900709,0.1265427697170956
2023-04-21,19.0866,19.0866,19.0866,0.062395191911935155,0.12239685759444593
2023-04-24,18.9589,18.9589,18.9589,0.05793839248965407,0.122775653480557
2023-04-25,18.771,18.771,18.771,0.0537999358832502,0.12742739251766
2023-04-26,18.7548,18.7548,18.7548,0.0499570833201609,0.11948257876639866
2023-04-27,18.8175,18.8175,18.8175,0.050867291654435084,0.11542668028308443
2023-04-28,18.9826,18.9826,18.9826,0.05902677082197561,0.11897477454857858
2023-05-02,18.7767,18.7767,18.7767,0.05481057290612021,0.12518371922368007
2023-05-03,18.8378,18.8378,18.8378,0.05525981769854017,0.1206063107077029
2023-05-08,18.9578,18.9578,18.9578,0.05988411643435855,0.12056300280000966
2023-05-09,18.8245,18.8245,18.8245,0.055606679546190085,0.12147278831429456
2023-05-10,18.8839,18.8839,18.8839,0.05587763100717652,0.11703901772041639
2023-05-11,18.8442,18.8442,18.8442,0.051886371649521056,0.11151480216895807
2023-05-12,18.8587,18.8587,18.8587,0.04921591653169799,0.10458517344260379
2023-05-15,18.9155,18.9155,18.9155,0.04975763677943404,0.10117194676813228
2023-05-16,19.0467,19.0467,19.0467,0.055574948438045876,0.10331680771326567
2023-05-17,19.2204,19.2204,19.2204,0.06401245212104262,0.10834417859088956
2023-05-18,19.5422,19.5422,19.5422,0.08242584839811097,0.12359102297725456
2023-05-19,19.6101,19.6101,19.6101,0.08138828779824576,0.11961309276459339
2023-05-22,19.7062,19.7062,19.7062,0.08243912438408534,0.117933586138551
2023-05-23,19.6829,19.6829,19.6829,0.07655061549950781,0.11117404427151156
2023-05-24,19.2722,19.2722,19.2722,0.0710827143924001,0.13256875539497492
2023-05-25,19.4096,19.4096,19.4096,0.0758196633643715,0.13291384429533382
2023-05-26,19.8978,19.8978,19.8978,0.10527540169548778,0.15829142684566705
2023-05-30,20.0025,20.0025,20.0025,0.10523430157438159,0.15446346778526235
2023-05-31,19.7938,19.7938,19.7938,0.09771756574764005,0.15833750580060077
2023-06-01,20.0954,20.0954,20.0954,0.11228059676566582,0.16857054110055789
2023-06-02,20.2376,20.2376,20.2376,0.11441769699668962,0.16668693102194654
2023-06-06,20.3553,20.3553,20.3553,0.11465214721121174,0.16318786452037887
2023-06-07,20.2254,20.2254,20.2254,0.10646270812469662,0.16081015991178033
2023-06-08,20.2482,20.2482,20.2482,0.10048680040150401,0.15095229134665314
2023-06-09,20.2037,20.2037,20.2037,0.09330917180139658,0.14334855625046358
2023-06-12,20.3914,20.3914,20.3914,0.10005137381558252,0.1465165165182876
2023-06-13,20.7126,20.7126,20.7126,0.11584770425732645,0.15899390819555256
2023-06-14,20.8309,20.8309,20.8309,0.11602286823894609,0.1560872004672989
2023-06-15,20.9205,20.9205,20.9205,0.11413552050759285,0.15133811471963474
2023-06-16,20.9084,20.9084,20.9084,0.10598298332847907,0.1413925350968037
2023-06-20,20.5801,20.5801,20.5801,0.0984127702335877,0.15474306830417478
2023-06-21,20.4203,20.4203,20.4203,0.0913832866454743,0.15510427771101948
2023-06-22,20.5073,20.5073,20.5073,0.09107019474222611,0.15023968644594662
2023-06-23,20.3077,20.3077,20.3077,0.0845651808320671,0.15376542312837901
2023-06-26,20.4082,20.4082,20.4082,0.08570338220120519,0.14996075004778053
2023-06-27,20.4924,20.4924,20.4924,0.08559599775826189,0.14526355361579615
2023-06-28,20.7645,20.7645,20.7645,0.09891771220410046,0.15432329978609657
2023-06-29,20.7526,20.7526,20.7526,0.091852161332379,0.14415020694423256
2023-06-30,20.919,20.919,20.919,0.09717700695149475,0.14573947787678734
2023-07-03,20.9637,20.9637,20.9637,0.0934286493121022,0.1385223723141596
2023-07-05,20.8026,20.8026,20.8026,0.08675517436123775,0.14013506000600517
2023-07-06,20.4746,20.4746,20.4746,0.08055837619257791,0.15355398429129075
2023-07-07,20.7724,20.7724,20.7724,0.09607563503596538,0.1638572711276273
2023-07-10,20.7469,20.7469,20.7469,0.08921308967625355,0.1539746089042254
2023-07-11,20.8328,20.8328,20.8328,0.08897644041366391,0.14911213683963778
2023-07-12,21.1358,21.1358,21.1358,0.1042638375269737,0.160104127065378
2023-07-13,21.3765,21.3765,21.3765,0.11400927770361846,0.16586097513213674
2023-07-14,21.3661,21.3661,21.3661,0.10586575786764571,0.1547566197655556
2023-07-17,21.3553,21.3553,21.3553,0.09830391801995672,0.14447400406801592
2023-07-18,21.2847,21.2847,21.2847,0.0912822095899598,0.139197289491729
2023-07-19,21.4241,21.4241,21.4241,0.09471919461924827,0.13921176881374822
2023-07-20,21.0582,21.0582,21.0582,0.08795353786073054,0.1554037853270519
2023-07-21,21.0654,21.0654,21.0654,0.08218542801353557,0.14481780066083397
2023-07-24,21.0988,21.0988,21.0988,0.07870075458399733,0.13685938632791728
2023-07-25,21.219,21.219,21.219,0.08166498639942613,0.13566943016163752
2023-07-26,21.1843,21.1843,21.1843,0.07583177308518141,0.1284573280072349
2023-07-27,21.387,21.387,21.387,0.08489378929338275,0.1337603760067181
2023-07-31,21.4746,21.4746,21.4746,0.085087090058141,0.1304632062919524
2023-08-02,20.9217,20.9217,20.9217,0.07900944076827378,0.16063726298538422
2023-08-03,20.8855,20.8855,20.8855,0.07336590928482566,0.15174888705785683
2023-08-04,21.2005,21.2005,21.2005,0.0906254871930525,0.16340968083943858
2023-08-07,21.0895,21.0895,21.0895,0.08415223810783445,0.15966613220805015
2023-08-08,20.7977,20.7977,20.7977,0.07814136395727483,0.169104265621761
2023-08-09,20.8506,20.8506,20.8506,0.07633840938889813,0.16080396093449245
2023-08-10,21.0281,21.0281,21.0281,0.083564237289691,0.16199653515345716
2023-08-11,20.7465,20.7465,20.7465,0.07759536319757022,0.1705396397853529
2023-08-15,20.7425,20.7425,20.7425,0.07205283725488663,0.15864395122925634
2023-08-16,20.5725,20.5725,20.5725,0.06690620602239473,0.1594550975700236
2023-08-17,20.4073,20.4073,20.4073,0.06212719130650939,0.15986544774359351
2023-08-18,20.2645,20.2645,20.2645,0.057689534784615866,0.15864648719047952
2023-08-21,20.1672,20.1672,20.1672,0.053568853728571876,0.15426459524830244
2023-08-22,20.3218,20.3218,20.3218,0.06078536417653092,0.15428855273056644
2023-08-23,20.5476,20.5476,20.5476,0.07257212387820726,0.15939651324981166
2023-08-24,20.3251,20.3251,20.3251,0.06738840074404959,0.1639039051605394
2023-08-25,20.2739,20.2739,20.2739,0.06257494354804605,0.1558536262205007
2023-08-28,20.5933,20.5933,20.5933,0.0809195904374712,0.16753551006189338
2023-08-29,20.8569,20.8569,20.8569,0.093968191120509,0.17439725934318673
2023-08-30,20.9574,20.9574,20.9574,0.09443474889761551,0.16911888367581626
2023-08-31,20.9995,20.9995,20.9995,0.09069655254778593,0.1600461062704009
2023-09-01,21.1256,21.1256,21.1256,0.0932253702229439,0.15762138439394352
2023-09-05,21.2103,21.2103,21.2103,0.09261641520701945,0.1524127140800905
2023-09-06,21.1019,21.1019,21.1019,0.08600095697794663,0.14926894878865543
2023-09-07,20.8639,20.8639,20.8639,0.07985803147952186,0.15560688101803716
2023-09-08,20.9238,20.9238,20.9238,0.07843245780241308,0.1487706752310344
2023-09-11,20.9453,20.9453,20.9453,0.07436585367366925,0.13967991271453192
2023-09-12,20.9433,20.9433,20.9433,0.06905400698269287,0.12984563323492243
2023-09-13,20.9336,20.9336,20.9336,0.06412157791250052,0.121263802289571
2023-09-14,21.0669,21.0669,21.0669,0.06906289377589349,0.12212353069745893
2023-09-15,20.9468,20.9468,20.9468,0.06412982993475823,0.12197899279049763
2023-09-18,20.8606,20.8606,20.8606,0.059549127796561206,0.11942335044831909
2023-09-19,20.7652,20.7652,20.7652,0.05529561866823541,0.11770739684486783
2023-09-20,20.9091,20.9091,20.9091,0.061624503049075637,0.11957829707023432
2023-09-21,20.4712,20.4712,20.4712,0.05722275283128452,0.14231556156521752
2023-09-22,20.5178,20.5178,20.5178,0.056463984771907165,0.13547873573913066
2023-09-25,20.4339,20.4339,20.4339,0.05243084300248522,0.13179454032919274
2023-09-26,20.2129,20.2129,20.2129,0.048685782788021985,0.13816635887710754
2023-09-27,20.1769,20.1769,20.1769,0.04520822687459184,0.13086876181445709
2023-09-28,20.3991,20.3991,20.3991,0.05785049638354963,0.13739242168485305
2023-09-29,20.4907,20.4907,20.4907,0.06026117521329606,0.13412153442164923
2023-10-02,20.4064,20.4064,20.4064,0.05595680555520348,0.13056285339153134
2023-10-03,20.1602,20.1602,20.1602,0.051959890872688944,0.13882264957785065
2023-10-04,20.2483,20.2483,20.2483,0.0545413272389255,0.1351996031794328
2023-10-05,20.1154,20.1154,20.1154,0.050645518150430814,0.13503534580947327
2023-10-06,20.4724,20.4724,20.4724,0.07252798113968573,0.1508899639659394
2023-10-10,20.7106,20.7106,20.7106,0.08436169677256526,0.1571263951112294
2023-10-11,20.5555,20.5555,20.5555,0.0783358612888106,0.1569816526032845
2023-10-12,20.5742,20.5742,20.5742,0.07407615691103858,0.1471043917030501
2023-10-16,20.3873,20.3873,20.3873,0.0687850028459644,0.14994693515283233
2023-10-17,20.436,20.436,20.436,0.06735035978553838,0.14271501121334432
2023-10-18,20.1682,20.1682,20.1682,0.06253961980085707,0.1516496532695341
2023-10-19,20.2274,20.2274,20.2274,0.06230107552936732,0.14504610660742456
2023-10-20,19.917,19.917,19.917,0.057850998705841074,0.15685709899260836
2023-10-24,19.8168,19.8168,19.8168,0.05371878451256671,0.15281016335027925
2023-10-25,19.4526,19.4526,19.4526,0.049881728475954804,0.1679094373966879
2023-10-26,19.2232,19.2232,19.2232,0.04631874787052946,0.17230162043978176
2023-10-27,19.2847,19.2847,19.2847,0.04740312302263466,0.1643872189797975
2023-10-30,19.2246,19.2246,19.2246,0.04401718566387504,0.1569381319098121
2023-10-31,19.392,19.392,19.392,0.05283024383074116,0.1576854082019684
2023-11-01,19.5411,19.5411,19.5411,0.05970665498568827,0.15707216475897073
2023-11-02,19.9661,19.9661,19.9661,0.08579903677242487,0.17620986727618715
2023-11-03,20.3211,20.3211,20.3211,0.10502767700296599,0.1889805910421738
2023-11-06,20.2085,20.2085,20.2085,0.0975257000741827,0.18352483453916144
2023-11-07,20.3594,20.3594,20.3594,0.10133815006888394,0.18119448921493564
2023-11-08,20.3775,20.3775,20.3775,0.09539256792110655,0.16954488284244026
2023-11-09,20.6342,20.6342,20.6342,0.10691452735531312,0.17577024835369442
2023-11-10,20.6447,20.6447,20.6447,0.1000277754013622,0.16396523061414484
2023-11-13,20.8842,20.8842,20.8842,0.10999007715840774,0.16936057128456303
2023-11-14,21.3793,21.3793,21.3793,0.1374979287899501,0.19262767333566572
2023-11-15,21.3871,21.3871,21.3871,0.12823379101923935,0.1794256966688324
2023-11-16,21.2154,21.2154,21.2154,0.11907423451786511,0.17887386119248733
2023-11-17,21.2404,21.2404,21.2404,0.11235464633801776,0.1678828711073098
2023-11-20,21.4142,21.4142,21.4142,0.11674360017101648,0.16830552317107336
2023-11-21,21.3591,21.3591,21.3591,0.10840477158737244,0.1602194143731395
2023-11-22,21.4464,21.4464,21.4464,0.10689728790256006,0.15501088477505803
2023-11-24,21.5322,21.5322,21.5322,0.10539033876666284,0.1500672501482681
2023-11-27,21.4391,21.4391,21.4391,0.09786245742618692,0.14599816085196324
2023-11-28,21.4942,21.4942,21.4942,0.09480799618145924,0.13950543507682295
2023-11-29,21.6383,21.6383,21.6383,0.09832885359706942,0.1398336182856214
2023-11-30,21.6318,21.6318,21.6318,0.09130536405442159,0.1303097884080772
2023-12-01,21.8779,21.8779,21.8779,0.10236212376482019,0.1385805178075004
2023-12-04,21.7515,21.7515,21.7515,0.09505054349590446,0.13771048082125037
2023-12-06,21.9659,21.9659,21.9659,0.10357550467476852,0.1431883036197326
2023-12-07,21.9675,21.9675,21.9675,0.09629154005514218,0.13307485336118025
2023-12-08,22.1284,22.1284,22.1284,0.10090643005120331,0.13506236383538153
2023-12-12,22.4025,22.4025,22.4025,0.11327739933326027,0.14499362356142578
2023-12-13,22.4155,22.4155,22.4155,0.10611472795231322,0.13556550759275263
2023-12-14,22.7654,22.7654,22.7654,0.123527961670005,0.15087511419327015
2023-12-15,22.6928,22.6928,22.6928,0.11470453583643321,0.14528403460803668
2023-12-18,22.6405,22.6405,22.6405,0.1065113547052594,0.1386423178503197
2023-12-19,22.8037,22.8037,22.8037,0.11056054365488371,0.14039643800386828
2023-12-20,22.8418,22.8418,22.8418,0.10538479053667774,0.13308954957502053
2023-12-21,22.726,22.726,22.726,0.09785730549834362,0.13185458174823336
2023-12-22,22.7732,22.7732,22.7732,0.09423892653417622,0.12580782590907386
2023-12-26,22.8413,22.8413,22.8413,0.0923718603531637,0.12168583834414008
2023-12-27,22.874,22.874,22.874,0.0881095846136519,0.11532970703384425
2023-12-28,22.8864,22.8864,22.8864,0.08270175714124815,0.10797758510285534
2024-01-02,22.4984,22.4984,22.4984,0.07679448877401615,0.12797918616693696
2024-01-03,22.1922,22.1922,22.1922,0.0713091681473007,0.14070924429787007
2024-01-04,22.2264,22.2264,22.2264,0.06865851327963651,0.13310144113373662
2024-01-05,22.2257,22.2257,22.2257,0.06375433375966247,0.12364419533846985
2024-01-08,22.5597,22.5597,22.5597,0.08305759563397228,0.13866960995715055
2024-01-09,22.5414,22.5414,22.5414,0.07712491023154568,0.13007178067449693
2024-01-10,22.5454,22.5454,22.5454,0.07190170235786393,0.12106665348346152
2024-01-11,22.4972,22.4972,22.4972,0.06676586647515936,0.11586189252035721
2024-01-12,22.7846,22.7846,22.7846,0.08252544744121952,0.12811461448318898
2024-01-16,22.6526,22.6526,22.6526,0.07663077262398955,0.12839214202010416
2024-01-17,22.3969,22.3969,22.3969,0.0711571460079903,0.13748556044723964
2024-01-18,22.7521,22.7521,22.7521,0.09144592129313385,0.1530365918438654
2024-01-19,22.9155,22.9155,22.9155,0.0965854983436245,0.1537768352835895
2024-01-22,23.2543,23.2543,23.2543,0.11388653417622269,0.16699277562047593
2024-01-23,23.3233,23.3233,23.3233,0.11068035316363528,0.15999329164758475
2024-01-24,23.6123,23.6123,23.6123,0.1234174707948043,0.1692080565299002
2024-01-25,23.6072,23.6072,23.6072,0.11460193716660398,0.15748605249205033
2024-01-26,23.5405,23.5405,23.5405,0.10641608451184655,0.1510013344569037
2024-01-29,23.4308,23.4308,23.4308,0.09881493561814322,0.14805123913855342
2024-01-30,23.3786,23.3786,23.3786,0.091756725931133,0.14120472205722837
2024-01-31,23.1647,23.1647,23.1647,0.08520267407890922,0.1463972419102834
2024-02-01,23.0965,23.0965,23.0965,0.07911676878755856,0.1408117246309775
2024-02-02,23.179,23.179,23.179,0.07935842815987579,0.1366466014430505
2024-02-05,23.279,23.279,23.279,0.08083282614845619,0.13402898705426128
2024-02-06,23.4171,23.4171,23.4171,0.08492333856642371,0.13431977369324272
2024-02-07,23.5118,23.5118,23.5118,0.08562167152596485,0.13148978985801107
2024-02-08,23.7732,23.7732,23.7732,0.09817726641696725,0.14076909058243872
2024-02-09,23.9424,23.9424,23.9424,0.10325031881575532,0.14279986982655024
2024-02-12,24.113,24.113,24.113,0.10806101032891569,0.14478559341036812
2024-02-13,23.6009,23.6009,23.6009,0.10034236673399313,0.17102233673819903
2024-02-14,23.8233,23.8233,23.8233,0.10906076911013651,0.1746921698283277
2024-02-15,24.0424,24.0424,24.0424,0.11692071417369826,0.17786415769773292
2024-02-16,24.0681,24.0681,24.0681,0.11040494887557699,0.16699528929075202
2024-02-20,23.8208,23.8208,23.8208,0.10251888109875006,0.17273134005569848
2024-02-21,23.7238,23.7238,23.7238,0.09519610387741077,0.16732195862314844
2024-02-22,24.0978,24.0978,24.0978,0.11511066788616707,0.18208467586435206
2024-02-23,24.2599,24.2599,24.2599,0.11846704875144076,0.18065719901689828
2024-02-27,24.1878,24.1878,24.1878,0.11000511669776641,0.17290311337283404
2024-02-28,24.1317,24.1317,24.1317,0.10214760836221166,0.16456003384620307
2024-02-29,24.1193,24.1193,24.1193,0.09485135062205369,0.15369146000004566
2024-03-01,24.3698,24.3698,24.3698,0.10596911129190717,0.1606063557143283
2024-03-04,24.3971,24.3971,24.3971,0.10034988905677071,0.15108447316330462
2024-03-05,24.0703,24.0703,24.0703,0.09318203983842994,0.16363558222306848
2024-03-06,24.2991,24.2991,24.2991,0.10286903699282778,0.16829018349284927
2024-03-07,24.3383,24.3383,24.3383,0.09832124863619729,0.15906945610050294
2024-03-08,24.2842,24.2842,24.2842,0.09129830230504034,0.15157163780761
2024-03-11,24.2083,24.2083,24.2083,0.08477699499753745,0.14616652082135193
2024-03-12,24.4738,24.4738,24.4738,0.09768578106914189,0.1546903407626839
2024-03-13,24.5241,24.5241,24.5241,0.09430108242134604,0.14723388785106362
2024-03-14,24.3302,24.3302,24.3302,0.08756529081982131,0.15056718157598759
2024-03-15,24.1601,24.1601,24.1601,0.08131062718983408,0.15196238289198857
2024-03-18,24.3485,24.3485,24.3485,0.08895986810484603,0.1545650698282752
2024-03-19,24.3341,24.3341,24.3341,0.08260559181164275,0.14455327912625568
2024-03-20,24.4634,24.4634,24.4634,0.08594090668223973,0.14346375918866602
2024-03-21,24.8959,24.8959,24.8959,0.11069512763350842,0.16410920496090425
2024-03-22,24.8614,24.8614,24.8614,0.10278833280254353,0.15485140460655406
2024-03-25,24.7706,24.7706,24.7706,0.09544630903093328,0.15027630427751434
2024-03-26,24.7852,24.7852,24.7852,0.08967157267158075,0.14058513968626318
2024-03-27,24.8008,24.8008,24.8008,0.08438074605218207,0.1316576297086729
2024-03-28,24.9381,24.9381,24.9381,0.08816069276274048,0.1320606561580534
2024-04-01,24.8756,24.8756,24.8756,0.08186350042254473,0.12709203786104958
2024-04-02,24.841,24.841,24.841,0.07601610753522009,0.12048546372811729
2024-04-03,25.0499,25.0499,25.0499,0.08550781413984722,0.12680078774753747
2024-04-04,25.2204,25.2204,25.2204,0.0915786845584296,0.12992216005128485
2024-04-05,24.8825,24.8825,24.8825,0.0850373499471132,0.14477772004762174
2024-04-09,24.9341,24.9341,24.9341,0.08264896780803373,0.1381221686156488
2024-04-10,24.6902,24.6902,24.6902,0.0767454701074599,0.1456777280002453
2024-04-11,24.8301,24.8301,24.8301,0.08125650795692711,0.14526503314308498
2024-04-17,23.9862,23.9862,23.9862,0.07545247167428946,0.19516753077572188
2024-04-18,24.0151,24.0151,24.0151,0.07212729512612594,0.18329127857745603
2024-04-19,23.6597,23.6597,23.6597,0.06697534547425979,0.1955847586790663
2024-04-22,23.7437,23.7437,23.7437,0.06819139222609835,0.1876144187734187
2024-04-23,24.164,24.164,24.164,0.09334200706709139,0.2042348174324603
2024-04-24,24.2995,24.2995,24.2995,0.09635329227658464,0.19932518761585577
2024-04-25,23.9973,23.9973,23.9973,0.0894709142568286,0.20667338850043743
2024-04-26,24.44,24.44,24.44,0.11470156323848385,0.22353243217897778
2024-04-29,24.4886,24.4886,24.4886,0.1099800230071636,0.21103725845190796
2024-04-30,24.3455,24.3455,24.3455,0.10212430707808048,0.20618459713391457
2024-05-02,24.3068,24.3068,24.3068,0.09482971371536043,0.1942214116243494
2024-05-03,24.667,24.667,24.667,0.11378473416426345,0.20607702507975317
2024-05-07,24.9607,24.9607,24.9607,0.12663582458110162,0.21233580900262777
2024-05-08,24.9967,24.9967,24.9967,0.12016183711102303,0.19974039407386876
2024-05-09,25.0333,25.0333,25.0333,0.11419313446023566,0.18808750878287814
2024-05-10,25.0044,25.0044,25.0044,0.10603648199879026,0.17671697244124399
2024-05-13,25.2027,25.2027,25.2027,0.11262673328459094,0.1782586172668694
2024-05-14,25.2531,25.2531,25.2531,0.10818196662140585,0.16912585889066442
2024-05-15,25.5164,25.5164,25.5164,0.11926182614844837,0.17585258325561703
2024-05-16,25.5216,25.5216,25.5216,0.11111455285213051,0.16366311302307285
2024-05-17,25.4574,25.4574,25.4574,0.10317779907697834,0.15655860494999618
2024-05-20,25.446,25.446,25.446,0.0958079562857656,0.14619013316785348
2024-05-21,25.4478,25.4478,25.4478,0.08909310226535372,0.13587655222729247
2024-05-23,25.5432,25.5432,25.5432,0.08954359496068544,0.13298536992534285
2024-05-24,25.5137,25.5137,25.5137,0.08314762389206505,0.12559355778781828
2024-05-28,25.5593,25.5593,25.5593,0.08046565075691757,0.11987973223154556
2024-05-29,25.2156,25.2156,25.2156,0.0747181042742806,0.13586689421500675
2024-05-30,25.0721,25.0721,25.0721,0.0693810968261177,0.13641211605679196
2024-05-31,24.8326,24.8326,24.8326,0.06442530419568072,0.14377553633844967
2024-06-04,25.0037,25.0037,25.0037,0.07204492532456062,0.14572728374284605
2024-06-05,25.359,25.359,25.359,0.09227743065852083,0.16069676347550013
2024-06-06,25.4628,25.4628,25.4628,0.09310047132576932,0.1566327089415358
2024-06-07,25.4203,25.4203,25.4203,0.08645043765964294,0.14848037258856897
2024-06-10,25.5092,25.5092,25.5092,0.08662540639823979,0.1442246316893854
2024-06-11,25.3729,25.3729,25.3729,0.08043787736979408,0.14365858656871489
2024-06-12,25.9179,25.9179,25.9179,0.11362088612909438,0.17232583038523513
2024-06-13,25.59,25.59,25.59,0.10550510854844478,0.18343827107200406
2024-06-14,25.5725,25.5725,25.5725,0.09796902936641301,0.17158553742400365
2024-06-17,25.6094,25.6094,25.6094,0.09360695584024059,0.1619651418937176
2024-06-18,25.8088,25.8088,25.8088,0.10116360185165203,0.16463906032988068
2024-06-20,25.8737,25.8737,25.8737,0.09857334457653388,0.15751484173488906
2024-06-21,25.7761,25.7761,25.7761,0.09153239139249575,0.153235210182397
2024-06-24,25.9143,25.9143,25.9143,0.09486579200731757,0.15216126659794016
2024-06-25,25.7939,25.7939,25.7939,0.08808966400679488,0.1498926046980873
2024-06-26,25.9235,25.9235,25.9235,0.09105468800630953,0.1484431329339382
2024-06-27,26.0638,26.0638,26.0638,0.09457221029157313,0.14786148058151405
2024-06-28,26.1397,26.1397,26.1397,0.09323848098503225,0.14272137482569167
2024-07-01,26.0162,26.0162,26.0162,0.08657858948610138,0.1413484194809994
2024-07-02,26.2037,26.2037,26.2037,0.09378726166566557,0.1446449609466423
2024-07-03,26.4851,26.4851,26.4851,0.10718817154668932,0.154413178021882
2024-07-05,26.5999,26.5999,26.5999,0.10773187357906883,0.15158366530603345
2024-07-08,26.6029,26.6029,26.6029,0.1002510254662782,0.1409705463556025
2024-07-09,26.4286,26.4286,26.4286,0.09309023793297262,0.1433512216159168
2024-07-10,26.5579,26.5579,26.5579,0.09567664950918892,0.14234756292906564
2024-07-11,26.6998,26.6998,26.6998,0.09897831740138968,0.14231559414841807
2024-07-12,26.8896,26.8896,26.8896,0.1054655804441477,0.1457073374235312
2024-07-15,26.9451,26.9451,26.9451,0.10189661041242276,0.13926395617899315
2024-07-16,26.9772,26.9772,26.9772,0.09691113824010683,0.13160938788049362
2024-07-17,26.6033,26.6033,26.6033,0.0899889140800992,0.148915860174744
2024-07-18,26.338,26.338,26.338,0.08356113450294925,0.15722901301940514
2024-07-19,26.1762,26.1762,26.1762,0.07759248203845287,0.1575555120894476
2024-07-23,26.3917,26.3917,26.3917,0.08744301903570614,0.16169440408305838
2024-07-24,25.8074,25.8074,25.8074,0.08119708910458427,0.19188051807712558
2024-07-25,25.6217,25.6217,25.6217,0.07539729702568539,0.19143905250018808
2024-07-26,25.7325,25.7325,25.7325,0.07792606152385081,0.18567912017874616
2024-07-30,25.6254,25.6254,25.6254,0.07235991427214719,0.1800663258802645
2024-07-31,25.9372,25.9372,25.9372,0.08946277753842252,0.18947587403167432
2024-08-01,25.4873,25.4873,25.4873,0.08307257914282092,0.20807759731512612
2024-08-02,24.5461,24.5461,24.5461,0.07713882348976228,0.2604434832211887
2024-08-05,23.9527,23.9527,23.9527,0.07162890752620783,0.2842260915625323
2024-08-06,24.1995,24.1995,24.1995,0.08414112841719303,0.28155279930806576
2024-08-07,24.6099,24.6099,24.6099,0.10744533353025061,0.290756170786061
2024-08-08,24.4816,24.4816,24.4816,0.09977066684951841,0.27915215858705655
2024-08-09,24.491,24.491,24.491,0.09331561921740991,0.2598841472594096
2024-08-13,24.8703,24.8703,24.8703,0.11374307498759498,0.2684138510265947
2024-08-14,24.9113,24.9113,24.9113,0.10854714105990965,0.2521700045246951
2024-08-15,25.3578,25.3578,25.3578,0.13268663098420186,0.26605071848721695
2024-08-16,25.485,25.485,25.485,0.13229472877104448,0.2561328100238442
2024-08-19,25.4243,25.4243,25.4243,0.12284510528739845,0.24217332359356966
2024-08-20,25.3452,25.3452,25.3452,0.11407045490972713,0.23052522905117187
2024-08-21,25.483,25.483,25.483,0.11576542241617534,0.22390199840465974
2024-08-22,25.4503,25.4503,25.4503,0.10749646367216281,0.21024471280432705
2024-08-23,25.634,25.634,25.634,0.1129395734098656,0.2083486618897324
2024-08-26,25.476,25.476,25.476,0.10487246102344663,0.20475232889760872
2024-08-27,25.543,25.543,25.543,0.1021672852360576,0.19491287683349384
2024-08-28,25.3442,25.3442,25.3442,0.09486962200491063,0.19519052848824417
2024-08-29,25.6244,25.6244,25.6244,0.10810750614741707,0.2012626335962268
2024-08-30,25.399,25.399,25.399,0.10038554142260156,0.20298673119649632
2024-09-03,25.1582,25.1582,25.1582,0.09321514560670145,0.20568767896817516
2024-09-04,24.9651,24.9651,24.9651,0.08655692092050848,0.20478855904187704
2024-09-05,24.6546,24.6546,24.6546,0.08037428371190072,0.21233937625317162
2024-09-06,24.2402,24.2402,24.2402,0.07463326344676495,0.22677227794937346
2024-09-09,24.5264,24.5264,24.5264,0.08974517320056727,0.23101711523870375
2024-09-10,24.3512,24.3512,24.3512,0.08333480368624104,0.22703017843593923
2024-09-11,24.3266,24.3266,24.3266,0.07738231770865238,0.21257087997622925
2024-09-12,24.7496,24.7496,24.7496,0.10206929501517735,0.22760153140649875
2024-09-13,24.881,24.881,24.881,0.10416434537123606,0.22072999344889163
2024-09-16,24.6672,24.6672,24.6672,0.09672403498757634,0.22023499391682788
2024-09-17,24.898,24.898,24.898,0.1063008896313208,0.22098963720848291
2024-09-18,24.688,24.688,24.688,0.0987079689433693,0.22020466312216275
2024-09-19,25.182,25.182,25.182,0.12694311401884292,0.23976147289915112
2024-09-20,25.0064,25.0064,25.0064,0.11787574873178272,0.2351785105492117
2024-09-23,25.0945,25.0945,25.0945,0.11574890953665544,0.22467290265283948
2024-09-24,25.2242,25.2242,25.2242,0.11674541599832289,0.21788912389192236
2024-09-25,25.1199,25.1199,25.1199,0.1084064577127284,0.20977561504249922
2024-09-26,25.3885,25.3885,25.3885,0.1198488535903906,0.2139773568251778
2024-09-27,25.4019,25.4019,25.4019,0.11224536404821989,0.19965040276623658
2024-09-30,25.0985,25.0985,25.0985,0.1042278380447756,0.20706108828293396
2024-10-01,25.0918,25.0918,25.0918,0.09678299247014877,0.19274958197701025
2024-10-02,25.3459,25.3459,25.3459,0.10801992157942393,0.19713175469293817
2024-10-03,25.4585,25.4585,25.4585,0.10834707003803654,0.1910937722148712
2024-10-04,25.6112,25.6112,25.6112,0.11151513646389102,0.1883513599138089
2024-10-07,25.706,25.706,25.706,0.11032119814504161,0.18166911991996537
2024-10-08,25.6561,25.6561,25.6561,0.10244111256325292,0.1722570399256822
2024-10-09,25.7859,25.7859,25.7859,0.10439531880873507,0.1692243942167051
2024-10-10,25.7507,25.7507,25.7507,0.09693851032239684,0.15965122320122638
2024-10-11,25.8111,25.8111,25.8111,0.09432861672794002,0.1525618501154246
2024-10-15,25.8121,25.8121,25.8121,0.08766228696165868,0.14173600367860864
2024-10-16,25.706,25.706,25.706,0.0814006950358259,0.1391905748444224
2024-10-17,25.8325,25.8325,25.8325,0.08462207396183834,0.13828410521267795
2024-10-18,25.8951,25.8951,25.8951,0.08304906867884987,0.13287809769748665
2024-10-21,25.8674,25.8674,25.8674,0.0771169923446463,0.12536537643338042
2024-10-22,25.8626,25.8626,25.8626,0.07160863574860014,0.11675356383099605
2024-10-24,25.7842,25.7842,25.7842,0.0664937331951287,0.11401402355735361
2024-10-25,26.0447,26.0447,26.0447,0.08035132368119097,0.12447730758897124
2024-10-28,26.0942,26.0942,26.0942,0.07814765770396317,0.11912178561833058
2024-10-29,26.1784,26.1784,26.1784,0.07857996786796574,0.11662737235987833
2024-10-30,25.9968,25.9968,25.9968,0.0729671130202539,0.1212682743341727
2024-10-31,25.5107,25.5107,25.5107,0.06775517637595005,0.14732768331030327
2024-11-01,25.7674,25.7674,25.7674,0.08125123520623924,0.15513999164528153
2024-11-04,25.6099,25.6099,25.6099,0.07544757554865071,0.1553085636706185
2024-11-05,25.8039,25.8039,25.8039,0.08391560586660417,0.1580722376941457
2024-11-06,26.2585,26.2585,26.2585,0.11039306259041837,0.17925279214456408
2024-11-07,26.7182,26.7182,26.7182,0.13534355811967405,0.19928473556280935
2024-11-08,26.4298,26.4298,26.4298,0.1256761611111259,0.2056501115940372
2024-11-12,26.3792,26.3792,26.3792,0.11669929246033119,0.19457510362303448
2024-11-13,26.3815,26.3815,26.3815,0.10852791442745026,0.18084116764996044
2024-11-14,26.509,26.509,26.509,0.10988306339691818,0.17703108424639194
2024-11-15,26.0108,26.0108,26.0108,0.10203427315428117,0.19997172108593542
2024-11-18,26.1537,26.1537,26.1537,0.10495325364326115,0.19589516957979722
2024-11-19,25.9993,25.9993,25.9993,0.09745659266874249,0.1929312288955259
2024-11-20,26.02,26.02,26.02,0.0919739789066893,0.18062899826013104
2024-11-21,26.1015,26.1015,26.1015,0.09122583755621162,0.1735483555272647
2024-11-22,26.236,26.236,26.236,0.09431684915933931,0.17075918727531714
2024-11-25,26.4793,26.4793,26.4793,0.10495850279081492,0.1759406738985086
2024-11-26,26.5265,26.5265,26.5265,0.10083289544861387,0.16674491147718656
2024-11-27,26.2935,26.2935,26.2935,0.09363054577371288,0.17147741780024445
2024-11-29,26.3597,26.3597,26.3597,0.09167122107559042,0.163957602243084
2024-12-02,26.6671,26.6671,26.6671,0.10708041957019121,0.1742034877971495
2024-12-03,26.6104,26.6104,26.6104,0.09943181817232041,0.16581038152592473
2024-12-04,26.833,26.833,26.833,0.10822954544572609,0.16986678284550152
2024-12-06,26.7861,26.7861,26.7861,0.10049886362817423,0.1610834412136798
2024-12-09,26.9552,26.9552,26.9552,0.10539894479759036,0.16165605255555984
2024-12-11,26.8437,26.8437,26.8437,0.09787044874061962,0.15807347737302008
2024-12-12,26.845,26.845,26.845,0.09097255954486111,0.1468753718463758
2024-12-13,26.7916,26.7916,26.7916,0.08447451957737104,0.14019855957163466
2024-12-16,26.8073,26.8073,26.8073,0.07956205389327328,0.13130580531651806
2024-12-17,26.905,26.905,26.905,0.08085762147232516,0.12890539065105247
2024-12-18,26.9216,26.9216,26.9216,0.0762677913671591,0.12088357703312018
2024-12-19,26.4037,26.4037,26.4037,0.07082009198379059,0.14924189295932597
2024-12-20,26.5311,26.5311,26.5311,0.07486151398494825,0.14768175774794542
2024-12-23,26.3147,26.3147,26.3147,0.06951426298602338,0.1525902036230922
2024-12-24,26.4968,26.4968,26.4968,0.0775561013441647,0.1546980462214429
2024-12-26,26.5995,26.5995,26.5995,0.07935209410529569,0.1509839000627683
2024-12-27,26.2037,26.2037,26.2037,0.07368408738348886,0.16847076434399896
2024-12-30,26.0276,26.0276,26.0276,0.06842093828466822,0.16901570974799915

