Date,gains,losses,Close
2019-08-22,0.04750885640963751,0.05077451361064965,10.7253
2019-08-23,0.04592522786264959,0.05645536315696137,10.5041
2019-08-26,0.04445438693389464,0.05457351771839599,10.5059
2019-08-27,0.04329924070276483,0.052754400461116124,10.5157
2019-08-28,0.04185593267933933,0.05099925377907897,10.5156
2019-08-29,0.04694073492336141,0.04929927865310967,10.71
2019-08-30,0.04591271042591603,0.04765596936467268,10.7261
2019-09-03,0.04438228674505216,0.048614103719183635,10.6497
2019-09-04,0.04899287718688377,0.046993633595210846,10.8324
2019-09-05,0.05578978128065432,0.04542717914203715,11.0853
2019-09-06,0.05580012190463254,0.04391293983730258,11.1414
2019-09-09,0.0569234511744781,0.04244917517605916,11.2309
2019-09-10,0.055026002801995495,0.04275753600352386,11.1792
2019-09-11,0.0583784693752623,0.0413322848034064,11.3348
2019-09-12,0.05789252039608692,0.039954541976626186,11.3786
2019-09-13,0.0566961030495507,0.03862272391073865,11.4006
2019-09-16,0.05480623294789901,0.04083863311371403,11.2955
2019-09-17,0.05300602518296904,0.0394773453432569,11.2963
2019-09-18,0.05131582434353674,0.038161433831815,11.2986
2019-09-19,0.05180863019875214,0.03688938603742117,11.3647
2019-09-20,0.05008167585879374,0.03743307316950708,11.3115
2019-09-23,0.048412286663500614,0.0398086373971902,11.2028
2019-09-24,0.04679854377471726,0.04034168281728385,11.147
2019-09-25,0.04523859231556002,0.03966029339004105,11.1271
2019-09-26,0.04651397257170798,0.03833828361037301,11.2106
2019-09-27,0.04520684015265107,0.03706034082336058,11.2179
2019-09-30,0.043699945480896035,0.036234996129248555,11.2056
2019-10-01,0.042243280631532834,0.03580049625827364,11.1824
2019-10-02,0.040835171277148405,0.0424938130496645,10.9458
2019-10-03,0.03967733223457679,0.04107735261467568,10.9519
2019-10-04,0.043764754493424235,0.039708107527519826,11.1142
2019-10-07,0.04369259601031006,0.038384503943269165,11.1558
2019-10-08,0.042236176143299727,0.04352168714516016,10.9633
2019-10-09,0.041888303605189754,0.04207096424032149,10.9951
2019-10-10,0.04426202681835007,0.040668598765644104,11.1082
2019-10-11,0.05025329259107174,0.0393129788067893,11.3322
2019-10-15,0.05153818283803598,0.038002546179896325,11.421
2019-10-16,0.04982024341010145,0.03744246130723307,11.3998
2019-10-17,0.04815956862976474,0.03658437926365867,11.3881
2019-10-18,0.04655424967543925,0.03946489995487003,11.2651
2019-10-21,0.04897577468625792,0.038149403289707694,11.3843
2019-10-22,0.047663248863382676,0.036877756513384104,11.3939
2019-10-24,0.049037807234603215,0.03564849796293797,11.4828
2019-10-25,0.05097988032678312,0.0344602146975067,11.5901
2019-10-28,0.05273388431589035,0.03331154087425648,11.6937
2019-10-29,0.05097608817202734,0.03651448951178128,11.5643
2019-10-30,0.04927688523295976,0.03602067319472188,11.5426
2019-10-31,0.047634322391861106,0.035706650754897824,11.516
2019-11-01,0.050099844978799095,0.0345164290630679,11.6376
2019-11-04,0.05428985014617242,0.033365881427632305,11.8134
2019-11-05,0.05495352180796671,0.03225368538004456,11.8876
2019-11-06,0.05312173774770115,0.03244856253404308,11.8495
2019-11-07,0.05540767982277774,0.03136694378290831,11.9712
2019-11-08,0.05356075716201848,0.03301804565681136,11.8903
2019-11-12,0.052292065256617844,0.03191744413491765,11.9058
2019-11-13,0.05054899641473058,0.03354686266375373,11.825
2019-11-14,0.0488640298675729,0.033841967241628565,11.7826
2019-11-15,0.05183856220532045,0.032713901666907616,11.9207
2019-11-18,0.0501639434651431,0.031623438278010695,11.9223
2019-11-19,0.048491812016304994,0.03151599033541032,11.8939
2019-11-20,0.04687541828242816,0.03124545732422999,11.8705
2019-11-21,0.045312904339680556,0.03431727541342233,11.7471
2019-11-22,0.045089140861691225,0.03317336623297492,11.7857
2019-11-25,0.04833950283296817,0.03206758735854242,11.9283
2019-11-26,0.04739485273853589,0.030998667779924338,11.9483
2019-11-27,0.04807835764725136,0.02996537885392686,12.0162
2019-11-29,0.046475745725676317,0.029733199558795952,11.9932
2019-12-02,0.044926554201487105,0.03343542624016944,11.8524
2019-12-03,0.04342900239477087,0.036417578698830444,11.7295
2019-12-04,0.04565803564827852,0.03520365940886943,11.8398
2019-12-06,0.04793943446000259,0.03403020409524045,11.9539
2019-12-09,0.04634145331133584,0.03448919729206578,11.9061
2019-12-11,0.045666738200957964,0.03333955738233026,11.9322
2019-12-12,0.047907846927592694,0.03222823880291925,12.0451
2019-12-13,0.0498042520300063,0.031153964176155277,12.1499
2019-12-16,0.05305077696233942,0.030115498703616767,12.2971
2019-12-17,0.05128241773026144,0.02938831541349621,12.2888
2019-12-18,0.05046967047258604,0.028408704899713005,12.3157
2019-12-19,0.05000068145683319,0.027461748069722573,12.3521
2019-12-20,0.050563992074938766,0.026546356467398488,12.419
2019-12-23,0.05072185900577411,0.025661477918485207,12.4743
2019-12-24,0.04903113037224831,0.02599276198786899,12.4387
2019-12-26,0.04935009269317331,0.02512633658827336,12.4973
2019-12-27,0.04897508960340086,0.024288792035330915,12.5354
2019-12-30,0.04734258661662084,0.026999165634153187,12.4298
2020-01-02,0.051094500396066826,0.02609919344634808,12.5897
2020-01-03,0.0493913503828646,0.02605922033146983,12.5648
2020-01-06,0.04774497203676911,0.02629724632042086,12.5316
2020-01-07,0.049393472968876834,0.025420671443073497,12.6288
2020-01-08,0.05108035720324759,0.02457331572830438,12.7288
2020-01-09,0.05331434529647268,0.02375420520402757,12.8469
2020-01-10,0.05184386711992359,0.022962398363893317,12.8561
2020-01-13,0.053179071549259486,0.022196985085096873,12.948
2020-01-14,0.05319310249761748,0.02145708558226031,13.0016
2020-01-15,0.05141999908103023,0.02185518272951831,12.9682
2020-01-16,0.05254933244499589,0.021126676638534368,13.0535
2020-01-17,0.052531021363496015,0.020422454083916557,13.1055
2020-01-21,0.0511399873180462,0.01974170561445267,13.1163
2020-01-22,0.05154532107411132,0.019083648760637582,13.1796
2020-01-23,0.04982714370497428,0.01899419380194969,13.1632
2020-01-24,0.05008290558147517,0.018361054008551366,13.2207
2020-01-27,0.048413475395426,0.028855685541599705,12.8875
2020-01-28,0.05146635954891182,0.027893829356879715,13.0275
2020-01-29,0.050274147563948116,0.026964035044983726,13.0432
2020-01-30,0.048598342645149846,0.03295523387681765,12.8365
2020-01-31,0.04697839789031152,0.03464339274759035,12.7529
2020-02-03,0.047379117960634445,0.03348861298933734,12.8119
2020-02-04,0.05496648069527998,0.032372325889692764,13.0869
2020-02-05,0.05635426467210399,0.03129324836003634,13.1835
2020-02-06,0.05787578918303386,0.03025014008136846,13.2855
2020-02-07,0.0563432628769327,0.029241802078656176,13.2974
2020-02-11,0.05969182078103496,0.02826707534270097,13.4542
2020-02-12,0.06066876008833381,0.027324839497944273,13.5432
2020-02-13,0.05869980141872268,0.026414011514679463,13.5448
2020-02-14,0.05687980803809857,0.025533544464190146,13.5489
2020-02-18,0.05498381443682862,0.03072575964871715,13.3676
2020-02-19,0.059581020622267666,0.02970156766042658,13.5605
2020-02-20,0.057594986601525414,0.03274151540507899,13.4396
2020-02-21,0.0556751537148079,0.03269679822490968,13.4082
2020-02-24,0.05381931525764764,0.04793690495074604,12.9183
2020-02-25,0.052025338082392715,0.04955900811905452,12.8217
2020-02-26,0.050291160146312956,0.05024037451508604,12.7517
2020-02-27,0.048614788141435855,0.06136902869791651,12.3676
2020-02-28,0.04699429520338799,0.07341672774131924,11.9448
2020-03-02,0.05538781869660839,0.07096950348327527,12.2436
2020-03-03,0.05699489140672145,0.0686038533671661,12.3472
2020-03-04,0.05509506169316407,0.06999705825492723,12.2368
2020-03-05,0.057201892970058586,0.06766382297976299,12.3551
2020-03-06,0.055295163204389965,0.0809283622137709,11.8895
2020-03-09,0.053451991097576965,0.0967974168066452,11.3325
2020-03-10,0.05167025806099106,0.09639416957975704,11.2478
2020-03-11,0.04994791612562469,0.09700769726043182,11.133
2020-03-12,0.04828298558810387,0.12263744068508409,10.2671
2020-03-13,0.04667355273516707,0.11946285932891462,10.2397
2020-03-16,0.04511776764399484,0.12415743068461745,9.9794
2020-03-17,0.043613842055861676,0.12061551632846357,9.9615
2020-03-18,0.042160047320666284,0.12991166578418145,9.562
2020-03-19,0.047951379076644124,0.12558127692470875,9.7779
2020-03-20,0.04975299977408927,0.12139523436055179,9.8799
2020-03-23,0.048094566448286295,0.12210539321520006,9.7372
2020-03-24,0.07026141423334344,0.11803521344136006,10.4503
2020-03-25,0.08097603375889867,0.11410070632664805,10.842
2020-03-26,0.08559016596693539,0.11029734944909311,11.0614
2020-03-27,0.08273716043470421,0.11520077113412336,10.804
2020-03-30,0.08545925508688075,0.11136074542965257,10.9684
2020-03-31,0.08855394658398466,0.1076487205819975,11.1467
2020-04-01,0.0856021483645185,0.12012376322926423,10.6648
2020-04-02,0.08317541008570123,0.11611963778828875,10.6776
2020-04-03,0.08040289641617786,0.11740898319534579,10.5228
2020-04-07,0.1096594665356386,0.1134953504221676,11.4809
2020-04-08,0.10761081765111731,0.10971217207476201,11.5291
2020-04-09,0.11152045706274673,0.10605509967226995,11.754
2020-04-13,0.1078031084939885,0.11151326301652763,11.4842
2020-04-14,0.11830967154418888,0.10779615424931004,11.9072
2020-04-15,0.11436601582604924,0.112959615774333,11.6445
2020-04-16,0.11718381529851427,0.1091942952485219,11.8434
2020-04-17,0.11667768812189706,0.1055544854069045,11.9454
2020-04-20,0.11519509851783384,0.10203600256000768,12.0176
2020-04-21,0.11135526190057271,0.11863146914134075,11.4177
2020-04-22,0.11664008650388694,0.11467708683662939,11.6876
2020-04-23,0.11807875028709072,0.1108545172754084,11.8474
2020-04-24,0.1141427919441877,0.10897270003289483,11.793
2020-04-27,0.12140803221271479,0.105340276698465,12.1251
2020-04-28,0.11857443113895764,0.1018289341418495,12.1615
2020-04-29,0.12588195010099237,0.09843463633712118,12.4993
2020-04-30,0.12168588509762596,0.09949014845921716,12.3692
2020-05-05,0.11762968892770509,0.1004638101772432,12.2405
2020-05-07,0.12065869929678155,0.09711501650466843,12.449
2020-05-08,0.12066674265355552,0.09387784928784615,12.5699
2020-05-11,0.11664451789843701,0.09157858764491797,12.545
2020-05-12,0.11432636730182245,0.08852596805675404,12.5921
2020-05-13,0.1105154883917617,0.1011184357881956,12.1258
2020-05-14,0.10683163877870298,0.10327782126192243,11.9599
2020-05-15,0.10704058415274625,0.09983522721985835,12.073
2020-05-18,0.11896256468098801,0.09650738631252974,12.5377
2020-05-19,0.1181638125249551,0.09329047343544541,12.6327
2020-05-20,0.12065168544078993,0.09018079098759724,12.8255
2020-05-21,0.11662996259276359,0.09280809795467734,12.6565
2020-05-22,0.11274229717300481,0.09192449468952144,12.5902
2020-05-26,0.11941422060057134,0.08886034486653739,12.9031
2020-05-27,0.1154337465805523,0.09008833337098615,12.7774
2020-05-28,0.11934928836120058,0.08708538892528661,13.0103
2020-05-29,0.11537097874916057,0.0905625426277771,12.8189
2020-06-01,0.11689861279085526,0.0875437912068512,12.9801
2020-06-02,0.11457199236449343,0.0846256648332895,13.0272
2020-06-04,0.1228295926190103,0.08180480933884651,13.3895
2020-06-05,0.12961193953170996,0.07907798236088497,13.7158
2020-06-08,0.12529154154731964,0.07689204961552215,13.7023
2020-06-09,0.12111515682907566,0.0755756479616714,13.6649
2020-06-10,0.11707798493477313,0.07328312636294902,13.6581
2020-06-11,0.11317538543694736,0.08702702215085073,13.1725
2020-06-12,0.10940287258904911,0.08742278807915567,13.0736
2020-06-15,0.10575611016941415,0.08885536180985054,12.9432
2020-06-16,0.11684423983043372,0.08589351641618886,13.3816
2020-06-17,0.11598276516941924,0.0830303992023159,13.4726
2020-06-18,0.11211667299710527,0.08260938589557203,13.4022
2020-06-19,0.11168611723053508,0.07985573969905296,13.5014
2020-06-22,0.10796324665618391,0.07950388170908454,13.4321
2020-06-23,0.11221447176764444,0.07685375231878172,13.6676
2020-06-24,0.10847398937538963,0.086868627241489,13.2903
2020-06-25,0.1048581897295433,0.08462967300010604,13.2706
2020-06-26,0.10147291673855852,0.08180868390010251,13.2739
2020-06-29,0.09847715284727328,0.0790817277700991,13.2855
2020-06-30,0.1025945810856975,0.07644567017776246,13.5075
2020-07-01,0.09983142838284093,0.07389748117183705,13.5272
2020-07-02,0.10303038077007956,0.07143423179944247,13.723
2020-07-07,0.10937603474441024,0.06905309073946106,14.0164
2020-07-08,0.10573016691959657,0.06994465438147905,13.9206
2020-07-09,0.10246249468894333,0.06761316590209641,13.9283
2020-07-10,0.1052304115326452,0.06535939370535987,14.1138
2020-07-13,0.10901939781489041,0.06318074724851454,14.3327
2020-07-14,0.1053854178877274,0.07206138900689743,14.0031
2020-07-15,0.10634590395813648,0.06965934270666752,14.1373
2020-07-16,0.10401770715953193,0.06733736461644527,14.1738
2020-07-17,0.10486711692088088,0.0650927857958971,14.3033
2020-07-20,0.10713487969018486,0.0629230262693672,14.4762
2020-07-21,0.10738371703384533,0.060825592060388296,14.5908
2020-07-22,0.10380425979938382,0.06056807232504204,14.5377
2020-07-23,0.10272078447273772,0.058549136580873976,14.609
2020-07-24,0.09929675832364647,0.06794083202817815,14.2687
2020-07-29,0.09940019971285823,0.06567613762723888,14.3711
2020-07-30,0.09608685972242961,0.06393359970633095,14.3577
2020-07-31,0.09288396439834863,0.06282914638278655,14.3269
2020-08-03,0.09993116558507033,0.06073484150336034,14.6312
2020-08-04,0.09660012673223466,0.0587970134532483,14.6286
2020-08-05,0.09518345584116017,0.05683711300480669,14.6827
2020-08-06,0.0925940073131215,0.05494254257131313,14.7002
2020-08-07,0.08959754040268408,0.05311112448560269,14.7029
2020-08-10,0.08661095572259461,0.05249075366941592,14.6684
2020-08-11,0.08556059053184145,0.05074106188043539,14.7235
2020-08-13,0.08449857084744676,0.049049693151087544,14.7772
2020-08-14,0.08168195181919853,0.05043470337938463,14.6866
2020-08-17,0.0819892200918919,0.04875354660007181,14.7775
2020-08-18,0.07925624608882884,0.047588428380069416,14.7637
2020-08-19,0.07934103788586785,0.0460021474340671,14.8455
2020-08-20,0.0766963366230056,0.048332075852931526,14.7296
2020-08-21,0.07528312540223873,0.04672100665783381,14.7639
2020-08-24,0.07861035455549746,0.04516363976923935,14.939
2020-08-25,0.07724667607031419,0.04365818511026471,14.9767
2020-08-26,0.08358512020130372,0.042202912273255885,15.2441
2020-08-27,0.08104894952792695,0.04079614853081402,15.2516
2020-08-28,0.07968398454366274,0.039436276913120225,15.2917
2020-08-31,0.07702785172554065,0.03915840101601623,15.2606
2020-09-01,0.07634359000135595,0.037853120982149026,15.3171
2020-09-02,0.0795854703346441,0.03659135028274406,15.4907
2020-09-03,0.0769326213234893,0.04729497193998597,15.133
2020-09-08,0.07436820061270633,0.06217180620865307,14.6394
2020-09-09,0.07575926059228277,0.06009941266836463,14.7555
2020-09-10,0.07475395190587336,0.05809609891275248,14.8011
2020-09-11,0.07226215350901091,0.06192956228232739,14.628
2020-09-14,0.07613008172537722,0.05986524353958315,14.8163
2020-09-15,0.07604574566786468,0.05786973542159704,14.8899
2020-09-16,0.07404755414560252,0.05594074424087714,14.906
2020-09-17,0.0715793023407491,0.062096052766181256,14.6654
2020-09-18,0.06919332559605747,0.06372285100730851,14.5545
2020-09-21,0.06688688140952222,0.06915875597373158,14.3277
2020-09-22,0.06974398536253813,0.06685346410794053,14.4803
2020-09-23,0.06916585251712022,0.06462501530434252,14.5327
2020-09-24,0.06686032409988288,0.06622084812753112,14.4202
2020-09-25,0.06463164662988678,0.06471681985661337,14.3991
2020-09-28,0.07564059174222389,0.0625595925280596,14.794
2020-09-29,0.07338923868414972,0.06047427277712428,14.8021
2020-09-30,0.07516959739467809,0.05845846368455347,14.9289
2020-10-01,0.0738939441481888,0.05650984822840169,14.9658
2020-10-02,0.07143081267658251,0.06202618662078828,14.7438
2020-10-05,0.0743797855873631,0.059958647066762,14.9037
2020-10-06,0.07214379273445097,0.05796002549786994,14.911
2020-10-07,0.07293899964330261,0.05602802464794094,15.007
2020-10-08,0.07611103298852588,0.05416042382634291,15.1751
2020-10-09,0.0808606652222417,0.05235507636546481,15.3937
2020-10-14,0.0813419763815003,0.05060990715328265,15.489
2020-10-15,0.07863057716878362,0.05343291024817326,15.3537
2020-10-16,0.08048622459649082,0.05165181323990082,15.488
2020-10-19,0.07780335044327447,0.05129341946523742,15.4471
2020-10-20,0.07520990542849865,0.05080363881639617,15.4105
2020-10-21,0.07270290858088202,0.04979018418918298,15.3901
2020-10-22,0.07027947829485262,0.049583844716210204,15.3465
2020-10-26,0.06793682901835753,0.05993771655900323,14.9863
2020-10-27,0.0678589347177456,0.05793979267370312,15.0519
2020-10-28,0.06559697022715408,0.070345132917913,14.6218
2020-10-29,0.0650404045529156,0.06800029515398257,14.6707
2020-10-30,0.06287239106781842,0.0726902853155165,14.462
2020-11-02,0.06441664469889112,0.07026727580499928,14.5712
2020-11-03,0.07122608987559477,0.06792503327816597,14.8399
2020-11-04,0.08191855354640826,0.0656608655022271,15.2319
2020-11-05,0.08562460176152802,0.0634721699854862,15.425
2020-11-06,0.08277044836947708,0.06288309765263665,15.3792
2020-11-09,0.09725476675716115,0.06078699439754876,15.8965
2020-11-10,0.0940129411985891,0.0701040945842971,15.5562
2020-11-12,0.0916925098253028,0.0677672914314872,15.5806
2020-11-13,0.09033942616445938,0.0655083817171043,15.6317
2020-11-16,0.09749144529231073,0.06332476899320082,15.9366
2020-11-17,0.0942417304492337,0.06318394336009414,15.8775
2020-11-18,0.09396700610092591,0.06107781191475767,15.9635
2020-11-19,0.09083477256422838,0.06213855151759908,15.8706
2020-11-20,0.0892902801454208,0.060067266467012444,15.9151
2020-11-23,0.08776393747390676,0.058065024251445364,15.9586
2020-11-24,0.09582847289144318,0.05612952344306385,16.2883
2020-11-25,0.09263419046172841,0.05730520599496172,16.1969
2020-11-27,0.09652971744633752,0.055395032461796334,16.4064
2020-11-30,0.09331206019812627,0.05825853137973649,16.2651
2020-12-01,0.10030499152485542,0.05631658033374527,16.5682
2020-12-02,0.09855815847402687,0.054439360989287096,16.6161
2020-12-03,0.10076621985822597,0.052624715622977526,16.7809
2020-12-04,0.1017173458629518,0.050870558435544944,16.9102
2020-12-08,0.09889343433418671,0.049174873154360116,16.9272
2020-12-09,0.0977803198563805,0.047535710715881446,16.9927
2020-12-14,0.09452097586116781,0.04961452035868539,16.8828
2020-12-15,0.09137027666579556,0.048447369680062476,16.8682
2020-12-16,0.09309460077693561,0.04683245735739373,17.0113
2020-12-17,0.08999144741770443,0.045574708778813935,17.0022
2020-12-18,0.08699173250378095,0.04470221848618672,16.9828
2020-12-21,0.08409200808698825,0.047222144536647165,16.8625
2020-12-22,0.08710227448408858,0.04564807305209226,17.0369
2020-12-23,0.08782886533461903,0.04412647061702252,17.1458
2020-12-24,0.08490123649013173,0.04495892159645518,17.0767
2020-12-28,0.088021195273794,0.04346029087657334,17.2552
2020-12-29,0.0850871554313342,0.044788281180687485,17.1719
2020-12-30,0.08569425025028976,0.04329533847466457,17.2752
2021-01-04,0.08283777524194677,0.04712549385884244,17.117
2021-01-05,0.08606318273388189,0.04555464406354769,17.2966
2021-01-06,0.08826440997608573,0.0440361559280961,17.4487
2021-01-07,0.0904655963102163,0.042568284063826234,17.603
2021-01-08,0.09545007643320905,0.041149341261698696,17.843
2021-01-11,0.09226840721876875,0.041001029886308736,17.8063
2021-01-12,0.0891927936448098,0.04191766222343178,17.7378
2021-01-13,0.08688636718998279,0.04052040681598405,17.7578
2021-01-14,0.09024682161698334,0.039169726588784586,17.9455
2021-01-15,0.08723859422975057,0.04407073570249175,17.7593
2021-01-19,0.08640397442209224,0.04260171117907536,17.8215
2021-01-20,0.0930305086080225,0.041181654139772844,18.1067
2021-01-21,0.0937328249877551,0.03980893233511375,18.2208
2021-01-22,0.09060839748816327,0.04146196792394333,18.1314
2021-01-25,0.08758811757189115,0.04159323565981191,18.086
2021-01-26,0.08543518031949489,0.04020679447115152,18.109
2021-01-27,0.08258734097551172,0.04561656798877982,17.9065
2021-01-28,0.08278776294299466,0.044096015722487156,17.9951
2021-01-29,0.08002817084489483,0.05269614853173757,17.693
2021-02-01,0.08355389848339824,0.05093961024734632,17.8788
2021-02-02,0.09174876853395175,0.049241623239101445,18.2082
2021-02-03,0.09040380958281995,0.04760023579779806,18.2596
2021-02-04,0.0897770159300593,0.046013561271204796,18.3312
2021-02-05,0.09108111539905736,0.04447977589549797,18.4601
2021-02-08,0.09251174488575546,0.04299711669898137,18.5941
2021-02-09,0.09132135338956358,0.04156387947568199,18.6509
2021-02-10,0.08827730827657813,0.04370508349315921,18.5451
2021-02-11,0.09200139800069217,0.04224824737672057,18.7451
2021-02-16,0.0932513514006691,0.04083997246416322,18.8746
2021-02-17,0.0901429730206468,0.04459197338202449,18.7212
2021-02-18,0.08713820725329191,0.04597890760262361,18.635
2021-02-19,0.0927436003448488,0.044446277349202826,18.8903
2021-02-22,0.0896521470000205,0.04877473477089603,18.716
2021-02-23,0.08666374210001981,0.056035576945199506,18.4494
2021-02-24,0.09241828403001914,0.05416772438035952,18.7087
2021-02-25,0.08933767456235184,0.05478880023434757,18.6359
2021-03-01,0.09165641874360675,0.05296250689320265,18.7948
2021-03-02,0.08860120478548653,0.0551870899967625,18.6751
2021-03-03,0.08564783129263698,0.05562085366353711,18.6069
2021-03-04,0.08279290358288241,0.06178682520808589,18.3663
2021-03-05,0.08003314013011967,0.06926059770114962,18.0803
2021-03-08,0.08874870212578234,0.0669519111111113,18.4218
2021-03-09,0.09220374538825625,0.06472018074074093,18.6142
2021-03-10,0.08982362054198109,0.06256284138271623,18.635
2021-03-11,0.09575616652391497,0.060477413336625686,18.9028
2021-03-12,0.09256429430645113,0.062378166225404826,18.7853
2021-03-15,0.09438881782956947,0.06029889401789133,18.9326
2021-03-16,0.10120919056858381,0.05828893088396162,19.2316
2021-03-17,0.09783555088296435,0.062269299854496286,19.0539
2021-03-18,0.0945743658535322,0.06051032319267972,19.0444
2021-03-19,0.09142188699174779,0.06301664575292373,18.9087
2021-03-22,0.09559782409202285,0.060916090894492944,19.1254
2021-03-23,0.09241122995562208,0.06405222119800977,18.9704
2021-03-24,0.08933085562376801,0.06534381382474284,18.8676
2021-03-25,0.08635316043630907,0.06817902003058479,18.7172
2021-03-26,0.09190472175509877,0.0659063860295653,18.9701
2021-03-29,0.09368456436326222,0.06370950649524647,19.1154
2021-03-30,0.09056174555115348,0.06376918961207159,19.0499
2021-03-31,0.09324302069944836,0.061643549958335875,19.2209
2021-04-01,0.09922492000946675,0.05958876495972468,19.4936
2021-04-05,0.10984075600915119,0.05760247279440052,19.9113
2021-04-07,0.10617939747551282,0.05760572370125386,19.8536
2021-04-08,0.10588675089299573,0.05568553291121206,19.951
2021-04-09,0.10283052586322917,0.05382934848083833,19.9652
2021-04-12,0.0994028416677882,0.05205837019814366,19.9645
2021-04-16,0.10057941361219522,0.050323091191538875,20.0992
2021-04-19,0.09722676649178871,0.053442321485154196,19.9553
2021-04-20,0.09398587427539576,0.05849424410231578,19.7503
2021-04-21,0.09661634513288263,0.056544435965571925,19.9232
2021-04-22,0.09767580029511985,0.054659621433386194,20.0516
2021-04-23,0.09586660695194914,0.05283763405227332,20.095
2021-04-26,0.09688438672021751,0.05107637958386421,20.2214
2021-04-27,0.09365490716287693,0.05186383359773541,20.1467
2021-04-28,0.09053307692411437,0.05309837247781086,20.0578
2021-04-29,0.08751530769331056,0.056255093395217164,19.91
2021-04-30,0.08459813077020022,0.05797992361537661,19.802
2021-05-05,0.0817781930778602,0.06431392616153077,19.554
2021-05-06,0.07946225330859819,0.06217012862281308,19.5663
2021-05-07,0.08698017819831169,0.06009779100205264,19.8713
2021-05-10,0.08408083892503464,0.06714119796865088,19.5999
2021-05-11,0.08127814429420015,0.07685649136969594,19.2413
2021-05-12,0.07856887281772681,0.08602127499070598,18.8895
2021-05-13,0.07999324372380251,0.08315389915768245,19.0108
2021-05-14,0.08963013559967574,0.08038210251909304,19.3799
2021-05-17,0.08664246441301988,0.08194936576845653,19.2525
2021-05-18,0.08887104893258581,0.07921772024284131,19.406
2021-05-19,0.08590868063483295,0.08322712956807995,19.2065
2021-05-20,0.09722172461367186,0.08045289191581062,19.6318
2021-05-21,0.0939810004598828,0.0802144621852836,19.5585
2021-05-24,0.09828496711122012,0.07754064677910748,19.7816
2021-05-25,0.0959288015408461,0.07495595855313723,19.8092
2021-05-27,0.09434784148948458,0.07245742660136599,19.8577
2021-05-28,0.09333958010650176,0.07004217904798712,19.9218
2021-06-01,0.09022826076961836,0.07076077307972088,19.8302
2021-06-02,0.08909398541063097,0.06840208064373018,19.8864
2021-06-04,0.08874085256361,0.06612201128893917,19.9649
2021-06-07,0.08578282414482301,0.06510127757930784,19.9294
2021-06-08,0.08378339667332892,0.0629312349933309,19.9552
2021-06-09,0.08099061678421796,0.06163352716021991,19.9312
2021-06-10,0.08015759622474405,0.059579076254879244,19.9872
2021-06-11,0.0781923430172526,0.05759310704638327,20.0084
2021-06-14,0.07810259825001077,0.055673336811503826,20.0839
2021-06-15,0.07595584497501041,0.053817558917787035,20.0976
2021-06-16,0.07376398347584344,0.05202364028719413,20.1078
2021-06-17,0.07337851735998202,0.05028951894428766,20.17
2021-06-18,0.07093256678131596,0.05808320164614481,19.8859
2021-06-21,0.07472481455527206,0.05614709492460665,20.0706
2021-06-22,0.07572732073676303,0.05427552509378643,20.1754
2021-06-23,0.07769307671220421,0.05246634092399355,20.3101
2021-06-24,0.0795766408217974,0.05071746289319377,20.4443
2021-06-25,0.07705741946107086,0.04902688079675398,20.4483
2021-06-28,0.07826550547903513,0.04739265143686218,20.5616
2021-06-29,0.07875665529640064,0.045812896388966774,20.6546
2021-06-30,0.07613143345318728,0.04508579984266779,20.6306
2021-07-01,0.0735937190047477,0.04652627318124554,20.5423
2021-07-02,0.07700392837125607,0.04497539740853736,20.7182
2021-07-06,0.0748771307588809,0.04347621749491944,20.7314
2021-07-07,0.07489122640025149,0.04202701024508879,20.8067
2021-07-08,0.07239485218690977,0.04548610990358576,20.6609
2021-07-09,0.07782169044734608,0.0439699062401329,20.8961
2021-07-12,0.07655763409910118,0.04250424269879514,20.936
2021-07-13,0.07833904629579778,0.0410874346088353,21.066
2021-07-14,0.07572774475260452,0.042021186788540756,20.9969
2021-07-15,0.07320348659418437,0.04450714722892279,20.8803
2021-07-16,0.07076337037437821,0.04511024232129202,20.8177
2021-07-19,0.06840459136189894,0.05621323424391561,20.4395
2021-07-20,0.07243110498316897,0.05433945976911842,20.6287
2021-07-21,0.07625006815039671,0.05252814444348114,20.8157
2021-07-22,0.07604506587871683,0.0507772062953651,20.8858
2021-07-23,0.07829023034942627,0.04908463275218626,21.0292
2021-07-27,0.0756805560044454,0.05684514499378006,20.7473
2021-07-29,0.08528787080429726,0.05495030682732072,21.1112
2021-07-30,0.08244494177748735,0.05725862993307676,20.987
2021-08-02,0.08585011038490455,0.05535000893530753,21.1716
2021-08-03,0.08298844003874106,0.05503500863746406,21.1257
2021-08-04,0.0838754920374497,0.05320050834954859,21.2353
2021-08-05,0.08915630896953472,0.05142715807123031,21.4776
2021-08-06,0.0883410986705503,0.04971291946885596,21.5423
2021-08-09,0.08539639538153196,0.048722488819894084,21.5223
2021-08-10,0.08254984886881422,0.05246173919256433,21.3614
2021-08-11,0.07979818723985375,0.05380301455281221,21.2687
2021-08-13,0.07713824766519196,0.05207624740105177,21.2667
2021-08-16,0.0745669727430189,0.054167039154350005,21.1519
2021-08-17,0.07208140698491827,0.05981813784920503,20.9282
2021-08-18,0.07282869341875434,0.0578241999208982,21.0227
2021-08-19,0.07040107030479587,0.05949672659020161,20.9147
2021-08-20,0.06973436796130265,0.05751350237052822,20.9651
2021-08-23,0.07884988902925921,0.055596385624843946,21.3083
2021-08-24,0.07622155939495057,0.05394983943734914,21.3021
2021-08-25,0.07368084074845221,0.05509817812277084,21.2137
2021-08-26,0.07122481272350381,0.053588238852011756,21.2039
2021-08-27,0.071700652299387,0.051801964223611364,21.2894
2021-08-30,0.0693106305560741,0.05042523208282433,21.2789
2021-08-31,0.06700027620420497,0.05068105768006351,21.2208
2021-09-01,0.06844360033073142,0.048991689090728055,21.3311
2021-09-02,0.0668821469863737,0.04735863278770379,21.3527
2021-09-03,0.06774274208682793,0.04578001169478033,21.4454
2021-09-07,0.06548465068393367,0.04518067797162096,21.4176
2021-09-08,0.0633018289944692,0.04718798870590024,21.3122
2021-09-09,0.06266176802798691,0.045615055749036904,21.3563
2021-09-10,0.06057304242705402,0.047727887224069065,21.2473
2021-09-13,0.05892394101281897,0.04613695764993343,21.2584
2021-09-14,0.06028647631239161,0.04459905906160232,21.3582
2021-09-15,0.05827692710197856,0.048215757092882186,21.2051
2021-09-16,0.05993102953191251,0.046608565189786115,21.313
2021-09-17,0.05793332854751543,0.045218279683459886,21.3081
2021-09-20,0.05600221759593158,0.056214337027344546,20.933
2021-09-21,0.05969214367606716,0.054340525793099725,21.0997
2021-09-22,0.06504573888686498,0.05252917493332974,21.32
2021-09-23,0.06882088092396949,0.05077820243555208,21.4983
2021-09-27,0.0717235182265038,0.049085595687700344,21.6542
2021-09-28,0.06933273428562034,0.059272742498110376,21.2995
2021-09-29,0.06702164314276633,0.05986365108150664,21.2225
2021-09-30,0.06478758837134078,0.06124152937878971,21.1213
2021-10-01,0.06262800209229609,0.061800145066163485,21.0433
2021-10-04,0.06054040202255289,0.06628014023062462,20.8471
2021-10-05,0.0676457219551344,0.06407080222293714,21.1208
2021-10-06,0.06539086455662992,0.06391844214883922,21.0613
2021-10-07,0.07620116907140896,0.06178782741054458,21.451
2021-10-08,0.073661130102362,0.06310489983019316,21.3497
2021-10-11,0.07475575909894995,0.061001403169186716,21.4562
2021-10-12,0.07226390046231829,0.07383135639688043,21.0103
2021-10-14,0.07863510378024104,0.07137031118365109,21.2737
2021-10-15,0.08293393365423299,0.06899130081086272,21.4813
2021-10-18,0.08515946919909187,0.06669159078383396,21.631
2021-10-19,0.08544082022578876,0.06446853775770617,21.7246
2021-10-20,0.08427945955159591,0.06231958649911596,21.7752
2021-10-21,0.08147014423320938,0.0632122669491455,21.6861
2021-10-25,0.07875447275876907,0.06478519138417393,21.5757
2021-10-26,0.0767159903334767,0.06262568500470148,21.5933
2021-10-27,0.07415879065569414,0.06325816217121136,21.5117
2021-10-28,0.07587683096717095,0.06114955676550431,21.6374
2021-10-29,0.07334760326826525,0.06329457153998747,21.5119
2021-11-01,0.07839601649265636,0.06118475248865455,21.7367
2021-11-02,0.07578281594290115,0.060095260739032645,21.7082
2021-11-03,0.07447338874480446,0.05809208538106489,21.7447
2021-11-04,0.08135760911997761,0.056155682535029394,22.0257
2021-11-05,0.08405235548264497,0.054283826450528413,22.1879
2021-11-08,0.08125061029989014,0.05596103223551073,22.0833
2021-11-09,0.07854225662322714,0.05935899782766042,21.9254
2021-11-10,0.0759241814024529,0.05930369790007176,21.8677
2021-11-11,0.07339337535570446,0.057526907970069374,21.8617
2021-11-12,0.0751402628438477,0.055609344371067064,21.9875
2021-11-15,0.07263558741571945,0.0573590328920315,21.8794
2021-11-16,0.07100440116852873,0.05544706512896379,21.9031
2021-11-17,0.06863758779624443,0.05477882962466497,21.8677
2021-11-18,0.06634966820303628,0.05945286863717614,21.6727
2021-11-19,0.06827134592960181,0.057471106349270266,21.7967
2021-11-22,0.06599563439861508,0.05930540280429462,21.6842
2021-11-23,0.06379577991866124,0.06320522271081817,21.5079
2021-11-24,0.06836592058803923,0.0610983819537909,21.7088
2021-11-26,0.06608705656843791,0.07010510255533117,21.3775
2021-11-29,0.07437748801615658,0.0677682658034868,21.6923
2021-11-30,0.07189823841561803,0.07553599027670387,21.3915
2021-12-02,0.08098568723059418,0.07938418646967547,21.5558
2021-12-03,0.0782861643229077,0.08762138025401972,21.2293
2021-12-07,0.10444329217881089,0.08470066757888572,22.0923
2021-12-08,0.10096184910618386,0.08742397865958963,21.9259
2021-12-13,0.09434323899811181,0.09147474005857201,21.6307
2021-12-15,0.08815851555268003,0.0971652848769546,21.2704
2021-12-17,0.09174301286644883,0.09704889397946534,21.3734
2021-12-20,0.0886849124375672,0.1013339308468165,21.1478
2021-12-21,0.10050208202298165,0.09795613315192261,21.591
2021-12-23,0.10666416775703062,0.09153456442307435,21.9844
2021-12-27,0.10806202883179622,0.08848341227563854,22.133
2021-12-28,0.10667329453740307,0.08553396519978392,22.1994
2021-12-30,0.10004360078439552,0.08214040525890919,22.1416
2022-01-04,0.09670881409158233,0.08421905841694557,21.9971
2022-01-05,0.09419518695519626,0.08141175646971406,22.0184
2022-01-06,0.09105534739002305,0.08443469792072361,21.8463
2022-01-07,0.08802016914368894,0.08393020799003277,21.777
2022-01-10,0.08508616350556598,0.09423253439036504,21.384
2022-01-11,0.09584662472204705,0.0910914499106862,21.7919
2022-01-13,0.09435479043471291,0.08713989930543015,21.88
2022-01-14,0.09120963075355581,0.09394856932858245,21.5886
2022-01-18,0.08816930972843728,0.09663028368429631,21.4142
2022-01-19,0.08523033273748938,0.09967927422815318,21.2261
2022-01-20,0.08555598831290648,0.0963566317538814,21.3211
2022-01-21,0.0827041220358096,0.11245474402875201,20.7418
2022-01-24,0.07994731796794928,0.13945625256112704,19.8193
2022-01-25,0.08224240736901768,0.13480771080908946,19.9681
2022-01-26,0.09447432712338379,0.13031412044878649,20.4173
2022-01-28,0.08850434345640636,0.12560252810825495,20.3051
2022-01-31,0.10384086534119283,0.12141577717131312,20.8537
2022-02-01,0.10708950316315306,0.11736858459893601,21.055
2022-02-02,0.1071498530577147,0.11345629844563815,21.1639
2022-02-03,0.10357819128912421,0.12328775516411689,20.7555
2022-02-04,0.10012558491282007,0.12514482999197973,20.5765
2022-02-07,0.10042473208239279,0.12097333565891374,20.6856
2022-02-09,0.10318133297921372,0.11356808365460722,20.9495
2022-02-10,0.1007352885465732,0.10978248086612032,20.9793
2022-02-11,0.09737744559502076,0.11691306483724959,20.6556
2022-02-15,0.09511047971712497,0.12257265280902986,20.3656
2022-02-17,0.0919401303932208,0.12878689771539556,20.0566
2022-02-18,0.08887545938011344,0.1392873344582157,19.6128
2022-02-22,0.085912944067443,0.1347044233096085,19.611
2022-02-23,0.0830491792651949,0.1353309425326216,19.4575
2022-02-24,0.0802808732896884,0.14136657778153414,19.1411
2022-02-25,0.10154817751336542,0.13665435852214966,19.8594
2022-02-28,0.10146657159625325,0.132099213238078,19.9585
2022-03-01,0.0980843525430448,0.14268257279680874,19.5089
2022-03-02,0.10207154079161,0.13792648703691512,19.7266
2022-03-03,0.09866915609855634,0.13868560413568468,19.5659
2022-03-04,0.09538018422860446,0.1490194173311618,19.1172
2022-03-07,0.09220084475431764,0.1504787700867898,18.9244
2022-03-08,0.08912748326250705,0.15393614441723005,18.6702
2022-03-09,0.10777990048709009,0.1488049396033224,19.3189
2022-03-10,0.10418723713752041,0.152981441616545,19.0448
2022-03-11,0.10344099589960311,0.14788206022932684,19.1266
2022-03-14,0.09999296270294968,0.1535093248883493,18.8099
2022-03-15,0.10290653061285136,0.148392347392071,18.9973
2022-03-16,0.11947297959242303,0.1434459358123353,19.5972
2022-03-17,0.1251172136060089,0.1386644046185908,19.886
2022-03-18,0.13522997315247526,0.1340422577979711,20.3145
2022-03-21,0.13072230738072607,0.13089084920470542,20.275
2022-03-22,0.1387682304680352,0.12652782089788192,20.6471
2022-03-23,0.13414262278576736,0.12411689353461912,20.5929
2022-03-24,0.13081786869290848,0.11997966375013182,20.6273
2022-03-25,0.1269406064031448,0.11598034162512742,20.6418
2022-03-28,0.12413258618970664,0.11211433023762317,20.6845
2022-03-29,0.13856483331671637,0.10837718589636906,21.2416
2022-03-30,0.13394600553949249,0.11083794636649003,21.0594
2022-03-31,0.12948113868817607,0.11446334815427368,20.8398
2022-04-01,0.12516510073190354,0.11758456988246463,20.6317
2022-04-04,0.1334229307075068,0.11366508421971581,21.0046
2022-04-05,0.12897549968392324,0.12207958141239193,20.6385
2022-04-07,0.1246763163611258,0.1401002620319789,19.9758
2022-04-08,0.12569377248242164,0.1354302532975796,20.131
2022-04-11,0.12150398006634092,0.1429559115209936,19.7698
2022-04-12,0.1204571807307962,0.13819071447029382,19.8599
2022-04-18,0.11644194137310299,0.14425769065461735,19.5397
2022-04-19,0.12341720999399959,0.1394491009661301,19.8654
2022-04-20,0.11930330299419961,0.13868746426725917,19.7488
2022-04-21,0.1153265262277263,0.1374778821250172,19.6464
2022-04-22,0.11148230868680209,0.14837195272085,19.1821
2022-04-25,0.10776623173057535,0.15421288763015498,18.8585
2022-04-26,0.10417402400622285,0.15425245804248316,18.7031
2022-04-27,0.10305155653934873,0.14911070944106705,18.7736
2022-04-28,0.10827983798803717,0.14414035245969814,19.0335
2022-04-29,0.11087384338843592,0.13933567404437486,19.2196
2022-05-03,0.1071780486088214,0.13491781824289564,19.2128
2022-05-05,0.10360544698852735,0.14705389096813254,18.7138
2022-05-06,0.10015193208890977,0.14762209460252804,18.5497
2022-05-09,0.09681353435261278,0.16025135811577718,18.0232
2022-05-10,0.09358641654085902,0.15903964617858457,17.8993
2022-05-11,0.09762353598949707,0.15373832463929843,18.114
2022-05-12,0.09436941812318049,0.16257704715132185,17.6951
2022-05-13,0.11592043751907447,0.15715781224627778,18.436
2022-05-17,0.11483308960177202,0.1519192185047352,18.5193
2022-05-18,0.11100531994837962,0.15733191122124413,18.205
2022-05-19,0.10960847595010037,0.15208751418053598,18.2741
2022-05-20,0.10595486008509702,0.1571979303745182,17.9687
2022-05-23,0.11240303141559387,0.15195799936203427,18.2681
2022-05-24,0.10865626370174074,0.16078939938329986,17.8512
2022-05-25,0.11041105491168272,0.15542975273718987,18.0125
2022-05-26,0.12268068641462665,0.15024876097928355,18.491
2022-05-27,0.1313346635341391,0.14524046894664078,18.8733
2022-05-31,0.13052350808300112,0.14039911998175275,18.9803
2022-06-01,0.12617272448023442,0.14097581598236092,18.8226
2022-06-02,0.13287363366422653,0.13627662211628222,19.1498
2022-06-06,0.13019784587541902,0.13173406804573948,19.2024
2022-06-07,0.12585791767957172,0.1295695991108815,19.1356
2022-06-08,0.12883265375691932,0.12525061247385214,19.3507
2022-06-09,0.12453823196502202,0.13214225872472377,19.0187
2022-06-10,0.12038695756618795,0.15611418343389957,18.1674
2022-06-13,0.11637405898064834,0.17824371065276962,17.3474
2022-06-14,0.1124949236812934,0.17269225363101065,17.3357
2022-06-15,0.11601175955858362,0.16693584517664364,17.5537
2022-06-16,0.11214470090663083,0.17814131700408886,17.0506
2022-06-17,0.11222654420974311,0.17220327310395256,17.1652
2022-06-21,0.12345565940275172,0.16646316400048747,17.6143
2022-06-22,0.11934047075599333,0.16215772520047117,17.577
2022-06-23,0.1168724550641268,0.1567524676937888,17.6223
2022-06-24,0.135043373228656,0.1515273854373292,18.2843
2022-06-27,0.13354192745436747,0.1464764725894182,18.3743
2022-06-28,0.1290905298725552,0.1531772568364376,18.0268
2022-06-29,0.1247875122101367,0.1560646816085564,17.787
2022-06-30,0.12062792846979882,0.15763252555493784,17.5839
2022-07-01,0.11660699752080553,0.15665477470310657,17.4556
2022-07-05,0.11470676427011199,0.15143294887966968,17.5152
2022-07-06,0.11903987212777487,0.14638518391701402,17.7599
2022-07-07,0.1308218763901824,0.14150567778644688,18.2324
2022-07-08,0.13024781384384304,0.13678882186023197,18.346
2022-07-11,0.12590622004904828,0.14507586113155757,17.9606
2022-07-12,0.12170934604741333,0.14232333242717232,17.8981
2022-07-14,0.11765236784583288,0.14881922134626654,17.5609
2022-07-15,0.12761062225097178,0.14385858063472431,17.9773
2022-07-18,0.13730026817593946,0.13906329461356684,18.3956
2022-07-19,0.13569025923674144,0.13442785145978128,18.4846
2022-07-20,0.1459039172621834,0.12994692307778857,18.9267
2022-07-21,0.14489712002011063,0.12561535897519563,19.0424
2022-07-22,0.14006721601944028,0.12574818034268911,18.9128
2022-07-25,0.13539830881879228,0.12731657433126622,18.74
2022-07-26,0.13088503185816588,0.13336602185355728,18.4312
2022-07-27,0.14166886412956037,0.12892048779177204,18.8856
2022-08-01,0.15472990199190836,0.12462313819871297,19.4191
2022-08-02,0.14957223859217808,0.12283903359208924,19.348
2022-08-03,0.1580264973057722,0.1187443991390196,19.7512
2022-08-04,0.1527589473955798,0.11511958583438567,19.7412
2022-08-05,0.1476669824823938,0.11983226630657279,19.4847
2022-08-08,0.151288083066314,0.11583785742968702,19.741
2022-08-09,0.14624514696410354,0.1289532621820308,19.2317
2022-08-10,0.1610336420653001,0.12465482010929643,19.8216
2022-08-11,0.15566585399645677,0.12200632610565326,19.7764
2022-08-15,0.16090032552990818,0.11793944856879815,20.0891
2022-08-16,0.15553698134557792,0.1163514669498382,20.0188
2022-08-17,0.15035241530072532,0.1256430847181769,19.6237
2022-08-18,0.15354400145736788,0.12145498189423766,19.8698
2022-08-19,0.14842586807545563,0.1302964824977631,19.4831
2022-08-22,0.14347833913960711,0.1355132664145043,19.1963
2022-08-23,0.13869572783495354,0.1334694908673542,19.1221
2022-08-24,0.13759253690712173,0.1290205078384424,19.2277
2022-08-25,0.1358361190102177,0.12471982424382766,19.3126
2022-08-26,0.13130824837654378,0.12690249676903345,19.1224
2022-08-29,0.12693130676399234,0.13158241354339895,18.8551
2022-08-30,0.12270026320519259,0.13410966642528566,18.6477
2022-08-31,0.1218002544316862,0.12963934421110948,18.7434
2022-09-01,0.11774024595062998,0.1422580327374059,18.2352
2022-09-02,0.13094557108560897,0.13751609831282569,18.7491
2022-09-06,0.12658071871608867,0.1466655617023981,18.3371
2022-09-07,0.12238469475888579,0.1417767096456515,18.3378
2022-09-08,0.12433187160025619,0.1370508193241298,18.5186
2022-09-09,0.13252414254691436,0.13248245867999214,18.8887
2022-09-12,0.1355933377953505,0.1280663767239924,19.1133
2022-09-13,0.1310735598688388,0.14255083083319264,18.5507
2022-09-14,0.1267044412065442,0.13917246980541956,18.5095
2022-09-15,0.12248095983299273,0.13958338747857219,18.358
2022-09-16,0.11839826117189298,0.14529394122928646,18.0471
2022-09-19,0.1144516524661632,0.14129080985497697,18.0219
2022-09-20,0.11298326405062453,0.1365811161931444,18.0923
2022-09-21,0.10921715524893705,0.13423507898670634,18.0261
2022-09-22,0.10557658340730582,0.1466505763538161,17.5194
2022-09-23,0.10205736396039562,0.15375555714202221,17.1596
2022-09-26,0.09941211849504912,0.1486303719039548,17.1823
2022-09-27,0.09609838121188082,0.14558935950715637,17.1249
2022-09-28,0.10048843517148474,0.14073638085691784,17.3527
2022-09-29,0.09713882066576858,0.14510183482835387,17.081
2022-09-30,0.09500085997690967,0.14026510700074207,17.114
2022-10-03,0.09437416464434602,0.13558960343405066,17.1902
2022-10-04,0.11467835915620109,0.13106994998624896,17.8937
2022-10-05,0.11085574718432772,0.13447428498670733,17.6605
2022-10-06,0.11078722227818354,0.12999180882048375,17.7693
2022-10-07,0.10709431486891076,0.1410087485264676,17.3088
2022-10-11,0.1035245043732804,0.1505651235755854,16.8811
2022-10-12,0.10007368756083772,0.15071628612306592,16.726
2022-10-17,0.11585789797547655,0.14569240991896373,17.2996
2022-10-18,0.11338596804296062,0.14083599625499826,17.3413
2022-10-19,0.11061643577486195,0.13614146304649832,17.3716
2022-10-20,0.11210588791569989,0.1316034142782817,17.5269
2022-10-21,0.10836902498517656,0.12849663380233908,17.4885
2022-10-25,0.12080005748567071,0.12421341267559445,17.9698
2022-10-26,0.1182633889028151,0.12007296558640797,18.0145
2022-10-27,0.11432127593938793,0.1269538667335278,17.688
2022-10-28,0.11051056674140833,0.12284540450907681,17.6843
2022-10-31,0.10757021451669475,0.11875055769210759,17.7066
2022-11-01,0.10457787403280484,0.11479220576903733,17.7244
2022-11-02,0.10109194489837801,0.11977246557673604,17.4602
2022-11-03,0.09772221340176541,0.13208005005751153,16.9712
2022-11-04,0.09446480628837324,0.13254738172226116,16.8251
2022-11-07,0.09845597941209419,0.12812913566485246,17.0393
2022-11-08,0.11207078009835765,0.12385816447602405,17.5462
2022-11-09,0.1083350874284124,0.13567955899348993,17.0677
2022-11-10,0.13432058451413204,0.13115690702704028,17.9556
2022-11-14,0.13892656503032766,0.12678501012613894,18.2281
2022-11-15,0.1439556795293167,0.12255884312193431,18.5179
2022-11-16,0.1391571568783395,0.13236354835120323,18.1012
2022-11-17,0.13451858498239483,0.13420809673949646,17.9135
2022-11-18,0.13003463214964833,0.13146116018151327,17.8617
2022-11-21,0.12570014441132674,0.13128578817546285,17.7355
2022-11-22,0.12320680626428258,0.12690959523628076,17.7864
2022-11-23,0.12890324605547318,0.1226792753950714,18.0805
2022-11-25,0.1246064711869574,0.12001996621523567,18.0376
2022-11-28,0.12045292214739216,0.12461263400806112,17.7798
2022-11-29,0.11643782474247909,0.12751887954112576,17.568
2022-11-30,0.11536656391772974,0.12326825022308824,17.6523
2022-12-01,0.13026767845380544,0.1191593085489853,18.2147
2022-12-02,0.12592542250534525,0.11750399826401917,18.1452
2022-12-06,0.12172790842183374,0.12905719832188514,17.6811
2022-12-07,0.1176703114744393,0.13137195837782228,17.4826
2022-12-08,0.11939130109195797,0.12699289309856154,17.6519
2022-12-09,0.12072825772222597,0.12275979666194282,17.8114
2022-12-13,0.12808398246481845,0.11866780343987807,18.1528
2022-12-14,0.12381451638265784,0.11615220999188208,18.1096
2022-12-15,0.11968736583656925,0.13402713632548602,17.4572
2022-12-16,0.11569778697535027,0.13893956511463654,17.1758
2022-12-19,0.11184119407617193,0.13954491294414864,17.0187
2022-12-20,0.10811315427363287,0.13609341584601028,16.9827
2022-12-21,0.11074938246451167,0.13155696865114327,17.1699
2022-12-22,0.10705773638236128,0.1415884030294384,16.7374
2022-12-23,0.10615581183628252,0.13686878959512377,16.8174
2022-12-27,0.1026172847750731,0.13304649660861959,16.7952
2022-12-28,0.099196708615904,0.13461161338833225,16.6152
2022-12-29,0.10677015166204053,0.13012455960872119,16.9416
2022-12-30,0.10321114660663917,0.13118374095509724,16.7797
2023-01-03,0.10179077505308456,0.12681094958992734,16.8403
2023-01-04,0.10599441588464847,0.12258391793692976,17.0682
2023-01-05,0.10246126868849352,0.12596445400569878,16.8442
2023-01-06,0.10982922639887704,0.12176563887217548,17.1677
2023-01-09,0.11991158551891441,0.11770678424310296,17.58
2023-01-10,0.11591453266828393,0.11963655810166618,17.4044
2023-01-11,0.1179673815793412,0.11564867283161064,17.5819
2023-01-12,0.12138513552669641,0.11179371707055695,17.8024
2023-01-13,0.1173389643424732,0.10986725983487167,17.7484
2023-01-17,0.11788433219772414,0.10620501784037595,17.8821
2023-01-18,0.1139548544578,0.10327818391236342,17.8637
2023-01-19,0.11015635930920667,0.10854557778195137,17.6024
2023-01-20,0.11397448066556651,0.10492739185588633,17.8271
2023-01-23,0.12737199797671425,0.10142981212735679,18.343
2023-01-24,0.12312626471082377,0.09958215172311155,18.297
2023-01-25,0.11902205588712965,0.10246941333234115,18.1108
2023-01-26,0.12413132069089192,0.0990537662212631,18.3831
2023-01-27,0.1282202766678622,0.09575197401388767,18.6299
2023-01-30,0.12394626744560013,0.09878357488009136,18.4432
2023-01-31,0.1219980585307468,0.09549078905075498,18.5087
2023-02-01,0.11981812324638856,0.09230776274906315,18.5653
2023-02-02,0.14312751913817556,0.08923083732409437,19.3844
2023-02-03,0.1383566018335697,0.08788314274662455,19.3356
2023-02-06,0.13374471510578406,0.09287037132173709,19.0981
2023-02-07,0.12928655793559127,0.0900880256110125,19.0887
2023-02-08,0.1263236726710716,0.08708509142397876,19.1291
2023-02-09,0.12522955024870253,0.08418225504317947,19.2226
2023-02-10,0.1210552319070791,0.09271617987507347,18.8824
2023-02-13,0.1235500575101764,0.08962564054590436,19.0783
2023-02-14,0.1194317222598372,0.08854478586104081,19.0211
2023-02-15,0.12423733151784264,0.08559329299900612,19.2847
2023-02-16,0.12155608713391447,0.08274018323237257,19.3285
2023-02-17,0.117504217562784,0.09258217712462671,18.9505
2023-02-21,0.1135874103106912,0.09853610455380583,18.6793
2023-02-22,0.10980116330033482,0.09932490106867907,18.5571
2023-02-23,0.106141124523657,0.09664073769972306,18.5383
2023-02-24,0.10260308703953509,0.09680937977639899,18.4366
2023-02-27,0.10693298413821732,0.09358240045051902,18.6691
2023-02-28,0.10407855133361008,0.0904629871021684,18.6904
2023-03-01,0.10060926628915641,0.0885075541987628,18.6586
2023-03-02,0.09725562407951786,0.08729396905880403,18.6065
2023-03-03,0.1076671032768673,0.08438417009017724,19.0161
2023-03-07,0.10407819983430505,0.08645803108717143,18.8695
2023-03-08,0.10523559317316154,0.08357609671759905,19.0083
2023-03-09,0.1017277400673895,0.08098022682701234,19.0026
2023-03-10,0.09833681539847651,0.09190088593277859,18.594
2023-03-13,0.09505892155186063,0.0973475230683527,18.3387
2023-03-14,0.09959695750013199,0.09410260563274095,18.5699
2023-03-15,0.09627705891679426,0.10290585211164958,18.2117
2023-03-16,0.11009782361956777,0.09947565704126127,18.7226
2023-03-17,0.10642789616558218,0.09897313513988586,18.6382
2023-03-20,0.10288029962672944,0.09585403063522305,18.6328
2023-03-21,0.10757762297250513,0.09265889628071561,18.8766
2023-03-22,0.10648836887342161,0.08957026640469176,18.9515
2023-03-23,0.10558875657764089,0.08658459085786871,19.031
2023-03-24,0.10206913135838619,0.09234843782927306,18.7715
2023-03-27,0.10049349364643999,0.08927015656829729,18.8263
2023-03-28,0.09714371052489199,0.08746448468268737,18.7912
2023-03-29,0.10193558684072891,0.08454900185993112,19.0321
2023-03-30,0.10996440061270463,0.08173070179793342,19.3749
2023-03-31,0.11133892059228112,0.07900634507133564,19.5261
2023-04-03,0.10762762323920508,0.07671280023562449,19.5159
2023-04-04,0.10404003579789824,0.07713904022777027,19.4264
2023-04-05,0.10057203460463496,0.08656440555351125,19.0665
2023-04-07,0.10220296678448046,0.0836789253683942,19.216
2023-04-10,0.09879620122499778,0.08385962785611446,19.1269
2023-04-11,0.09680299451749791,0.08106430692757731,19.1659
2023-04-12,0.09357622803358132,0.07918216336332472,19.1413
2023-04-17,0.09449035376579523,0.07654275791788057,19.2623
2023-04-18,0.09134067530693539,0.0746113326539512,19.2437
2023-04-19,0.08829598613003754,0.07257095489881953,19.2303
2023-04-20,0.08535278659236963,0.07265858973552551,19.1551
2023-04-21,0.0825076937059573,0.07251997007767468,19.0866
2023-04-24,0.07975743724909205,0.07435930440841887,18.9589
2023-04-25,0.07709885600745565,0.07814399426147155,18.771
2023-04-26,0.07452889414054047,0.07607919445275586,18.7548
2023-04-27,0.0741345976691891,0.07354322130433066,18.8175
2023-04-28,0.07716677774688288,0.0710917805941863,18.9826
2023-05-02,0.07459455182198678,0.07558538790771341,18.7767
2023-05-03,0.07414473342792055,0.0730658749774563,18.8378
2023-05-08,0.07567324231365645,0.0706303458115411,18.9578
2023-05-09,0.07315080090320124,0.07271933428448968,18.8245
2023-05-10,0.07269244087309454,0.07029535647500669,18.8839
2023-05-11,0.07026935951065806,0.06927551125917313,18.8442
2023-05-12,0.06841038086030272,0.06696632755053403,18.8587
2023-05-15,0.0680233681649594,0.0647341166321829,18.9155
2023-05-16,0.07012925589279408,0.06257631274444347,19.0467
2023-05-17,0.07358161402970094,0.06049043565296203,19.2204
2023-05-18,0.0818555602287109,0.05847408779786329,19.5422
2023-05-19,0.08139037488775382,0.05652495153793451,19.6101
2023-05-22,0.08188069572482867,0.05464078648667003,19.7062
2023-05-23,0.07915133920066772,0.053596093603780995,19.6829
2023-05-24,0.07651296122731213,0.06549955715032157,19.2722
2023-05-25,0.07854252918640171,0.06331623857864419,19.4096
2023-05-26,0.09219777821352163,0.061205697292689376,19.8978
2023-05-30,0.0926145189397376,0.059165507382933066,20.0025
2023-05-31,0.08952736830841301,0.06414999047016864,19.7938
2023-06-01,0.09659645603146594,0.062011657454496355,20.0954
2023-06-02,0.09811657416375037,0.059944602206013144,20.2376
2023-06-06,0.09876935502495866,0.05794644879914604,20.3553
2023-06-07,0.09547704319079338,0.06034490050584115,20.2254
2023-06-08,0.09305447508443361,0.058333403822313105,20.2482
2023-06-09,0.08995265924828583,0.05787229036156931,20.2037
2023-06-12,0.09321090394000961,0.055943214016183664,20.3914
2023-06-13,0.10081054047534255,0.05407844021564421,20.7126
2023-06-14,0.10139352245949784,0.0522758255417894,20.8309
2023-06-15,0.10100040504418127,0.05053329802372976,20.9205
2023-06-16,0.0976337248760419,0.049252188089605436,20.9084
2023-06-20,0.09437926738017384,0.05855378181995188,20.5801
2023-06-21,0.09123329180083471,0.06192865575928684,20.4203
2023-06-22,0.0910921820741402,0.05986436723397728,20.5073
2023-06-23,0.0880557760050022,0.06452222165951138,20.3077
2023-06-26,0.08847058347150213,0.06237148093752767,20.4082
2023-06-27,0.0883282306891187,0.06029243157294341,20.4924
2023-06-28,0.09445395633281481,0.058282683853845295,20.7645
2023-06-29,0.09130549112172098,0.05673659439205048,20.7526
2023-06-30,0.0938086414176636,0.05484537457898213,20.919
2023-07-03,0.09217168670374144,0.05301719542634939,20.9637
2023-07-05,0.08909929714695006,0.056619955578804324,20.8026
2023-07-06,0.08612932057538505,0.06566595705951095,20.4746
2023-07-07,0.09318500988953896,0.06347709182419392,20.7724
2023-07-10,0.09007884289322099,0.062211188763387486,20.7469
2023-07-11,0.08993954813011358,0.06013748247127457,20.8328
2023-07-12,0.09704156319244316,0.05813289972223208,21.1358
2023-07-13,0.10183017775269505,0.05619513639815768,21.3765
2023-07-14,0.09843583849427189,0.05466863185155245,21.3661
2023-07-17,0.09515464387779615,0.05320634412316736,21.3553
2023-07-18,0.09198282241520295,0.05378613265239508,21.2847
2023-07-19,0.0935633950013628,0.051993261563981916,21.4241
2023-07-20,0.09044461516798405,0.06245681951184918,21.0582
2023-07-21,0.08766979466238461,0.06037492552812087,21.0654
2023-07-24,0.0858608015069718,0.05836242801051684,21.0988
2023-07-25,0.08700544145673943,0.05641701374349961,21.219
2023-07-26,0.08410526007484811,0.055693113285382984,21.1843
2023-07-27,0.08805841807235319,0.05383667617587022,21.387
2023-07-31,0.08804313746994137,0.05204212030334122,21.4746
2023-08-02,0.08510836622094332,0.06873738295989643,20.9217
2023-08-03,0.08227142068024522,0.06765280352789992,20.8855
2023-08-04,0.09002903999090375,0.06539771007696991,21.2005
2023-08-07,0.08702807199120696,0.0669177864077376,21.0895
2023-08-08,0.08412713625816673,0.0744138601941464,20.7977
2023-08-09,0.08308623171622788,0.07193339818767486,20.8506
2023-08-10,0.08623335732568689,0.0695356182480857,21.0281
2023-08-11,0.08335891208149733,0.07660443097314942,20.7465
2023-08-15,0.08058028167878076,0.07418428327404449,20.7425
2023-08-16,0.07789427228948807,0.07737814049824293,20.5725
2023-08-17,0.07529779654650513,0.08030553581496824,20.4073
2023-08-18,0.07278786999495496,0.08238868462113588,20.2645
2023-08-21,0.0703616076617898,0.08288572846709803,20.1672
2023-08-22,0.07316955407306343,0.0801228708515281,20.3218
2023-08-23,0.0782572356039613,0.07745210848981049,20.5476
2023-08-24,0.07564866108382927,0.0822870382068168,20.3251
2023-08-25,0.07312703904770163,0.08125080359992284,20.2739
2023-08-28,0.08133613774611151,0.07854244347992542,20.5933
2023-08-29,0.08741159982124114,0.07592436203059458,20.8569
2023-08-30,0.08784787982719977,0.07339354996290809,20.9574
2023-08-31,0.08632295049962649,0.07094709829747782,20.9995
2023-09-01,0.08764885214963886,0.06858219502089523,21.1256
2023-09-05,0.08755055707798429,0.06629612185353205,21.2103
2023-09-06,0.0846322051753848,0.0676995844584143,21.1019
2023-09-07,0.08181113166953864,0.07337626497646714,20.8639
2023-09-08,0.08108076061388732,0.07093038947725157,20.9238
2023-09-11,0.07909473526009106,0.06856604316134318,20.9453
2023-09-12,0.0764582440847547,0.06634717505596505,20.9433
2023-09-13,0.0739096359485962,0.06445893588743296,20.9336
2023-09-14,0.07588931475030973,0.06231030469118519,21.0669
2023-09-15,0.07335967092529941,0.06423662786814571,20.9468
2023-09-18,0.07091434856112276,0.06496874027254079,20.8606
2023-09-19,0.06855053694241867,0.06598311559678947,20.7652
2023-09-20,0.07106218571100466,0.06378367841022982,20.9091
2023-09-21,0.0686934461873045,0.07625422246322212,20.4712
2023-09-22,0.06795699798106106,0.0737124150477814,20.5178
2023-09-25,0.06569176471502569,0.07405200121285534,20.4339
2023-09-26,0.06350203922452484,0.0789502678390935,20.2129
2023-09-27,0.06138530458370735,0.07751859224445709,20.1769
2023-09-28,0.06674579443091713,0.07493463916964185,20.3991
2023-09-29,0.06757426794988655,0.07243681786398713,20.4907
2023-10-02,0.065321792351557,0.07283225726852086,20.4064
2023-10-03,0.06314439927317177,0.07861118202623689,20.1602
2023-10-04,0.06397625263073273,0.07599080929202899,20.2483
2023-10-05,0.06184371087637497,0.077887782315628,20.1154
2023-10-06,0.07168225384716245,0.07529152290510707,20.4724
2023-10-10,0.07723284538559035,0.07278180547493683,20.7106
2023-10-11,0.07465841720607067,0.07552574529243897,20.5555
2023-10-12,0.07279313663253506,0.07300822044935767,20.5742
2023-10-16,0.07036669874478389,0.07680461310104579,20.3873
2023-10-17,0.0696444754532911,0.07424445933101093,20.436
2023-10-18,0.06732299293818139,0.08069631068664394,20.1682
2023-10-19,0.0670522265069087,0.07800643366375581,20.2274
2023-10-20,0.06481715229001174,0.08575288587496388,19.917
2023-10-24,0.06265658054701134,0.08623445634579846,19.8168
2023-10-25,0.06056802786211096,0.09549997446760519,19.4526
2023-10-26,0.0585490936000406,0.09996330865201841,19.2232
2023-10-27,0.05864745714670599,0.0966311983636178,19.2847
2023-10-30,0.056692541908482455,0.09541349175149727,19.2246
2023-10-31,0.060382790511533065,0.09223304202644736,19.392
2023-11-01,0.06334003082781532,0.08915860729223245,19.5411
2023-11-02,0.07539536313355484,0.0861866537158247,19.9661
2023-11-03,0.0847155176957697,0.08331376525863053,20.3211
2023-11-06,0.08189166710591071,0.08428997308334286,20.2085
2023-11-07,0.08419194486904703,0.0814803073138981,20.3594
2023-11-08,0.08198888004007882,0.0787642970701015,20.3775
2023-11-09,0.0878125840387428,0.07613882050109812,20.6342
2023-11-10,0.08523549790411805,0.07360085981772818,20.6447
2023-11-13,0.09037764797398076,0.0711474978238039,20.8842
2023-11-14,0.10386839304151477,0.06877591456301044,21.3793
2023-11-15,0.10066611327346425,0.06648338407757676,21.3871
2023-11-16,0.09731057616434878,0.06999060460832424,21.2154
2023-11-17,0.09490022362553723,0.06765758445471343,21.2404
2023-11-20,0.09753021617135264,0.06540233163955632,21.4142
2023-11-21,0.09427920896564089,0.06505892058490442,21.3591
2023-11-22,0.09404656866678617,0.06289028989874094,21.4464
2023-11-24,0.09377168304455992,0.060793946902116244,21.5322
2023-11-27,0.09064596027640792,0.06187081533871236,21.4391
2023-11-28,0.08946109493386098,0.05980845482742195,21.4942
2023-11-29,0.09128239176939901,0.05781483966650788,21.6383
2023-11-30,0.0882396453770857,0.05610434501095771,21.6318
2023-12-01,0.09350165719784957,0.05423420017725912,21.8779
2023-12-04,0.09038493529125459,0.05663972683801716,21.7515
2023-12-06,0.09451877078154614,0.054751735943416584,21.9659
2023-12-07,0.09142147842216125,0.05292667807863603,21.9675
2023-12-08,0.09373742914142247,0.051162455476014834,22.1284
2023-12-12,0.09974951483670841,0.049457040293481004,22.4025
2023-12-13,0.09685786434215152,0.047808472283698306,22.4155
2023-12-14,0.10529260219741307,0.046214856540908365,22.7654
2023-12-15,0.10178284879083263,0.047094361322878135,22.6928
2023-12-18,0.09839008716447155,0.047267882612115494,22.6405
2023-12-19,0.10055041759232249,0.04569228652504498,22.8037
2023-12-20,0.09846873700591174,0.04416921030754348,22.8418
2023-12-21,0.09518644577238135,0.04655690329729203,22.726
2023-12-22,0.09358689757996864,0.04500500652071563,22.7732
2023-12-26,0.09273733432730306,0.04350483963669178,22.8413
2023-12-27,0.09073608984972625,0.04205467831546872,22.874
2023-12-28,0.08812488685473537,0.0406528557049531,22.8864
2024-01-02,0.08518739062624418,0.05223109384812127,22.4984
2024-01-03,0.0823478109387027,0.06069672405318391,22.1922
2024-01-04,0.08074288390741269,0.05867349991807778,22.2264
2024-01-05,0.07805145444383227,0.056741049920808584,22.2257
2024-01-08,0.08658307262903786,0.05484968159011497,22.5597
2024-01-09,0.08369697020806993,0.05363135887044447,22.5414
2024-01-10,0.08104040453446765,0.05184364690809632,22.5454
2024-01-11,0.07833905771665206,0.05172219201115982,22.4972
2024-01-12,0.08530775579276371,0.049998118944121164,22.7846
2024-01-16,0.08246416393300493,0.052731514979317176,22.6526
2024-01-17,0.07971535846857143,0.0594971311466733,22.3969
2024-01-18,0.08889817985295238,0.05751389344178419,22.7521
2024-01-19,0.09138157385785407,0.05559676366039138,22.9155
2024-01-22,0.0996288547292589,0.053743538205045,23.2543
2024-01-23,0.09860789290495024,0.051952086931543504,23.3233
2024-01-24,0.10495429647478528,0.05022035070049206,23.6123
2024-01-25,0.10145581992562577,0.048716339010475736,23.6072
2024-01-26,0.09807395926143825,0.04931579437679312,23.5405
2024-01-29,0.09480482728605698,0.05132860123090002,23.4308
2024-01-30,0.09164466637652174,0.05135764785653678,23.3786
2024-01-31,0.08858984416397102,0.05677572626131885,23.1647
2024-02-01,0.08563684935850532,0.057156535385941586,23.0965
2024-02-02,0.0855322877132218,0.055251317539743536,23.179
2024-02-05,0.08601454478944778,0.05340960695508542,23.279
2024-02-06,0.08775072662979956,0.05162928672324924,23.4171
2024-02-07,0.0879823690754729,0.049908310499140934,23.5118
2024-02-08,0.09376295677295708,0.04824470014916957,23.7732
2024-02-09,0.09627752488052518,0.04663654347753058,23.9424
2024-02-12,0.09875494071784102,0.04508199202827956,24.113
2024-02-13,0.09546310936057965,0.06064925896067025,23.6009
2024-02-14,0.09969433904856034,0.058627616995314574,23.8233
2024-02-15,0.1036745277469417,0.056673363095470754,24.0424
2024-02-16,0.10107537682204366,0.0547842509922884,24.0681
2024-02-20,0.0977061975946422,0.06120144262587887,23.8208
2024-02-21,0.09444932434148746,0.062394727871682834,23.7238
2024-02-22,0.10376768019677117,0.060314903609293403,24.0978
2024-02-23,0.10571209085687876,0.058304406822316954,24.2599
2024-02-27,0.1021883544949828,0.058764259928239686,24.1878
2024-02-28,0.09878207601181671,0.058675451263965055,24.1317
2024-02-29,0.09548934014475616,0.05713293622183287,24.1193
2024-03-01,0.10065636213993104,0.05522850501443844,24.3698
2024-03-04,0.0982111500685999,0.05338755484729049,24.3971
2024-03-05,0.09493744506631324,0.06250130301904742,24.0703
2024-03-06,0.09939953023076946,0.06041792625174584,24.2991
2024-03-07,0.09739287922307718,0.05840399537668765,24.3383
2024-03-08,0.09414644991564128,0.05826052886413145,24.2842
2024-03-11,0.09100823491845324,0.05884851123532698,24.2083
2024-03-12,0.09682462708783811,0.05688689419414941,24.4738
2024-03-13,0.09527380618491017,0.054990664387677766,24.5241
2024-03-14,0.09209801264541317,0.059620975574755146,24.3302
2024-03-15,0.08902807889056608,0.06330360972226336,24.1601
2024-03-18,0.09234047626088059,0.06119348939818791,24.3485
2024-03-19,0.0892624603855179,0.059633706418248375,24.3341
2024-03-20,0.090597045039334,0.057645916204306764,24.4634
2024-03-21,0.10199381020468956,0.055724385664163205,24.8959
2024-03-22,0.09859401653119991,0.05501690614202448,24.8614
2024-03-25,0.09530754931349325,0.05620967593729027,24.7706
2024-03-26,0.09261729766971007,0.054336020072713924,24.7852
2024-03-27,0.09005005441405305,0.05252481940362346,24.8008
2024-03-28,0.09162505260025128,0.05077399209016935,24.9381
2024-04-01,0.0885708841802429,0.051164859020497035,24.8756
2024-04-02,0.08561852137423481,0.05061269705314705,24.841
2024-04-03,0.08972790399509364,0.04892560715137548,25.0499
2024-04-04,0.0924203071952572,0.047294753579662965,25.2204
2024-04-05,0.08933963028874864,0.056981595127007574,24.8825
2024-04-09,0.08808164261245703,0.055082208622773986,24.9341
2024-04-10,0.08514558785870846,0.06137613500201485,24.6902
2024-04-11,0.08697073493008486,0.059330263835281026,24.8301
2024-04-17,0.08407171043241538,0.08548258837410504,23.9862
2024-04-18,0.08223265341800154,0.08263316876163487,24.0151
2024-04-19,0.07949156497073483,0.09172539646958036,23.6597
2024-04-22,0.07964184613837698,0.08866788325392769,23.7437
2024-04-23,0.09099711793376444,0.08571228714546343,24.164
2024-04-24,0.09248054733597219,0.08285521090728132,24.2995
2024-04-25,0.08939786242477311,0.09016670387703858,23.9973
2024-04-26,0.10117460034394742,0.0871611470811373,24.44
2024-04-29,0.09942211366581584,0.08425577551176605,24.4886
2024-04-30,0.09610804321028865,0.08621724966137385,24.3455
2024-05-02,0.0929044417699457,0.08463334133932812,24.3068
2024-05-03,0.10181429371094759,0.08181222996135051,24.667
2024-05-07,0.10821048392058259,0.0790851556293055,24.9607
2024-05-08,0.10580346778989655,0.07644898377499532,24.9967
2024-05-09,0.10349668553023333,0.0739006843158288,25.0333
2024-05-10,0.10004679601255889,0.07240066150530118,25.0044
2024-05-13,0.10332190281214025,0.06998730612179115,25.2027
2024-05-14,0.10155783938506889,0.06765439591773144,25.2531
2024-05-15,0.10694924473889995,0.0653992493871404,25.5164
2024-05-16,0.10355760324760324,0.06321927440756905,25.5216
2024-05-17,0.1001056831393498,0.06325196526065008,25.4574
2024-05-20,0.09676882703470481,0.06152356641862835,25.446
2024-05-21,0.0936031994668813,0.05947278087134074,25.4478
2024-05-23,0.09366309281798518,0.057490354842296046,25.5432
2024-05-24,0.09054098972405235,0.056557343014219476,25.5137
2024-05-28,0.0890429567332506,0.054672098247078825,25.5593
2024-05-29,0.08607485817547558,0.06430636163884293,25.2156
2024-05-30,0.08320569623629306,0.06694614958421481,25.0721
2024-05-31,0.08043217302841663,0.0726979445980743,24.8326
2024-06-04,0.08345443392746939,0.07027467977813849,25.0037
2024-06-05,0.09251595279655385,0.06793219045220054,25.359
2024-06-06,0.09289208770333537,0.06566778410379386,25.4628
2024-06-07,0.08979568477989086,0.0648955246336674,25.4203
2024-06-10,0.08976582862056112,0.06273234047921182,25.5092
2024-06-11,0.08677363433320909,0.06518459579657138,25.3729
2024-06-12,0.10204784652210207,0.06301177593668567,25.9179
2024-06-13,0.09864625163803199,0.0718413834054628,25.59
2024-06-14,0.0953580432500976,0.07003000395861399,25.5725
2024-06-17,0.09340944180842765,0.06769567049332685,25.6094
2024-06-18,0.09694246041481343,0.06543914814354929,25.8088
2024-06-20,0.09587437840098625,0.06325784320543097,25.8737
2024-06-21,0.09267856578762004,0.06440258176524993,25.7761
2024-06-24,0.09419594692803275,0.062255829039741604,25.9143
2024-06-25,0.09105608203043165,0.06419396807175022,25.7939
2024-06-26,0.09234087929608392,0.06205416913602521,25.9235
2024-06-27,0.09393951665288112,0.05998569683149104,26.0638
2024-06-28,0.09333819943111844,0.05798617360377467,26.1397
2024-07-01,0.09022692611674783,0.06016996781698218,26.0162
2024-07-02,0.09346936191285625,0.058164302223082776,26.2037
2024-07-03,0.09973371651576098,0.05622549214898002,26.4851
2024-07-05,0.10023592596523569,0.05435130907734735,26.5999
2024-07-08,0.09699472843306117,0.05253959877476911,26.6029
2024-07-09,0.0937615708186258,0.05659827881561022,26.4286
2024-07-10,0.09494618512467162,0.054711669521756545,26.5579
2024-07-11,0.09651131228718256,0.05288794720436466,26.6998
2024-07-12,0.0996209352109432,0.05112501563088584,26.8896
2024-07-15,0.09815023737057837,0.04942084844318965,26.9451
2024-07-16,0.09594856279155908,0.04777348682841666,26.9772
2024-07-17,0.09275027736517379,0.058644370600802735,26.6033
2024-07-18,0.08965860145300132,0.06553289158077596,26.338
2024-07-19,0.08666998140456794,0.06874179519475009,26.1762
2024-07-23,0.09096431535774897,0.06645040202159175,26.3917
2024-07-24,0.08793217151249068,0.08371205528753865,25.8074
2024-07-25,0.08500109912874099,0.08711165344462071,25.6217
2024-07-26,0.08586106249111632,0.08420793166313335,25.7325
2024-07-30,0.08299902707474577,0.08497100060769566,25.6254
2024-07-31,0.0906257261722543,0.08213863392077247,25.9372
2024-08-01,0.08760486863317915,0.09439734612341338,25.4873
2024-08-02,0.08468470634540651,0.12262410125263301,24.5461
2024-08-05,0.08186188280055963,0.13831663121087856,23.9527
2024-08-06,0.08735982004054098,0.1337060768371826,24.1995
2024-08-07,0.09812782603918958,0.12924920760927652,24.6099
2024-08-08,0.09485689850454992,0.12921756735563394,24.4816
2024-08-09,0.09200833522106491,0.12491031511044615,24.491
2024-08-13,0.10158472404702944,0.12074663794009795,24.8703
2024-08-14,0.0995652332454618,0.11672175000876135,24.9113
2024-08-15,0.11112972547061309,0.11283102500846931,25.3578
2024-08-16,0.11166540128825928,0.10906999084152033,25.485
2024-08-19,0.1079432212453173,0.10745765781346966,25.4243
2024-08-20,0.10434511387047339,0.10651240255302069,25.3452
2024-08-21,0.10546027674145769,0.10296198913458667,25.483
2024-08-22,0.10194493418340911,0.1006199228301005,25.4503
2024-08-23,0.10467010304396221,0.09726592540243048,25.634
2024-08-26,0.10118109960916347,0.09929039455568284,25.476
2024-08-27,0.10004172962219135,0.09598071473716008,25.543
2024-08-28,0.09670700530145164,0.09940802424592135,25.3442
2024-08-29,0.10282343845806993,0.09609442343772397,25.6244
2024-08-30,0.0993959905094676,0.10040460932313318,25.399
2024-09-03,0.09608279082581868,0.10508445567902874,25.1582
2024-09-04,0.09288003113162473,0.10801830715639449,24.9651
2024-09-05,0.0897840300939039,0.11476769691784805,24.6546
2024-09-06,0.08679122909077377,0.12475544035391968,24.2402
2024-09-09,0.09343818812108122,0.12059692567545569,24.5264
2024-09-10,0.09032358185037852,0.1224170281529405,24.3512
2024-09-11,0.08731279578869923,0.11915646054784247,24.3266
2024-09-12,0.09850236926240931,0.11518457852958106,24.7496
2024-09-13,0.09959895695366232,0.11134509257859503,24.881
2024-09-16,0.09627899172187357,0.1147602561593085,24.6672
2024-09-17,0.10076302533114441,0.11093491428733156,24.898
2024-09-18,0.09740425782010627,0.1142370838110872,24.688
2024-09-19,0.11062411589276938,0.11042918101738429,25.182
2024-09-20,0.1069366453630104,0.11260154165013812,25.0064
2024-09-23,0.1063087571842434,0.10884815692846685,25.0945
2024-09-24,0.10708846527810194,0.10521988503085128,25.2242
2024-09-25,0.10351884976883187,0.10518922219648952,25.1199
2024-09-26,0.10902155477653745,0.10168291478993986,25.3885
2024-09-27,0.10583416961731956,0.09829348429694187,25.4019
2024-09-30,0.1023063639634089,0.10513036815371048,25.0985
2024-10-01,0.09889615183129527,0.1018493558819202,25.0918
2024-10-02,0.1040696134369188,0.09845437735252287,25.3459
2024-10-03,0.10435395965568818,0.09517256477410543,25.4585
2024-10-04,0.10596549433383189,0.09200014594830191,25.6112
2024-10-07,0.1055933111893708,0.08893347441669185,25.706
2024-10-08,0.10207353414972511,0.08763235860280215,25.6561
2024-10-09,0.10299774967806771,0.08471127998270875,25.7859
2024-10-10,0.09956449135546545,0.08306090398328524,25.7507
2024-10-11,0.09825900831028332,0.08029220718384239,25.8111
2024-10-15,0.09501704136660725,0.07761580027771431,25.8121
2024-10-16,0.09184980665438701,0.07856527360179055,25.706
2024-10-17,0.09300481309924079,0.07594643114839754,25.8325
2024-10-18,0.09199131932926609,0.07341488344345096,25.8951
2024-10-21,0.08892494201829056,0.07189105399533591,25.8674
2024-10-22,0.08596077728434753,0.06965468552882469,25.8626
2024-10-24,0.08309541804153595,0.06994619601119727,25.7842
2024-10-25,0.0890089041068181,0.06761465614415736,26.0447
2024-10-28,0.0876919406365909,0.06536083427268545,26.0942
2024-10-29,0.08757554261537118,0.06318213979692927,26.1784
2024-10-30,0.08465635786152548,0.06712940180369828,25.9968
2024-10-31,0.08183447926614129,0.08109508841024168,25.5107
2024-11-01,0.08766332995726986,0.07839191879656696,25.7674
2024-11-04,0.0847412189586942,0.08102885483668136,25.6099
2024-11-05,0.0883831783267377,0.07832789300879198,25.8039
2024-11-06,0.10059040571584653,0.07571696324183225,26.2585
2024-11-07,0.11256072552531825,0.07319306446710451,26.7182
2024-11-08,0.10880870134114097,0.08036662898486767,26.4298
2024-11-12,0.1051817446297696,0.07937440801870539,26.3792
2024-11-13,0.10175235314211055,0.07672859441808189,26.3815
2024-11-14,0.10261060803737358,0.07417097460414582,26.509
2024-11-15,0.09919025443612779,0.0883052754506743,26.0108
2024-11-18,0.10064724595492357,0.08536176626898516,26.1537
2024-11-19,0.09729233775642611,0.08766304072668563,25.9993
2024-11-20,0.09473925983121183,0.08474093936912944,26.02
2024-11-21,0.09429795117017149,0.08191624139015846,26.1015
2024-11-22,0.09563801946449908,0.07918570001048651,26.236
2024-11-25,0.10056008548234904,0.07654617667680363,26.4793
2024-11-26,0.09878141596627076,0.07399463745424352,26.5265
2024-11-27,0.09548870210072839,0.07929481620576863,26.2935
2024-11-29,0.09451241203070407,0.07665165566557634,26.3597
2024-12-02,0.10160866496301398,0.0740966004767238,26.6671
2024-12-03,0.09822170946424684,0.07351671379416644,26.6104
2024-12-04,0.10236765248210528,0.07106615666769422,26.833
2024-12-06,0.09895539739936843,0.07026061811210432,26.7861
2024-12-09,0.1012935508193895,0.06791859750836751,26.9552
2024-12-11,0.09791709912540984,0.06937131092475536,26.8437
2024-12-12,0.09469652915456286,0.06705893389393018,26.845
2024-12-13,0.0915399781827441,0.06660363609746583,26.7916
2024-12-16,0.08901197890998605,0.06438351489421698,26.8073
2024-12-17,0.0893015796129865,0.062237397731076415,26.905
2024-12-18,0.08687819362588697,0.0601628178067072,26.9216
2024-12-19,0.0839822538383574,0.07542072387981699,26.4037
2024-12-20,0.08542951204374542,0.07290669975048976,26.5311
2024-12-23,0.08258186164228724,0.07768980975880677,26.3147
2024-12-24,0.08589913292087772,0.0751001494335132,26.4968
2024-12-26,0.0864591618235151,0.07259681111906276,26.5995
2024-12-27,0.08357718976273126,0.08337025074842724,26.2037
2024-12-30,0.08079128343730689,0.0864612423901464,26.0276

