Date,EMA
2011-01-27,10.51913213010361
2011-01-28,10.510766090450852
2011-01-31,10.50945850832977
2011-02-01,10.510582771195391
2011-02-02,10.509955305539412
2011-02-07,10.511065645695924
2011-02-08,10.512470359882032
2011-02-09,10.514797715675645
2011-02-10,10.515762708108078
2011-02-11,10.519076297297268
2011-02-14,10.521185900900873
2011-02-15,10.524491658764001
2011-02-16,10.530579670737193
2011-02-17,10.536745296325362
2011-02-21,10.546701601717455
2011-02-22,10.554434878850177
2011-02-23,10.564195058539646
2011-02-24,10.576142600345273
2011-02-25,10.585972684543686
2011-02-28,10.59635960789303
2011-03-01,10.607325937440642
2011-03-02,10.621472395776058
2011-03-03,10.63626985557339
2011-03-04,10.646607755377833
2011-03-07,10.660407483259313
2011-03-08,10.671137045250214
2011-03-09,10.679981359451961
2011-03-10,10.68895394333084
2011-03-11,10.694204682161336
2011-03-14,10.702962412611816
2011-03-15,10.707861977081578
2011-03-16,10.709940504201523
2011-03-17,10.711788205808487
2011-03-18,10.734557040692401
2011-03-21,10.740355039264598
2011-03-22,10.747556616834261
2011-03-23,10.753887963612007
2011-03-24,10.762365578923866
2011-03-25,10.767584330540572
2011-03-28,10.769612950521603
2011-03-29,10.7719142505033
2011-03-30,10.775555855748799
2011-03-31,10.781680211687437
2011-04-01,10.788245818294895
2011-04-04,10.793984561512618
2011-04-05,10.798844752336736
2011-04-07,10.810116866289833
2011-04-08,10.821898730630542
2011-04-11,10.833074213766313
2011-04-12,10.841408451879776
2011-04-18,10.856373067603291
2011-04-19,10.873086293301423
2011-04-20,10.891149932132953
2011-04-21,10.908172741531796
2011-04-25,10.9266824698991
2011-04-26,10.940447997271063
2011-04-27,10.956288418419446
2011-04-28,10.97714145636964
2011-04-29,10.996031229830354
2011-05-03,11.019019607731042
2011-05-04,11.038748744301882
2011-05-06,11.04695756029129
2011-05-09,11.064348523088087
2011-05-10,11.080939802979733
2011-05-11,11.099169985331322
2011-05-12,11.106051740231976
2011-05-13,11.119783258118574
2011-05-18,11.128755775377572
2011-05-19,11.136252063960814
2011-05-20,11.146601114348154
2011-05-23,11.158832654195587
2011-05-24,11.174743789136093
2011-05-25,11.190907164955878
2011-05-26,11.207408667939882
2011-05-27,11.22284696029287
2011-05-30,11.239340049405401
2011-05-31,11.256226363461352
2011-06-01,11.269506140182006
2011-06-02,11.285214696666849
2011-06-03,11.299066812573274
2011-06-06,11.3144223630093
2011-06-07,11.329432104658094
2011-06-08,11.341760802740268
2011-06-09,11.354242879837102
2011-06-10,11.36973962089545
2011-06-13,11.37918033595175
2011-06-14,11.388184534690284
2011-06-15,11.39676753347308
2011-06-16,11.406487970895077
2011-06-17,11.416807691214547
2011-06-20,11.430551280996493
2011-06-21,11.443988078154511
2011-06-22,11.458560426289441
2011-06-23,11.469972341156478
2011-06-24,11.47688208357204
2011-06-27,11.479668677130915
2011-06-28,11.48614346038948
2011-06-29,11.495643689849498
2011-06-30,11.502221104240743
2011-07-04,11.503894047951594
2011-07-05,11.502171449777853
2011-07-06,11.50583560943477
2011-07-07,11.511641377524779
2011-07-08,11.515201329190576
2011-07-11,11.522369703604943
2011-07-12,11.528777784180207
2011-07-13,11.543862774208971
2011-07-14,11.560965834763042
2011-07-18,11.578447735297672
2011-07-19,11.596042551603016
2011-07-20,11.606851584880102
2011-07-21,11.618369073129923
2011-07-22,11.627236824949925
2011-07-25,11.643000445127122
2011-07-26,11.656263587403362
2011-07-27,11.670363110652367
2011-07-28,11.682543352383863
2011-07-29,11.693583936510745
2011-08-01,11.705995026457735
2011-08-02,11.719932043073253
2011-08-03,11.744513374895245
2011-08-04,11.76682518630243
2011-08-05,11.790101495554977
2011-08-08,11.82418565360568
2011-08-10,11.870951069268639
2011-08-11,11.921001908943424
2011-08-15,11.958321140208568
2011-08-16,12.004050223008267
2011-08-17,12.051188811674644
2011-08-18,12.096782186703603
2011-08-19,12.15973719769646
2011-08-22,12.226813085496584
2011-08-23,12.288802100040563
2011-08-24,12.34158799126721
2011-08-25,12.362370868766606
2011-08-26,12.398649083897602
2011-08-29,12.44090350200646
2011-08-31,12.48450688790097
2011-09-01,12.52457682165883
2011-09-02,12.569721494583082
2011-09-05,12.623411968457358
2011-09-06,12.673558916932537
2011-09-07,12.711942814584027
2011-09-08,12.745829031616166
2011-09-09,12.792259591910337
2011-09-12,12.828611886931027
2011-09-13,12.856990417214147
2011-09-14,12.888481981522423
2011-09-15,12.91582647339883
2011-09-16,12.933986948016416
2011-09-19,12.961541791945665
2011-09-20,12.98448769398266
2011-09-21,13.011975845070987
2011-09-22,13.025043359279023
2011-09-23,13.033999732637653
2011-09-26,13.014855882369666
2011-09-27,13.010899535619854
2011-09-28,13.003408323843718
2011-09-29,12.989629084410605
2011-09-30,12.97961052004532
2011-10-03,12.975315414078818
2011-10-04,12.976300838146226
2011-10-05,12.958935896456884
2011-10-06,12.954439900089977
2011-10-07,12.949645517630678
2011-10-10,12.94502637666118
2011-10-11,12.93955176695377
2011-10-12,12.938549950569428
2011-10-13,12.938137671602078
2011-10-14,12.936153893651127
2011-10-17,12.939085335979158
2011-10-18,12.9301560259448
2011-10-19,12.919129498718666
2011-10-20,12.901089867184677
2011-10-21,12.887528819213284
2011-10-25,12.885306755381238
2011-10-27,12.893341606069615
2011-10-28,12.907448918137348
2011-10-31,12.912124394693931
2011-11-01,12.917186696634495
2011-11-02,12.930415233594688
2011-11-03,12.942523471012418
2011-11-04,12.96015773518742
2011-11-08,12.983689042724704
2011-11-09,13.005447321927347
2011-11-10,13.020838643964984
2011-11-11,13.038732024878493
2011-11-14,13.05963616435644
2011-11-15,13.074561211221127
2011-11-16,13.091955554687052
2011-11-17,13.10630448259277
2011-11-18,13.111185027063199
2011-11-21,13.115375026113613
2011-11-22,13.113891691864012
2011-11-23,13.11560777285124
2011-11-24,13.118418026435407
2011-11-25,13.115933183402586
2011-11-28,13.122984650651619
2011-11-29,13.128595715541035
2011-11-30,13.133543234293981
2011-12-01,13.146268033090683
2011-12-02,13.156567400350658
2011-12-06,13.157975561741864
2011-12-07,13.162351857821097
2011-12-08,13.16767284526597
2011-12-09,13.16540713139699
2011-12-13,13.151150740821658
2011-12-14,13.135671767459495
2011-12-15,13.108669249303022
2011-12-16,13.085673837046775
2011-12-19,13.063218614694257
2011-12-20,13.043217961547091
2011-12-21,13.03175417342263
2011-12-22,13.01462595681131
2011-12-23,12.999165396923194
2011-12-27,12.980447312820626
2011-12-28,12.960421091318148
2011-12-29,12.93333964951751
2011-12-30,12.951106679359002
2012-01-04,12.938309953767458
2012-01-05,12.930646446617722
2012-01-06,12.925434290596048
2012-01-09,12.92203308741724
2012-01-10,12.917835435227161
2012-01-11,12.919528928727964
2012-01-12,12.922794580351544
2012-01-13,12.925187752970787
2012-01-16,12.928833796726199
2012-01-17,12.935404540700718
2012-01-18,12.938842977869115
2012-01-19,12.945220417242128
2012-01-20,12.944124964005562
2012-01-25,12.948078474040454
2012-01-26,12.958644141617983
2012-01-27,12.97168118928051
2012-01-30,12.983688866849615
2012-01-31,12.996054169767172
2012-02-01,13.009634725213939
2012-02-02,13.023668594504677
2012-02-03,13.0386837315396
2012-02-06,13.043768512889088
2012-02-07,13.050029266822802
2012-02-08,13.059624731144808
2012-02-09,13.065178249350254
2012-02-10,13.067957959899367
2012-02-13,13.074033119201145
2012-02-14,13.075831957123912
2012-02-15,13.079308028803773
2012-02-16,13.081953361126446
2012-02-17,13.086828681788676
2012-02-20,13.09075749997153
2012-02-21,13.096674780674284
2012-02-22,13.103668648019045
2012-02-23,13.113139923527148
2012-02-24,13.122664838491108
2012-02-27,13.131150282754577
2012-02-28,13.13895553599126
2012-02-29,13.146985166307354
2012-03-01,13.143606739419377
2012-03-02,13.138560888913435
2012-03-05,13.131516647197174
2012-03-06,13.124473957821834
2012-03-08,13.115208204915806
2012-03-09,13.10767107491876
2012-03-12,13.102461563518103
2012-03-13,13.095578701640274
2012-03-14,13.081996992810792
2012-03-15,13.06484271236129
2012-03-16,13.048669283857386
2012-03-19,13.033940537055372
2012-03-20,13.01873560593062
2012-03-21,13.005015058354108
2012-03-22,12.989032073850455
2012-03-23,12.976230948452192
2012-03-26,12.965163195874922
2012-03-27,12.961859224089837
2012-03-28,12.956902760086685
2012-03-29,12.948407926399433
2012-03-30,12.940625192139803
2012-04-02,12.933606764345425
2012-04-03,12.92903459717541
2012-04-04,12.915478997274517
2012-04-05,12.90136394473857
2012-04-10,12.892172227379321
2012-04-11,12.885310043962503
2012-04-12,12.876734252946274
2012-04-17,12.867908489685002
2012-04-18,12.857845033906582
2012-04-19,12.848524155523895
2012-04-20,12.839228571119548
2012-04-23,12.829245112483775
2012-04-24,12.819966336607152
2012-04-25,12.812118394971813
2012-04-26,12.804587924972802
2012-04-27,12.798626945149195
2012-04-30,12.794240034793082
2012-05-02,12.788561437081045
2012-05-03,12.782275070867675
2012-05-04,12.772181208731967
2012-05-08,12.762750289127338
2012-05-09,12.743236243894799
2012-05-10,12.726926200249368
2012-05-11,12.70896036866167
2012-05-14,12.688516145199856
2012-05-15,12.667848912034948
2012-05-16,12.643920880033722
2012-05-17,12.623085059681662
2012-05-18,12.612755759341955
2012-05-21,12.60347310111943
2012-05-22,12.591326676518749
2012-05-23,12.575708196640898
2012-05-24,12.561609663425427
2012-05-25,12.550619850673659
2012-05-28,12.543720908544758
2012-05-29,12.53625701701687
2012-05-30,12.524532209402242
2012-05-31,12.518131079247777
2012-06-01,12.508873848396977
2012-06-05,12.513790555470766
2012-06-06,12.520383869313896
2012-06-07,12.523545838811653
2012-06-08,12.51729159885335
2012-06-11,12.514909437490074
2012-06-12,12.513474018630772
2012-06-13,12.515583702187588
2012-06-14,12.519549186321356
2012-06-15,12.523670267503062
2012-06-18,12.526611661625761
2012-06-19,12.530534059463454
2012-06-20,12.532262688955965
2012-06-21,12.531495577062774
2012-06-22,12.524692223481624
2012-06-25,12.518973198096305
2012-06-26,12.517279401671873
2012-06-27,12.511897668279877
2012-06-28,12.507420557112162
2012-06-29,12.501960186687175
2012-07-02,12.499814215224466
2012-07-03,12.499940032234134
2012-07-04,12.502261434611885
2012-07-05,12.505175068485153
2012-07-06,12.503281206433043
2012-07-09,12.500597655330129
2012-07-10,12.499036334090476
2012-07-11,12.495249094297828
2012-07-12,12.489261406778606
2012-07-13,12.484666269698655
2012-07-16,12.481807804095194
2012-07-17,12.480460161846239
2012-07-18,12.477924717570932
2012-07-19,12.473822095901777
2012-07-20,12.47099675920347
2012-07-23,12.46674424133668
2012-07-24,12.463830408307324
2012-07-25,12.462997762401804
2012-07-26,12.465082051440337
2012-07-27,12.469949347881027
2012-07-30,12.47493358128871
2012-07-31,12.480149946857527
2012-08-01,12.482369246967789
2012-08-03,12.480689624267164
2012-08-06,12.4816233216613
2012-08-07,12.483608468269674
2012-08-08,12.484587118505825
2012-08-10,12.48516300908457
2012-08-14,12.485967815783356
2012-08-15,12.483804032773413
2012-08-16,12.484214417588381
2012-08-17,12.487326192409842
2012-08-21,12.491114747062129
2012-08-22,12.499317738393282
2012-08-23,12.509032905467203
2012-08-24,12.520298417556074
2012-08-27,12.532452859045335
2012-08-28,12.541942232412167
2012-08-29,12.55301092601174
2012-08-30,12.56196492860782
2012-08-31,12.570204755674212
2012-09-03,12.584878273018976
2012-09-04,12.598921140632346
2012-09-05,12.614120398855773
2012-09-06,12.63188810415908
2012-09-07,12.64600431103069
2012-09-10,12.6672918790647
2012-09-11,12.687302690325588
2012-09-12,12.707127157331707
2012-09-13,12.72442094128498
2012-09-14,12.749272838081996
2012-09-17,12.771961510429996
2012-09-18,12.791797948660523
2012-09-19,12.814457669760154
2012-09-20,12.834553891873833
2012-09-21,12.855625685141417
2012-09-24,12.874445836539964
2012-09-25,12.894626684380667
2012-09-26,12.912678379665556
2012-09-27,12.928805454063255
2012-09-28,12.947082455675071
2012-10-01,12.963033948458403
2012-10-02,12.978650301144073
2012-10-03,12.993262571279368
2012-10-04,13.008169147725706
2012-10-05,13.02288952850726
2012-10-08,13.034321474875426
2012-10-09,13.045366335406113
2012-10-10,13.055178042935722
2012-10-11,13.065378813359029
2012-10-12,13.074814644469239
2012-10-15,13.078852727119441
2012-10-16,13.081121052483672
2012-10-17,13.08360452432635
2012-10-18,13.086425418209636
2012-10-19,13.08662452634263
2012-10-22,13.084876297348151
2012-10-24,13.079319234283304
2012-10-25,13.075062419045294
2012-10-29,13.070221632412126
2012-10-30,13.06506297864328
2012-10-31,13.060832698690884
2012-11-01,13.059059621543835
2012-11-02,13.053948757630016
2012-11-05,13.041196169642998
2012-11-06,13.032213847901138
2012-11-07,13.03680634446601
2012-11-08,13.035125420098781
2012-11-09,13.036584177288297
2012-11-12,13.03726894299748
2012-11-14,13.036540208155463
2012-11-15,13.036303709623693
2012-11-16,13.033605333847424
2012-11-19,13.033099883536988
2012-11-20,13.03428234376376
2012-11-21,13.033542612403629
2012-11-22,13.033702520740343
2012-11-23,13.035109449837174
2012-11-26,13.039596837562186
2012-11-27,13.043853088875794
2012-11-28,13.046142454178398
2012-11-29,13.044902368066873
2012-11-30,13.043926846380316
2012-12-03,13.040069764051182
2012-12-04,13.033807667066931
2012-12-06,13.024291608573355
2012-12-07,13.017298920553237
2012-12-11,13.011853344393474
2012-12-12,13.008012876169142
2012-12-13,13.000408915601803
2012-12-14,12.992892813299985
2012-12-17,12.98305096020174
2012-12-18,12.976407066861329
2012-12-19,12.963778748725844
2012-12-20,12.95070931894599
2012-12-21,12.932431798982973
2012-12-24,12.915956999018658
2012-12-26,12.903870788526774
2012-12-27,12.889731462613554
2012-12-28,12.876863691995535
2013-01-02,12.866226369469377
2013-01-03,12.85593772492659
2013-01-04,12.837701313525658
2013-01-07,12.822206530594933
2013-01-08,12.80601331899511
2013-01-09,12.79297776394265
2013-01-10,12.778764509067468
2013-01-11,12.766579789451065
2013-01-14,12.754201551224712
2013-01-15,12.742247110830862
2013-01-16,12.727470019222762
2013-01-17,12.712965808021963
2013-01-18,12.70116700774049
2013-01-21,12.688434832030298
2013-01-22,12.677447644941514
2013-01-23,12.666607376697952
2013-01-24,12.65390887225241
2013-01-25,12.640147157436536
2013-01-28,12.625759537877359
2013-01-29,12.610971483916751
2013-01-30,12.596705817814408
2013-01-31,12.585168771575306
2013-02-01,12.571717235730558
2013-02-04,12.557411367810188
2013-02-05,12.546158337360708
2013-02-06,12.534633483418228
2013-02-07,12.525120027859693
2013-02-08,12.514217570741808
2013-02-13,12.498936252470166
2013-02-14,12.483668313787001
2013-02-15,12.46602732032079
2013-02-18,12.445166712590236
2013-02-19,12.424743319166016
2013-02-20,12.402138290423348
2013-02-21,12.371259753917265
2013-02-22,12.345717306411396
2013-02-26,12.324390383379418
2013-02-27,12.306534580453825
2013-02-28,12.284396524999305
2013-03-01,12.258691383771259
2013-03-04,12.233930282586304
2013-03-05,12.211304658635907
2013-03-06,12.187006249560962
2013-03-07,12.166044626769349
2013-03-08,12.144713236356388
2013-03-11,12.12356189472985
2013-03-12,12.102672003686695
2013-03-13,12.084164214083653
2013-03-14,12.066235645168438
2013-03-15,12.046830885688843
2013-03-18,12.032219275664673
2013-03-19,12.015871230904509
2013-03-20,11.999121363153474
2013-03-21,11.982934648656862
2013-03-22,11.969912380282937
2013-03-25,11.95479615641336
2013-03-26,11.940364712328682
2013-03-27,11.924369459264518
2013-03-28,11.911338951921904
2013-04-01,11.897214778170257
2013-04-02,11.885137066655512
2013-04-03,11.866223485369353
2013-04-04,11.841840205180954
2013-04-05,11.818877390964078
2013-04-09,11.798222043912705
2013-04-10,11.779947586231557
2013-04-11,11.757405565662028
2013-04-12,11.734865019498448
2013-04-17,11.668108352147627
2013-04-19,11.547724766157764
2013-04-22,11.495822142783807
2013-04-23,11.444775751808935
2013-04-24,11.398639760517394
2013-04-26,11.334280047880922
2013-04-30,11.284804292040564
2013-05-03,11.240636313765066
2013-05-07,11.218975390475062
2013-05-08,11.19466748203734
2013-05-10,11.15476064424837
2013-05-13,11.130790095327374
2013-05-14,11.107460618298344
2013-05-16,11.043824490720986
2013-05-17,11.011170999818496
2013-05-20,10.973715877017847
2013-05-21,10.942318828701431
2013-05-22,10.914293606641731
2013-05-23,10.889837690619215
2013-05-27,10.86677671901854
2013-05-29,10.82392698523579
2013-05-30,10.810171652420498
2013-05-31,10.799884927774164
2013-06-03,10.78837317592244
2013-06-04,10.778570608346214
2013-06-05,10.768999709807751
2013-06-06,10.76111550946362
2013-06-07,10.756104438956124
2013-06-10,10.744553406010294
2013-06-12,10.723923315845225
2013-06-13,10.715048813534866
2013-06-14,10.703264644638907
2013-06-17,10.69387290272175
2013-06-18,10.684470344731514
2013-06-19,10.671569630881285
2013-06-20,10.649072450850362
2013-06-24,10.596737323429469
2013-06-25,10.568469347168786
2013-06-26,10.529014282355847
2013-06-28,10.4477306876351
2013-07-02,10.418505049472467
2013-07-03,10.38780662668396
2013-07-04,10.35945200820382
2013-07-05,10.328292288617723
2013-07-08,10.299046945157452
2013-07-09,10.276062841818593
2013-07-10,10.2542957245618
2013-07-11,10.239874821945596
2013-07-12,10.223486231701893
2013-07-15,10.209041100764983
2013-07-16,10.195253693720598
2013-07-17,10.18207987990584
2013-07-18,10.16801041043546
2013-07-19,10.156322325858778
2013-07-23,10.154703998635663
2013-07-24,10.155689823244938
2013-07-25,10.15256035576266
2013-07-26,10.152621395911337
2013-07-29,10.153217136405678
2013-07-30,10.153160394777409
2013-07-31,10.156516170399254
2013-08-01,10.155940164420333
2013-08-02,10.1482650709319
2013-08-05,10.146561033355344
2013-08-06,10.140544856746384
2013-08-07,10.130620475807914
2013-08-13,10.134532038060268
2013-08-14,10.136008106900258
2013-08-15,10.140800804903757
2013-08-16,10.151281478415905
2013-08-19,10.165292654611838
2013-08-20,10.17841922813423
2013-08-21,10.19389223767338
2013-08-22,10.214046896000628
2013-08-23,10.233294373333939
2013-08-26,10.256498079532747
2013-08-27,10.285978848671949
2013-08-28,10.319972573279951
2013-08-29,10.346647219831532
2013-08-30,10.368663106854985
2013-09-02,10.388253875035511
2013-09-03,10.407834440823738
2013-09-04,10.429931477987816
2013-09-05,10.449397040163682
2013-09-06,10.463302407175483
2013-09-09,10.479565480607922
2013-09-10,10.491507042691856
2013-09-11,10.499201532421965
2013-09-12,10.496390952336984
2013-09-13,10.48769653295674
2013-09-16,10.47932121601089
2013-09-17,10.472029243519279
2013-09-18,10.459926463044917
2013-09-19,10.456150095920535
2013-09-20,10.450151846940866
2013-09-23,10.44070090494294
2013-09-24,10.429325434594064
2013-09-25,10.420321033380237
2013-09-26,10.413253628700229
2013-09-27,10.403683325938818
2013-09-30,10.398529525028685
2013-10-01,10.390517962746978
2013-10-02,10.375236630720769
2013-10-03,10.363509029642847
2013-10-04,10.354399940883448
2013-10-07,10.34548415348403
2013-10-08,10.338751376168801
2013-10-09,10.331514485776914
2013-10-10,10.319805205574214
2013-10-11,10.303826075554067
2013-10-14,10.286379546587257
2013-10-16,10.269113597584196
2013-10-17,10.256793822230366
2013-10-18,10.248555442502985
2013-10-21,10.240830690134459
2013-10-22,10.232569964164828
2013-10-24,10.23117101805378
2013-10-25,10.231554491104525
2013-10-28,10.23266836860963
2013-10-29,10.231978250412801
2013-10-30,10.232340417064984
2013-10-31,10.22980215681709
2013-11-01,10.225117870612982
2013-11-04,10.219376892696737
2013-11-05,10.212623317514394
2013-11-06,10.208794429180555
2013-11-07,10.204805150963695
2013-11-08,10.20052075970181
2013-11-11,10.190979680414026
2013-11-12,10.181299691627569
2013-11-13,10.170654088412567
2013-11-14,10.163196050222652
2013-11-15,10.155961101092032
2013-11-18,10.14808527298354
2013-11-19,10.138205087966574
2013-11-20,10.128745260318624
2013-11-21,10.11473665469341
2013-11-22,10.100773965055046
2013-11-25,10.085504703123291
2013-11-26,10.075894011785632
2013-11-27,10.067097730670346
2013-11-28,10.057017108541562
2013-11-29,10.048423525785719
2013-12-02,10.038980595056394
2013-12-03,10.025037416282485
2013-12-04,10.010692243781346
2013-12-06,10.001415322946912
2013-12-09,9.990351627404914
2013-12-11,9.985062096618776
2013-12-12,9.97976868971987
2013-12-13,9.967889086571805
2013-12-16,9.957240346692092
2013-12-17,9.949568755580088
2013-12-18,9.943124237840436
2013-12-19,9.930109352302175
2013-12-20,9.917852883800345
2013-12-23,9.908208922965246
2013-12-24,9.897685802861202
2013-12-26,9.890854722059055
2013-12-27,9.886277363390315
2014-01-02,9.885162368183638
2014-01-03,9.886812811405264
2014-01-06,9.891170256619114
2014-01-07,9.89583796691318
2014-01-08,9.895878740003948
2014-01-09,9.896019836845914
2014-01-10,9.898412123272372
2014-01-13,9.903804680350534
2014-01-14,9.907218551215427
2014-01-15,9.908937198541203
2014-01-16,9.909620103855547
2014-01-17,9.911419398457106
2014-01-20,9.916902928335803
2014-01-21,9.920562474709985
2014-01-22,9.921721686123671
2014-01-23,9.922727942750912
2014-01-24,9.929039243005265
2014-01-27,9.937999269566484
2014-01-28,9.943083505722045
2014-01-29,9.947424435345832
2014-01-30,9.955002525333697
2014-02-03,9.956019980585147
2014-02-04,9.95969296372251
2014-02-05,9.962728298328738
2014-02-06,9.967029059790887
2014-02-07,9.971578917342084
2014-02-10,9.979516499189732
2014-02-11,9.989536972902373
2014-02-12,9.997640938765446
2014-02-13,10.006085116352622
2014-02-17,10.02073476139288
2014-02-18,10.03521073467734
2014-02-19,10.050406849250065
2014-02-20,10.063904854539535
2014-02-21,10.07797485964341
2014-02-24,10.094382759305045
2014-02-25,10.112232487048727
2014-02-26,10.130557662941754
2014-02-27,10.14412406073327
2014-02-28,10.158302163865436
2014-03-03,10.175993316010508
2014-03-04,10.19050583123821
2014-03-05,10.201102117861431
2014-03-06,10.211059938287345
2014-03-07,10.224405203610596
2014-03-10,10.234331336817242
2014-03-11,10.2468249741219
2014-03-12,10.26245216801236
2014-03-13,10.280997705976839
2014-03-14,10.29842585664432
2014-03-17,10.316624949393642
2014-03-18,10.328125828362285
2014-03-19,10.33535650105133
2014-03-20,10.341024693996896
2014-03-21,10.34852558192683
2014-03-24,10.35237380712238
2014-03-25,10.355065954240892
2014-03-26,10.357646096197351
2014-03-27,10.354637461243058
2014-03-28,10.351520357339792
2014-03-31,10.3466880640998
2014-04-01,10.33918321974542
2014-04-02,10.33182591378944
2014-04-03,10.326372372954724
2014-04-04,10.323201412500174
2014-04-08,10.323327678728237
2014-04-09,10.32153021631672
2014-04-10,10.322925647323151
2014-04-11,10.323015975487252
2014-04-16,10.319934713189454
2014-04-17,10.314817705709121
2014-04-21,10.307827610771959
2014-04-22,10.30265120337645
2014-04-23,10.296375722556224
2014-04-24,10.289994118256006
2014-04-25,10.286004850948778
2014-04-28,10.283738014073382
2014-04-29,10.278101592526948
2014-04-30,10.274196273490915
2014-05-02,10.268936755122812
2014-05-06,10.270640728627274
2014-05-07,10.272870878500001
2014-05-08,10.270212251184212
2014-05-09,10.268783751142662
2014-05-12,10.267928180927129
2014-05-14,10.267593858789335
2014-05-15,10.267853723393216
2014-05-16,10.266248329589946
2014-05-19,10.265895756621878
2014-05-20,10.264127484459706
2014-05-21,10.262459853426032
2014-05-22,10.260106876112838
2014-05-23,10.259222424319406
2014-05-26,10.258291812939778
2014-05-27,10.255313152836626
2014-05-28,10.248024972035342
2014-05-29,10.239185499332347
2014-05-30,10.23147021865402
2014-06-02,10.221874772385457
2014-06-03,10.211033552301757
2014-06-04,10.20065342765959
2014-06-05,10.18943400914522
2014-06-06,10.180976675491003
2014-06-09,10.171307318456233
2014-06-10,10.162545658159523
2014-06-11,10.15589844208375
2014-06-12,10.149319549379058
2014-06-13,10.144918863435933
2014-06-16,10.142177850683796
2014-06-17,10.136585645396645
2014-06-18,10.132547552575708
2014-06-19,10.13094588406428
2014-06-20,10.137270589886585
2014-06-23,10.145110218311617
2014-06-24,10.154278280826999
2014-06-25,10.161131674482192
2014-06-26,10.167256878886326
2014-06-27,10.174163655065753
2014-06-30,10.179789491730114
2014-07-02,10.187838983248357
2014-07-03,10.194837615415082
2014-07-04,10.201580155225079
2014-07-07,10.206044009427707
2014-07-08,10.211656500324981
2014-07-09,10.216479079260948
2014-07-10,10.22263419928688
2014-07-14,10.224955806329445
2014-07-15,10.22457840961613
2014-07-16,10.220730044366443
2014-07-17,10.218760569125516
2014-07-18,10.218484759682516
2014-07-21,10.21702915407962
2014-07-22,10.212845674989108
2014-07-23,10.208738809200018
2014-07-24,10.20234446501756
2014-07-25,10.195185010104664
2014-07-29,10.191957465890466
2014-07-30,10.18720808112238
2014-07-31,10.184404288802297
2014-08-01,10.179955015510988
2014-08-04,10.177296944791303
2014-08-05,10.173777753745995
2014-08-06,10.170406604491749
2014-08-07,10.17155724994818
2014-08-08,10.174681556967542
2014-08-13,10.174261151459909
2014-08-14,10.17385198825079
2014-08-15,10.172972971119185
2014-08-18,10.168682691430792
2014-08-19,10.164613123310414
2014-08-20,10.160093364597767
2014-08-21,10.15249008864697
2014-08-22,10.144841313606726
2014-08-25,10.136857407866138
2014-08-26,10.131016797063818
2014-08-27,10.12478462874579
2014-08-28,10.119767624228395
2014-08-29,10.114070514606345
2014-09-01,10.110183829883317
2014-09-02,10.103914221817236
2014-09-03,10.095152319297334
2014-09-04,10.087827676514971
2014-09-05,10.079510915935499
2014-09-08,10.071247375025482
2014-09-09,10.061108870638623
2014-09-10,10.051571717282883
2014-09-11,10.040948148255413
2014-09-12,10.027683300948206
2014-09-15,10.01544178161669
2014-09-16,10.004608736647684
2014-09-17,9.993043517817942
2014-09-18,9.979006903157662
2014-09-19,9.96450139778371
2014-09-22,9.948841699615862
2014-09-23,9.936085850506535
2014-09-24,9.92307932943613
2014-09-25,9.907834440683985
2014-09-26,9.89710340767753
2014-09-29,9.886313814425687
2014-09-30,9.875751926200225
2014-10-01,9.863058876158112
2014-10-02,9.853460319099932
2014-10-03,9.841907325447304
2014-10-07,9.832450928063187
2014-10-08,9.825533351639917
2014-10-09,9.819662005968341
2014-10-10,9.812333514530856
2014-10-13,9.807244619284159
2014-10-15,9.799063149687468
2014-10-16,9.79785742513703
2014-10-17,9.794978217237485
2014-10-20,9.792547402597574
2014-10-24,9.788181130457883
2014-10-28,9.779851745040041
2014-10-30,9.766594314787971
2014-10-31,9.751138373918216
2014-11-03,9.733663343254419
2014-11-05,9.698994587055898
2014-11-06,9.67879477698376
2014-11-07,9.659644083054507
2014-11-11,9.631230209676788
2014-11-12,9.619173009337253
2014-11-13,9.605798517781558
2014-11-14,9.591159973297994
2014-11-17,9.585778921603328
2014-11-18,9.582130538389176
2014-11-19,9.580027712480785
2014-11-21,9.57020314873942
2014-11-24,9.567929354046809
2014-11-25,9.56701253460657
2014-11-26,9.564931393041428
2014-11-27,9.56178643188208
2014-11-28,9.556920241289726
2014-12-01,9.546737074928684
2014-12-02,9.545876124931187
2014-12-03,9.547094506512549
2014-12-08,9.548993684887797
2014-12-09,9.551355309979455
2014-12-11,9.55677793068193
2014-12-12,9.56136466995625
2014-12-15,9.56455187451919
2014-12-16,9.564234264886936
2014-12-17,9.563783939803184
2014-12-19,9.56091019326089
2014-12-22,9.559460712795595
2014-12-23,9.554072617609783
2014-12-26,9.544444342342134
2014-12-29,9.543541032084516
2014-12-30,9.540655381835936
2015-01-05,9.540116596508359
2015-01-06,9.543410751016838
2015-01-07,9.547648970279404
2015-01-08,9.5490016379889
2015-01-09,9.551762984024377
2015-01-12,9.556950247742819
2015-01-13,9.567081817997456
2015-01-14,9.572731578769476
2015-01-15,9.5778743303916
2015-01-16,9.589236634588385
2015-01-19,9.604333594778266
2015-01-20,9.624220135312363
2015-01-21,9.644626446354035
2015-01-22,9.6605799043767
2015-01-23,9.678864820012606
2015-01-26,9.691967808784094
2015-01-27,9.704547885668863
2015-01-28,9.718391819505042
2015-01-29,9.731083334610128
2015-01-30,9.738817252693984
2015-02-02,9.748458752599458
2015-02-03,9.760298796367897
2015-02-04,9.767119891232182
2015-02-05,9.773866561715263
2015-02-06,9.779892296391921
2015-02-09,9.779099584237818
2015-02-10,9.778404861983859
2015-02-11,9.777001182616004
2015-02-12,9.773562544629478
2015-02-13,9.769321753589846
2015-02-16,9.766984148200729
2015-02-17,9.761128564053335
2015-02-18,9.75173107057778
2015-02-23,9.738779103189087
2015-02-24,9.72762545044561
2015-02-25,9.719340346921204
2015-02-26,9.711181036502916
2015-02-27,9.700486965046673
2015-03-02,9.69363829960644
2015-03-03,9.684447482076388
2015-03-05,9.674354587968445
2015-03-06,9.663219339267798
2015-03-09,9.64796602911805
2015-03-10,9.630809326341979
2015-03-11,9.616945841207173
2015-03-12,9.60218984677885
2015-03-13,9.58830950127784
2015-03-16,9.57566706263651
2015-03-17,9.561443656929967
2015-03-18,9.546301774230669
2015-03-19,9.53512276460854
2015-03-20,9.525655299183677
2015-03-23,9.516807744826355
2015-03-24,9.510740806411395
2015-03-25,9.50563060267766
2015-03-26,9.50613128328546
2015-03-27,9.503400361064918
2015-03-30,9.497558243132815
2015-03-31,9.489208831093068
2015-04-01,9.48190325807226
2015-04-02,9.479506652525865
2015-04-07,9.479629226121448
2015-04-08,9.479800130468064
2015-04-09,9.476315915363921
2015-04-10,9.474855707807293
2015-04-16,9.472780068936862
2015-04-17,9.470356206868901
2015-04-20,9.467915638206835
2015-04-21,9.46336421230484
2015-04-22,9.459747924153794
2015-04-23,9.454072558394012
2015-04-24,9.450357731783695
2015-04-27,9.44585044294918
2015-04-28,9.445557444950964
2015-04-29,9.449169464426369
2015-04-30,9.453303869183337
2015-05-06,9.457201979036553
2015-05-07,9.460373839421235
2015-05-08,9.464132652073122
2015-05-11,9.469384137965292
2015-05-12,9.475549606808615
2015-05-13,9.481365410078489
2015-05-14,9.491570132531875
2015-05-15,9.503581706829001
2015-05-18,9.515698138168334
2015-05-19,9.525894694723831
2015-05-20,9.533673828242293
2015-05-21,9.540944921988178
2015-05-22,9.547378433497364
2015-05-25,9.553463400743071
2015-05-26,9.55853836913805
2015-05-27,9.56222474215075
2015-05-28,9.565753698566514
2015-05-29,9.56809216528348
2015-06-02,9.570846826150726
2015-06-03,9.573045183127894
2015-06-04,9.573794474947968
2015-06-05,9.57228940565155
2015-06-08,9.571437145804127
2015-06-09,9.571569175775911
2015-06-10,9.57204394153816
2015-06-11,9.572898540080681
2015-06-12,9.57291613516557
2015-06-15,9.572634867265025
2015-06-16,9.572973994729411
2015-06-17,9.57250122298452
2015-06-18,9.575897671300854
2015-06-19,9.580613542483281
2015-06-22,9.583542891869833
2015-06-23,9.58403261496212
2015-06-24,9.58290164601608
2015-06-25,9.58149457071727
2015-06-26,9.580891252446488
2015-06-29,9.58090910323784
2015-06-30,9.579947380317213
2015-07-02,9.57600185820082
2015-07-03,9.573296529842898
2015-07-06,9.569893142830866
2015-07-07,9.568381102731538
2015-07-08,9.563381765793588
2015-07-09,9.560989423134165
2015-07-10,9.558337162673316
2015-07-13,9.554020069246183
2015-07-14,9.550240417693685
2015-07-15,9.546972332862326
2015-07-16,9.542155759779439
2015-07-20,9.53132573312051
2015-07-21,9.519275707396984
2015-07-22,9.504967787839195
2015-07-23,9.495512777739574
2015-07-24,9.481887767994326
2015-07-27,9.473358372626103
2015-07-28,9.463096675340976
2015-07-29,9.454995037609715
2015-07-31,9.444784685412884
2015-08-03,9.436693994696643
2015-08-04,9.427701222952901
2015-08-05,9.418711706358062
2015-08-06,9.410090242977077
2015-08-11,9.410950234451565
2015-08-13,9.411811629733966
2015-08-14,9.413249818164353
2015-08-17,9.415935789456832
2015-08-18,9.421253831932031
2015-08-19,9.426430890460733
2015-08-20,9.436471911848075
2015-08-21,9.45098868687095
2015-08-24,9.467185575050918
2015-08-25,9.477929940838605
2015-08-26,9.486346434142513
2015-08-27,9.491134278558565
2015-08-28,9.499115531942476
2015-09-01,9.516820093606029
2015-09-02,9.525945704356694
2015-09-03,9.533144100695054
2015-09-04,9.538005711196982
2015-09-08,9.549843667704177
2015-09-10,9.556311324963106
2015-09-15,9.555456435214959
2015-09-16,9.555552700646013
2015-09-17,9.556785939219838
2015-09-21,9.566721534669131
2015-09-22,9.574138322926355
2015-09-23,9.58078259229736
2015-09-28,9.602334115635431
2015-09-29,9.610122392279802
2015-09-30,9.615893536410336
2015-10-01,9.619255166711728
2015-10-02,9.62229533630079
2015-10-05,9.631309535027079
2015-10-06,9.640217972394549
2015-10-08,9.655658222989693
2015-10-09,9.660901794112862
2015-10-12,9.667477169758024
2015-10-13,9.673439374327918
2015-10-14,9.683725712070798
2015-10-15,9.694023055506909
2015-10-16,9.702453825489123
2015-10-19,9.70966948073512
2015-10-20,9.717726691937397
2015-10-22,9.734812509421552
2015-10-26,9.740468210845357
2015-10-27,9.74551844906131
2015-10-28,9.752230082427578
2015-10-29,9.75634130760556
2015-10-30,9.756988981022909
2015-11-02,9.754701648355438
2015-11-04,9.742139700300152
2015-11-05,9.731976903798392
2015-11-06,9.72199876682301
2015-11-11,9.699144742886919
2015-11-12,9.686922120329482
2015-11-13,9.674507309089853
2015-11-16,9.665177228069156
2015-11-17,9.652546448136905
2015-11-18,9.638281660482978
2015-11-19,9.624506865378311
2015-11-20,9.6115838174703
2015-11-23,9.597812455453798
2015-11-24,9.584485702630857
2015-11-25,9.57115637973153
2015-11-26,9.557421068162002
2015-11-27,9.543736118401931
2015-11-30,9.527878710738705
2015-12-01,9.51565489632682
2015-12-02,9.503431917508335
2015-12-03,9.487160622157166
2015-12-04,9.473565512607792
2015-12-08,9.465366722691728
2015-12-09,9.458659118386755
2015-12-11,9.450411430022308
2015-12-14,9.442533835986438
2015-12-15,9.432430894372878
2015-12-16,9.424419284044005
2015-12-17,9.417050186358251
2015-12-18,9.407101057012348
2015-12-21,9.402258914661038
2015-12-22,9.398484917655388
2015-12-23,9.393046850369235
2015-12-24,9.3886416977247
2015-12-28,9.384664796050147
2015-12-29,9.38044848741681
2015-12-30,9.374660821191659
2016-01-04,9.371342897641073
2016-01-05,9.36902911175893
2016-01-06,9.370017563977916
2016-01-07,9.374104666996233
2016-01-08,9.379686959382331
2016-01-11,9.385241802912777
2016-01-12,9.389861388775488
2016-01-13,9.389343445309681
2016-01-14,9.39191735950934
2016-01-15,9.392822013561643
2016-01-18,9.394715977998077
2016-01-19,9.397143487542003
2016-01-20,9.400798102014214
2016-01-21,9.404903431768101
2016-01-22,9.405513837670975
2016-01-25,9.408562474945679
2016-01-26,9.413644493368638
2016-01-27,9.41841486202237
2016-01-28,9.423754691425094
2016-01-29,9.42579487769088
2016-02-01,9.429447688999971
2016-02-02,9.435154787631552
2016-02-03,9.44165812841641
2016-02-04,9.451150825664957
2016-02-05,9.462457814238116
2016-02-10,9.48102069794906
2016-02-11,9.506946287494708
2016-02-12,9.542099049337
2016-02-15,9.567569258132194
2016-02-16,9.5899913894258
2016-02-17,9.611440814358227
2016-02-18,9.632842891047412
2016-02-19,9.659339631712415
2016-02-23,9.683239995511979
2016-02-24,9.708621048301033
2016-02-25,9.736732590465909
2016-02-26,9.761587587291666
2016-02-29,9.78624416317617
2016-03-01,9.811389982012093
2016-03-02,9.83182893001167
2016-03-03,9.854999844748102
2016-03-04,9.884189323879747
2016-03-07,9.911821277427826
2016-03-08,9.940550355412816
2016-03-09,9.961983676275525
2016-03-10,9.979984249037788
2016-03-11,10.000328661352253
2016-03-14,10.017345199550418
2016-03-15,10.02795413991707
2016-03-16,10.035987327990155
2016-03-17,10.051664965604536
2016-03-18,10.063925844004375
2016-03-21,10.072749498600714
2016-03-22,10.08347758636911
2016-03-23,10.091695916671949
2016-03-24,10.096731147665915
2016-03-28,10.100835317923252
2016-03-29,10.106227061154016
2016-03-30,10.115910322166155
2016-03-31,10.12300820559892
2016-04-01,10.128716689612993
2016-04-04,10.13122838471429
2016-04-05,10.138820371215544
2016-04-07,10.144384568716754
2016-04-08,10.149711425954763
2016-04-11,10.158353130307228
2016-04-12,10.169888108191186
2016-04-18,10.173769227202023
2016-04-19,10.178022938528269
2016-04-20,10.18398704594833
2016-04-21,10.193871711002775
2016-04-22,10.20065866851145
2016-04-25,10.203905732774205
2016-04-26,10.207842373729497
2016-04-27,10.214865448335479
2016-04-28,10.223677186990374
2016-04-29,10.235944654113519
2016-05-03,10.25408343817971
2016-05-04,10.269227878945335
2016-05-09,10.282911111263044
2016-05-10,10.293307212622235
2016-05-11,10.305805205161805
2016-05-12,10.317899759366654
2016-05-13,10.33207169763449
2016-05-16,10.34639900648942
2016-05-17,10.358756936086282
2016-05-18,10.371811078679745
2016-05-19,10.38041068995414
2016-05-23,10.387262946446977
2016-05-24,10.392706351834802
2016-05-25,10.391857006156387
2016-05-26,10.391030444536865
2016-05-27,10.389106569289957
2016-05-30,10.383418619490309
2016-05-31,10.379530246876612
2016-06-01,10.376823922424801
2016-06-02,10.37328974970814
2016-06-03,10.368949758490311
2016-06-06,10.369246258192405
2016-06-07,10.36953235439618
2016-06-08,10.372650517399821
2016-06-09,10.377641727315616
2016-06-10,10.384359561444892
2016-06-13,10.395887296131036
2016-06-14,10.406435110301876
2016-06-15,10.416833878361459
2016-06-16,10.433766022980354
2016-06-17,10.443890022174026
2016-06-20,10.45398861788722
2016-06-21,10.461690771645564
2016-06-22,10.465891095447475
2016-06-23,10.470000179817738
2016-06-24,10.48767034894694
2016-06-27,10.507906477054064
2016-06-28,10.524116776104798
2016-06-29,10.54076180150463
2016-06-30,10.555496475136046
2016-07-04,10.577384318113728
2016-07-05,10.598483113969387
2016-07-07,10.625136338040637
2016-07-08,10.648535063021667
2016-07-11,10.670614534494591
2016-07-12,10.690814024512326
2016-07-13,10.706988971020666
2016-07-14,10.720564796598888
2016-07-15,10.73041164584103
2016-07-20,10.739305974057135
2016-07-21,10.745933834616533
2016-07-22,10.752494050945778
2016-07-25,10.75772934740382
2016-07-26,10.76440200188088
2016-07-27,10.769952808832427
2016-07-28,10.780375517294448
2016-07-29,10.786843043003415
2016-08-01,10.797199427459436
2016-08-02,10.809694184390683
2016-08-03,10.825038248096273
2016-08-04,10.836433397285878
2016-08-05,10.84939012018813
2016-08-08,10.8548852036903
2016-08-10,10.86371730180643
2016-08-11,10.870102659637782
2016-08-15,10.872972741755754
2016-08-16,10.87834211923801
2016-08-17,10.883477483475273
2016-08-18,10.88876248405509
2016-08-19,10.893539239000525
2016-08-22,10.894692248158401
2016-08-23,10.896850414889686
2016-08-24,10.89900654068303
2016-08-25,10.896753679606434
2016-08-26,10.894320217164104
2016-08-29,10.891031788491679
2016-08-30,10.887381550298988
2016-08-31,10.882743601165691
2016-09-01,10.875987685335316
2016-09-02,10.870521450762148
2016-09-05,10.87042947003365
2016-09-06,10.870951243014925
2016-09-07,10.876503830979313
2016-09-08,10.881805450944952
2016-09-09,10.884843856174953
2016-09-13,10.887287931396884
2016-09-14,10.887456775909275
2016-09-15,10.885840748684387
2016-09-16,10.883646336449848
2016-09-19,10.88171839482003
2016-09-20,10.879051082721082
2016-09-21,10.877628237713326
2016-09-22,10.878290404811104
2016-09-23,10.879883723940537
2016-09-26,10.880680786258413
2016-09-27,10.881211284986188
2016-09-28,10.878958257442813
2016-09-29,10.876486037883417
2016-09-30,10.875697054098033
2016-10-03,10.871416455708628
2016-10-04,10.86610359761359
2016-10-05,10.85215610296048
2016-10-06,10.837090976540813
2016-10-07,10.820452696662187
2016-10-10,10.808236812568776
2016-10-11,10.79717587177689
2016-10-12,10.78956619206542
2016-10-13,10.783005974799968
2016-10-14,10.772037344105232
2016-10-17,10.760372875891013
2016-10-18,10.749524704807119
2016-10-19,10.738229101129676
2016-10-20,10.729582466002318
2016-10-21,10.72115150228294
2016-10-25,10.712500572378275
2016-10-26,10.70583037685623
2016-10-27,10.699120539071801
2016-10-28,10.691797011385072
2016-10-31,10.68585325659963
2016-11-01,10.6818970019821
2016-11-02,10.680851493140622
2016-11-03,10.680354949521652
2016-11-04,10.682261793398084
2016-11-07,10.679133309419203
2016-11-08,10.675942666983442
2016-11-09,10.675548187440164
2016-11-10,10.675100882617702
2016-11-11,10.666921904280239
2016-11-14,10.653219381323037
2016-11-15,10.639288876715211
2016-11-16,10.626629617883099
2016-11-17,10.61484963129071
2016-11-18,10.598875960017352
2016-11-21,10.584599610543059
2016-11-22,10.570810150524004
2016-11-23,10.55732207506702
2016-11-24,10.537387967169932
2016-11-25,10.51971470516397
2016-11-28,10.502858048842427
2016-11-29,10.485856012040939
2016-11-30,10.469197906355292
2016-12-01,10.447769909641071
2016-12-02,10.42892535140805
2016-12-06,10.40934200574461
2016-12-07,10.390379128350062
2016-12-08,10.373123720337778
2016-12-09,10.35462113365926
2016-12-13,10.333230918443144
2016-12-14,10.313503517796017
2016-12-15,10.289573569803174
2016-12-16,10.265683269108326
2016-12-19,10.244894382472946
2016-12-20,10.22405949185986
2016-12-21,10.203966176356005
2016-12-22,10.18418490701018
2016-12-23,10.16504508571158
2016-12-27,10.150355784458542
2016-12-28,10.135252072723155
2016-12-29,10.121615157890764
2016-12-30,10.110284801473544
2017-01-04,10.101018668088507
2017-01-05,10.094895206050314
2017-01-06,10.088565549697671
2017-01-09,10.083240442690736
2017-01-10,10.078839023648955
2017-01-11,10.075665724573554
2017-01-12,10.074544120202553
2017-01-13,10.071093449318253
2017-01-16,10.070535784429893
2017-01-17,10.0715625990113
2017-01-18,10.072153385010903
2017-01-19,10.070670810098239
2017-01-20,10.069366571147423
2017-01-23,10.069806340580847
2017-01-24,10.07011839880608
2017-01-25,10.067173893584815
2017-01-26,10.062795862230962
2017-01-27,10.055539867064963
2017-01-31,10.05110688927321
2017-02-01,10.050331208947835
2017-02-02,10.050337131440893
2017-02-03,10.049806004021915
2017-02-06,10.051282986336936
2017-02-07,10.055132706114588
2017-02-08,10.06031401467197
2017-02-09,10.065766154508042
2017-02-10,10.067286640314776
2017-02-14,10.069037986268643
2017-02-15,10.070166477978516
2017-02-16,10.074413268224884
2017-02-17,10.07828297811173
2017-02-20,10.081981820985003
2017-02-21,10.084501757090793
2017-02-22,10.08799643228059
2017-02-23,10.091477259218113
2017-02-24,10.098762267666599
2017-02-27,10.105619731958999
2017-02-28,10.111320793995526
2017-03-01,10.116214801223753
2017-03-02,10.120645860829939
2017-03-03,10.120384602555204
2017-03-06,10.121907949833968
2017-03-07,10.121507670892424
2017-03-08,10.119496875422513
2017-03-09,10.115812774530495
2017-03-10,10.110552677178548
2017-03-13,10.108105214821405
2017-03-14,10.104662926582057
2017-03-15,10.100134402842336
2017-03-16,10.10017530098822
2017-03-17,10.098934062357054
2017-03-20,10.098273218063824
2017-03-21,10.096537315675619
2017-03-22,10.098914953722087
2017-03-23,10.10138811324061
2017-03-24,10.102311337337431
2017-03-27,10.104661816729099
2017-03-28,10.10604912140527
2017-03-29,10.107033362759472
2017-03-30,10.10767078862756
2017-03-31,10.105556024114312
2017-04-03,10.103964584671706
2017-04-04,10.10666407292884
2017-04-05,10.109574105457654
2017-04-07,10.115582031581946
2017-04-10,10.118386170824685
2017-04-11,10.121663849041363
2017-04-12,10.128328275390789
2017-04-17,10.136723774499885
2017-04-18,10.144677326271818
2017-04-19,10.151264086753509
2017-04-20,10.157226750376193
2017-04-21,10.163952127555977
2017-04-24,10.167118719571556
2017-04-25,10.170275957481326
2017-04-26,10.172276801078473
2017-04-27,10.175814457180984
2017-04-28,10.179810441139546
2017-05-02,10.179245162503072
2017-05-03,10.178036560309982
2017-05-04,10.173340540649983
2017-05-05,10.169205784837702
2017-05-08,10.163819616948661
2017-05-09,10.158015419862743
2017-05-11,10.151467510393875
2017-05-12,10.146830053888825
2017-05-15,10.140874613401499
2017-05-16,10.136538662054077
2017-05-17,10.134625024789022
2017-05-18,10.13680309409467
2017-05-19,10.135002985529944
2017-05-22,10.134799372002577
2017-05-23,10.136027464213013
2017-05-24,10.134826500556416
2017-05-25,10.133565921589524
2017-05-26,10.132763608551294
2017-05-29,10.13295435912844
2017-05-30,10.132468241264284
2017-05-31,10.131195671395362
2017-06-01,10.131427402223595
2017-06-02,10.13013872144382
2017-06-05,10.133179468059826
2017-06-06,10.137724048127902
2017-06-07,10.14355127450938
2017-06-08,10.1474687736494
2017-06-09,10.148287413170474
2017-06-12,10.148308907445193
2017-06-13,10.144926138762905
2017-06-14,10.142939256701048
2017-06-15,10.139846651202767
2017-06-16,10.134676593265828
2017-06-19,10.12841425666001
2017-06-20,10.122255861689483
2017-06-21,10.115931094612659
2017-06-22,10.11129842462625
2017-06-23,10.107684444814804
2017-06-27,10.102951657277442
2017-06-28,10.099002476320338
2017-06-29,10.093356775396817
2017-06-30,10.087340748189911
2017-07-03,10.079304230709564
2017-07-04,10.068819871737299
2017-07-05,10.059096367465814
2017-07-06,10.049728073870522
2017-07-07,10.039811299348749
2017-07-11,10.027442481827741
2017-07-12,10.016893622816243
2017-07-13,10.007111390436727
2017-07-14,9.995844324105613
2017-07-17,9.988319961856293
2017-07-18,9.97997540179116
2017-07-19,9.972376264886206
2017-07-20,9.965331483662128
2017-07-21,9.958775993007317
2017-07-24,9.954341747638638
2017-07-25,9.949592914388159
2017-07-26,9.943403689321906
2017-07-27,9.94011584057377
2017-07-31,9.937908267220305
2017-08-01,9.936181661352926
2017-08-02,9.933343708323
2017-08-03,9.930198315048507
2017-08-04,9.928415918029263
2017-08-07,9.92421535950192
2017-08-08,9.920499031098343
2017-08-10,9.921386784393139
2017-08-11,9.924204791958292
2017-08-15,9.923597606275544
2017-08-16,9.923106462195701
2017-08-17,9.926313252995852
2017-08-18,9.931081209031085
2017-08-21,9.934180113977362
2017-08-22,9.936135197697455
2017-08-23,9.939730453918596
2017-08-24,9.942729385360048
2017-08-25,9.94580905604917
2017-08-28,9.950387685661479
2017-08-29,9.960577591427743
2017-08-30,9.968041535588174
2017-08-31,9.974197972935958
2017-09-04,9.9866085703768
2017-09-05,9.997615287205685
2017-09-06,10.010737557830048
2017-09-07,10.022687117204432
2017-09-08,10.03744546396919
2017-09-11,10.048335096812377
2017-09-12,10.055551409204925
2017-09-13,10.064353114145103
2017-09-14,10.070140724175099
2017-09-15,10.076560347888254
2017-09-18,10.079842440944807
2017-09-19,10.081135688630955
2017-09-20,10.084078296047412
2017-09-21,10.082577303203644
2017-09-22,10.081293889056147
2017-09-25,10.088023928036634
2017-09-26,10.089395018280962
2017-09-27,10.087710982551805
2017-09-28,10.085075509479811
2017-09-29,10.084543035462975
2017-10-02,10.080130999130942
2017-10-03,10.075031665828101
2017-10-04,10.070963888079747
2017-10-05,10.067312523585722
2017-10-06,10.062424364863416
2017-10-09,10.060739299429612
2017-10-10,10.059130902958398
2017-10-11,10.057347362503718
2017-10-12,10.056286051538674
2017-10-16,10.057107593589949
2017-10-17,10.05422662539381
2017-10-19,10.050285340292273
2017-10-20,10.046440240632895
2017-10-24,10.041814267277356
2017-10-25,10.036259380706221
2017-10-27,10.030362560330564
2017-10-30,10.024967382775106
2017-10-31,10.02092291320405
2017-11-01,10.015988775898645
2017-11-02,10.011196187270622
2017-11-03,10.006122636840075
2017-11-06,10.000683246073756
2017-11-07,9.996582079544853
2017-11-08,9.993077445174857
2017-11-09,9.990850166396791
2017-11-10,9.988820335996905
2017-11-13,9.984872254032101
2017-11-14,9.979701297750275
2017-11-15,9.976925813618685
2017-11-16,9.972188065772416
2017-11-17,9.967490238903208
2017-11-20,9.964413388415377
2017-11-21,9.958949760751679
2017-11-22,9.954148014760392
2017-11-23,9.950346330031957
2017-11-24,9.94694119564487
2017-11-27,9.943588872990665
2017-11-28,9.939810316043623
2017-11-29,9.936438024252618
2017-11-30,9.93054195322621
2017-12-01,9.923421182937572
2017-12-04,9.916076580027482
2017-12-06,9.907305471956343
2017-12-07,9.89620001679998
2017-12-08,9.883178963578928
2017-12-12,9.869162157839318
2017-12-13,9.854472257564256
2017-12-14,9.844589020456738
2017-12-15,9.834445546054747
2017-12-18,9.825479035666861
2017-12-19,9.81921661336276
2017-12-20,9.813538837455296
2017-12-21,9.808274316842828
2017-12-22,9.804671709234308
2017-12-26,9.803988491366438
2017-12-27,9.805602930265861
2017-12-28,9.806918616923198
2017-12-29,9.808244279487297
2018-01-03,9.811677813540376
2018-01-04,9.813201399030188
2018-01-05,9.816078542923867
2018-01-08,9.81847929580373
2018-01-09,9.820476513494826
2018-01-10,9.821287863898517
2018-01-11,9.821211096744184
2018-01-12,9.823968602121582
2018-01-15,9.829296019591
2018-01-16,9.833520720657983
2018-01-17,9.837039291862965
2018-01-18,9.838504579867774
2018-01-19,9.841374594609254
2018-01-22,9.843649170236999
2018-01-23,9.846215866018158
2018-01-24,9.848881975982433
2018-01-25,9.85354225752691
2018-01-26,9.855319722175087
2018-01-29,9.855294468765434
2018-01-30,9.853350803194717
2018-01-31,9.851622704837007
2018-02-01,9.849099101158515
2018-02-02,9.844446501117865
2018-02-05,9.843062413359343
2018-02-06,9.843130398855505
2018-02-07,9.84106968310619
2018-02-08,9.838783027558604
2018-02-09,9.834811693258303
2018-02-12,9.831979704021169
2018-02-13,9.828815503880076
2018-02-14,9.826513205498319
2018-02-15,9.827719759691359
2018-02-19,9.82857871549166
2018-02-20,9.827947883369147
2018-02-21,9.825391817286018
2018-02-22,9.821911402644403
2018-02-23,9.819016265709513
2018-02-26,9.817306923053039
2018-02-27,9.814636504700301
2018-02-28,9.808965048395029
2018-03-02,9.803952239679415
2018-03-05,9.800666196181892
2018-03-06,9.7961410664913
2018-03-07,9.794023836088096
2018-03-08,9.79019492955869
2018-03-09,9.784672300451367
2018-03-12,9.779620640786407
2018-03-13,9.773163776197409
2018-03-14,9.766989608611535
2018-03-15,9.758077692519903
2018-03-16,9.751720580501662
2018-03-19,9.743986525045463
2018-03-20,9.736979980307026
2018-03-21,9.731380682752393
2018-03-22,9.730037500901432
2018-03-23,9.730260746483838
2018-03-26,9.731072650115983
2018-03-27,9.733452557129459
2018-03-28,9.733945449861759
2018-03-29,9.73048771477889
2018-04-02,9.726940777418228
2018-04-03,9.726191978210572
2018-04-04,9.728374715817218
2018-04-05,9.72488086613942
2018-04-09,9.723095572590669
2018-04-10,9.722460640219067
2018-04-11,9.722833951088575
2018-04-12,9.723969601927571
2018-04-17,9.724574177298534
2018-04-18,9.7262768377442
2018-04-19,9.729368878525104
2018-04-20,9.731412075769837
2018-04-23,9.731471301181422
2018-04-24,9.730781080087338
2018-04-25,9.730364200084272
2018-04-26,9.729768964993596
2018-04-27,9.727808650432417
2018-05-02,9.72387693676764
2018-05-03,9.72136897407404
2018-05-04,9.719219185510036
2018-05-07,9.719365880755298
2018-05-09,9.720270233697994
2018-05-11,9.725962529066306
2018-05-15,9.728004509210704
2018-05-16,9.725611368536644
2018-05-17,9.721467109991499
2018-05-21,9.715174271383283
2018-05-22,9.712733068878606
2018-05-23,9.710584540146025
2018-05-25,9.70700967495898
2018-05-28,9.704774247767437
2018-05-30,9.703950589951036
2018-05-31,9.703689165742228
2018-06-01,9.702307089751272
2018-06-04,9.698384033970527
2018-06-05,9.694805646813666
2018-06-07,9.689608335368218
2018-06-08,9.688678218337754
2018-06-11,9.687170210676781
2018-06-12,9.686143185740754
2018-06-13,9.685404828346341
2018-06-14,9.686474834369276
2018-06-18,9.687279226145792
2018-06-19,9.68964135856173
2018-06-20,9.68974867931395
2018-06-22,9.689183550300001
2018-06-25,9.689935004675439
2018-06-26,9.688439039599107
2018-06-27,9.685634161016683
2018-06-28,9.682868050103817
2018-06-29,9.680300750100175
2018-07-02,9.67770774132473
2018-07-04,9.673552267623057
2018-07-05,9.67337850384681
2018-07-06,9.673105573887273
2018-07-10,9.673028612191136
2018-07-12,9.670333810981282
2018-07-13,9.667774729894218
2018-07-16,9.66548087972249
2018-07-17,9.66326400674977
2018-07-19,9.649169289140676
2018-07-23,9.639886334149136
2018-07-25,9.629503096583914
2018-07-26,9.624355619510794
2018-07-31,9.617146650405152
2018-08-02,9.60541440981089
2018-08-03,9.59603144806314
2018-08-06,9.588153151639872
2018-08-08,9.571596393878306
2018-08-10,9.562810555496611
2018-08-14,9.550469834251118
2018-08-15,9.537555103224761
2018-08-16,9.522637380304595
2018-08-17,9.507667647662327
2018-08-20,9.494026677568913
2018-08-23,9.46503025535425
2018-08-24,9.450215158675153
2018-08-27,9.438456732054972
2018-08-28,9.42908982917585
2018-08-29,9.41736036148547
2018-08-30,9.405140699678961
2018-08-31,9.396855061093735
2018-09-03,9.387860146669393
2018-09-04,9.376770316961695
2018-09-06,9.358960852203486
2018-09-07,9.350962225810383
2018-09-10,9.342528463501248
2018-09-11,9.33404325425559
2018-09-12,9.325603140071184
2018-09-13,9.3187503983143
2018-09-14,9.311713542233097
2018-09-18,9.294549789244419
2018-09-19,9.286344533481458
2018-09-20,9.27758507616632
2018-09-24,9.262325901940017
2018-09-25,9.25426534397721
2018-09-26,9.246624454714851
2018-09-27,9.237711315952927
2018-09-28,9.22562670837563
2018-10-01,9.213538051941397
2018-10-02,9.205196365908364
2018-10-03,9.199487721490527
2018-10-04,9.195039029508404
2018-10-05,9.193072747771266
2018-10-08,9.190947388200344
2018-10-09,9.188152743000332
2018-10-10,9.184021067807338
2018-10-11,9.18157471455094
2018-10-12,9.182747531584242
2018-10-16,9.18667217959883
2018-10-17,9.18880298031466
2018-10-18,9.190462524865024
2018-10-19,9.193046295922393
2018-10-22,9.195911338170731
2018-10-24,9.201609185954215
2018-10-25,9.20827903907863
2018-10-26,9.216844686830255
2018-10-29,9.224643118871299
2018-10-30,9.231259149788096
2018-10-31,9.235109705935882
2018-11-01,9.239481295201289
2018-11-02,9.24362581115914
2018-11-05,9.249042449364083
2018-11-07,9.252381310789906
2018-11-08,9.25424863321833
2018-11-09,9.256748681175582
2018-11-12,9.256290832713281
2018-11-13,9.25418238244264
2018-11-14,9.251477737444652
2018-11-15,9.251766237885192
2018-11-16,9.252802510240098
2018-11-19,9.254058562512377
2018-11-20,9.256723174354047
2018-11-21,9.259438150692501
2018-11-22,9.262847338387502
2018-11-23,9.265333396689694
2018-11-26,9.267988365226898
2018-11-27,9.269494036622445
2018-11-28,9.268890737091832
2018-11-29,9.27093316736931
2018-11-30,9.272030249216002
2018-12-03,9.273653749243511
2018-12-04,9.276904494884091
2018-12-06,9.279223635414473
2018-12-07,9.283156139435018
2018-12-11,9.288705046823262
2018-12-12,9.29299609781192
2018-12-13,9.297133076836063
2018-12-14,9.299882793438307
2018-12-17,9.302329011212402
2018-12-18,9.306984133626
2018-12-19,9.311819778060176
2018-12-20,9.315966452514205
2018-12-21,9.321837805057568
2018-12-24,9.328078583827477
2018-12-26,9.336370563342301
2018-12-27,9.343810192698712
2018-12-28,9.35282387014788
2019-01-02,9.366987944879533
2019-01-03,9.37390766611183
2019-01-04,9.381061783090361
2019-01-07,9.386003474911753
2019-01-08,9.38952616000257
2019-01-09,9.39234278596739
2019-01-10,9.397390407512393
2019-01-11,9.401415305494414
2019-01-14,9.406007750915661
2019-01-15,9.40876186491862
2019-01-16,9.409805308254809
2019-01-17,9.411461262351132
2019-01-18,9.41186262156688
2019-01-21,9.410800775196114
2019-01-22,9.412116537469933
2019-01-23,9.41254402738327
2019-01-24,9.411054763264557
2019-01-25,9.40993354350089
2019-01-28,9.41181306829033
2019-01-29,9.41679506589418
2019-01-30,9.421532081125962
2019-01-31,9.42174849933207
2019-02-01,9.424957323916908
2019-02-04,9.42702197921807
2019-02-05,9.428694892227963
2019-02-07,9.42778279074628
2019-02-08,9.429776377035884
2019-02-11,9.430685977841643
2019-02-12,9.43168296107527
2019-02-13,9.432992330862103
2019-02-14,9.43320663504238
2019-02-15,9.434550261882997
2019-02-18,9.437555515852015
2019-02-20,9.442700936348436
2019-02-21,9.447462307002876
2019-02-22,9.450726787458915
2019-02-25,9.454153917723515
2019-02-26,9.457152025873567
2019-02-27,9.46173265654467
2019-02-28,9.466728001929068
2019-03-01,9.469621756247346
2019-03-04,9.46856485251937
2019-03-05,9.466601173483602
2019-03-06,9.466053763887686
2019-03-07,9.464753631821452
2019-03-08,9.46509210088035
2019-03-11,9.46533799207753
2019-03-12,9.464396308144984
2019-03-13,9.465975385052177
2019-03-14,9.467267476804732
2019-03-15,9.468493179372988
2019-03-18,9.469854822202006
2019-03-19,9.471452898615972
2019-03-20,9.472833498664533
2019-03-21,9.47734109520262
2019-03-22,9.480213337476211
2019-03-25,9.483297080020906
2019-03-26,9.486714726335961
2019-03-27,9.490987893832946
2019-03-28,9.49333217825986
2019-03-29,9.490822277268286
2019-04-01,9.488288162276417
2019-04-02,9.485169279389526
2019-04-03,9.483142287130244
2019-04-04,9.481653084073042
2019-04-05,9.48059157235118
2019-04-09,9.481655025952893
2019-04-10,9.483635551358054
2019-04-11,9.485293953064788
2019-04-12,9.484045042430937
2019-04-17,9.47834521638073
2019-04-18,9.4734313491393
2019-04-22,9.469967091274762
2019-04-23,9.465901579300208
2019-04-24,9.462294506342307
2019-04-25,9.461006979803981
2019-04-26,9.459617261214369
2019-04-29,9.457939462575268
2019-04-30,9.456464393712977
2019-05-02,9.452876169372171
2019-05-03,9.44950507570999
2019-05-07,9.448048757264026
2019-05-08,9.446489151745991
2019-05-09,9.444226374491747
2019-05-10,9.440123694685019
2019-05-13,9.436656196625895
2019-05-14,9.435994575691653
2019-05-15,9.435370204614754
2019-05-16,9.434223881645815
2019-05-17,9.432763394570523
2019-05-21,9.43010853862068
2019-05-22,9.427255607441007
2019-05-23,9.425274708934303
2019-05-24,9.423903666515555
2019-05-27,9.423173713304482
2019-05-28,9.422220249679764
2019-05-29,9.421223047936614
2019-05-30,9.418180133973925
2019-05-31,9.415784339799401
2019-06-04,9.41947962612223
2019-06-06,9.424445253275836
2019-06-07,9.429043665441595
2019-06-10,9.432936870162942
2019-06-11,9.434928558929155
2019-06-12,9.439727556861465
2019-06-13,9.444502028550536
2019-06-14,9.451649325794376
2019-06-17,9.455475665240186
2019-06-18,9.463332659442285
2019-06-19,9.46874554858466
2019-06-20,9.479119388985199
2019-06-21,9.490771340248875
2019-06-24,9.503779363398037
2019-06-25,9.52367833310337
2019-06-26,9.538047514397988
2019-06-27,9.550789706875252
2019-06-28,9.563779541721733
2019-07-01,9.569818856047286
2019-07-02,9.577990124256152
2019-07-03,9.591709769019095
2019-07-04,9.60304626835176
2019-07-05,9.614121837883276
2019-07-08,9.624057913747022
2019-07-09,9.630319039580458
2019-07-10,9.63739907327939
2019-07-11,9.648792088252044
2019-07-12,9.65968008515548
2019-07-15,9.671915871641254
2019-07-17,9.681052156846823
2019-07-18,9.693773133799565
2019-07-19,9.70965828699958
2019-07-22,9.722070276929418
2019-07-23,9.732980091774
2019-07-24,9.745065000834561
2019-07-25,9.75694342185791
2019-07-26,9.773054178985703
2019-07-30,9.783206663933573
2019-07-31,9.795511693269237
2019-08-01,9.799855142628212
2019-08-02,9.80569531306231
2019-08-05,9.825288459972406
2019-08-06,9.840941496464602
2019-08-07,9.862178636939527
2019-08-08,9.88453377248551
2019-08-13,9.914132587486018
2019-08-14,9.936538461609315
2019-08-15,9.962842375237058
2019-08-16,9.987079484877864
2019-08-19,10.007620555583904
2019-08-20,10.027047904510784
2019-08-21,10.044730434177072
2019-08-22,10.065638138241034
2019-08-23,10.080689431636085
2019-08-26,10.100868749824292
2019-08-27,10.120929495444491
2019-08-28,10.14344074121837
2019-08-29,10.164656855561585
2019-08-30,10.181163632559425
2019-09-02,10.19717894369769
2019-09-03,10.218007752690754
2019-09-04,10.236000463122657
2019-09-05,10.25398992055695
2019-09-06,10.264355186502321
2019-09-09,10.273595355396978
2019-09-10,10.279160430646208
2019-09-11,10.28429866114985
2019-09-12,10.29045660286389
2019-09-13,10.296089704517787
2019-09-16,10.302360241201374
2019-09-17,10.30735461870308
2019-09-18,10.312689544362621
2019-09-19,10.317030262104284
2019-09-20,10.322064287995362
2019-09-23,10.331521681399034
2019-09-24,10.340633201349943
2019-09-25,10.352232036390296
2019-09-26,10.358458982481865
2019-09-27,10.362070948008817
2019-09-30,10.362935125271665
2019-10-01,10.35842161210424
2019-10-02,10.358634888872512
2019-10-03,10.362707348912073
2019-10-04,10.366356213862527
2019-10-07,10.368491083551563
2019-10-08,10.369438764830456
2019-10-09,10.370756702906581
2019-10-10,10.373786292278279
2019-10-11,10.374435896057989
2019-10-15,10.37428025058227
2019-10-16,10.371509013719734
2019-10-17,10.370722732536587
2019-10-18,10.367220180517759
2019-10-21,10.36392122681538
2019-10-22,10.360987148681508
2019-10-24,10.35826830135935
2019-10-25,10.358308010083583
2019-10-29,10.357918255343808
2019-10-30,10.354777263928236
2019-10-31,10.354630693264088
2019-11-01,10.356208563675875
2019-11-04,10.357267912318827
2019-11-05,10.357314652237465
2019-11-06,10.353921155667729
2019-11-07,10.351436202837283
2019-11-08,10.345929669404395
2019-11-11,10.338497049425293
2019-11-12,10.328212942427914
2019-11-13,10.319089681290093
2019-11-14,10.312233902999212
2019-11-15,10.305018678332575
2019-11-18,10.296375917689327
2019-11-19,10.289748692507246
2019-11-20,10.285325931366641
2019-11-21,10.280125021494127
2019-11-22,10.273383792669772
2019-11-25,10.265149273628728
2019-11-26,10.257042281571579
2019-11-27,10.249942552393629
2019-11-28,10.242684918976309
2019-11-29,10.235527553398194
2019-12-02,10.228509042752643
2019-12-03,10.223550830726234
2019-12-04,10.224019222630577
2019-12-06,10.222541355169854
2019-12-09,10.21819604446214
2019-12-11,10.215375130621362
2019-12-12,10.211042669897806
2019-12-13,10.207342927094373
2019-12-16,10.205334403336677
2019-12-17,10.203564775149424
2019-12-18,10.20223969531962
2019-12-19,10.200104969168054
2019-12-20,10.190483742179701
2019-12-23,10.190231681050589
2019-12-24,10.19102004311899
2019-12-26,10.195563199500778
2019-12-27,10.200915367939347
2019-12-30,10.205511319941476
2020-01-02,10.213117940294406
2020-01-03,10.226155907301619
2020-01-06,10.245585524589282
2020-01-07,10.261933400919483
2020-01-08,10.283525211413536
2020-01-09,10.295675203995517
2020-01-10,10.307865547714972
2020-01-13,10.319007107444271
2020-01-14,10.329501594902366
2020-01-15,10.341136626660177
2020-01-16,10.35323709590017
2020-01-17,10.366130531131743
2020-01-20,10.379017179162208
2020-01-21,10.390420085156517
2020-01-22,10.402542187431727
2020-01-23,10.415305619451667
2020-01-24,10.428975597716521
2020-01-28,10.450316804814186
2020-01-29,10.469832004645268
2020-01-30,10.492546671148943
2020-01-31,10.514794156371787
2020-02-03,10.535208396499092
2020-02-04,10.550755470306141
2020-02-05,10.56296755906733
2020-02-06,10.57715817102988
2020-02-07,10.594542094853393
2020-02-11,10.612119565209415
2020-02-12,10.626631159412593
2020-02-13,10.642707259082325
2020-02-14,10.659219285079438
2020-02-17,10.676846678585422
2020-02-18,10.695869602143828
2020-02-19,10.718435581015974
2020-02-20,10.743476437822432
2020-02-21,10.775719369828662
2020-02-24,10.819230970887306
2020-02-25,10.854205322785997
2020-02-26,10.891008644793507
2020-02-27,10.922594306379699
2020-02-28,10.950047137734797
2020-03-02,10.965550746937085
2020-03-03,10.980110369851573
2020-03-04,11.000127549856781
2020-03-05,11.022831846353036
2020-03-06,11.054360553498544
2020-03-09,11.083526849867015
2020-03-10,11.108357486713786
2020-03-11,11.131260732794004
2020-03-12,11.152041057959126
2020-03-13,11.159509792767578
2020-03-16,11.158965589512574
2020-03-17,11.147461533740204
2020-03-18,11.14166639220546
2020-03-19,11.13347809774211
2020-03-20,11.13041570834765
2020-03-23,11.130292350160012
2020-03-24,11.152208408049134
2020-03-25,11.176874779696533
2020-03-26,11.198437068128234
2020-03-27,11.222965592053558
2020-03-30,11.246994869525363
2020-03-31,11.270338909191139
2020-04-01,11.291544561500222
2020-04-02,11.307988611973897
2020-04-03,11.331248660676568
2020-04-07,11.361924146266864
2020-04-08,11.389193474468026
2020-04-09,11.419414756065638
2020-04-13,11.454659852344037
2020-04-14,11.49686126103372
2020-04-15,11.53315033959394
2020-04-16,11.571934538204678
2020-04-17,11.602091221074689
2020-04-20,11.625340651914174
2020-04-21,11.6519602781628
2020-04-22,11.675730092964105
2020-04-23,11.705792194965365
2020-04-24,11.738080188124474
2020-04-27,11.766835269242913
2020-04-28,11.78999543523439
2020-04-29,11.811721911191079
2020-04-30,11.834689563429988
2020-05-05,11.85361273664297
2020-05-08,11.874829833602867
2020-05-11,11.890555102599256
2020-05-12,11.905616327069458
2020-05-13,11.918005227874039
2020-05-14,11.935054167246879
2020-05-15,11.954841740325936
2020-05-18,11.98054553891099
2020-05-19,11.997747449826393
2020-05-20,12.015135258604415
2020-05-21,12.029137530232331
2020-05-22,12.043259020399619
2020-05-26,12.054863967052263
2020-05-27,12.061009091015341
2020-05-28,12.070447368523576
2020-05-29,12.08040710997889
2020-06-01,12.092603351734015
2020-06-02,12.100476918339838
2020-06-04,12.102056675591072
2020-06-05,12.102538897500157
2020-06-08,12.09775507653524
2020-06-09,12.095416301919968
2020-06-10,12.09338064220348
2020-06-11,12.091840970547217
2020-06-12,12.091302690878894
2020-06-15,12.088137684181389
2020-06-16,12.08792934438555
2020-06-17,12.087177437565005
2020-06-18,12.088283492387285
2020-06-19,12.086743720724574
2020-06-22,12.090040432278098
2020-06-23,12.094544276759569
2020-06-24,12.101549740732917
2020-06-25,12.106835714742289
2020-06-26,12.112090601944315
2020-06-29,12.117743563279602
2020-06-30,12.12423677158558
2020-07-01,12.134189867319419
2020-07-02,12.142435836887158
2020-07-03,12.151799491733222
2020-07-07,12.16329775518118
2020-07-08,12.179311869034471
2020-07-09,12.197483382401684
2020-07-13,12.215940105826187
2020-07-14,12.234829926674392
2020-07-15,12.25521835029985
2020-07-16,12.275337004675295
2020-07-17,12.294132197493706
2020-07-20,12.31600124319568
2020-07-21,12.338548567995833
2020-07-22,12.365638091925803
2020-07-23,12.40088587817402
2020-07-24,12.437019707010018
2020-07-29,12.483482173430719
2020-07-30,12.526938939275254
2020-08-03,12.569993713335773
2020-08-04,12.61044656549943
2020-08-05,12.662367738639801
2020-08-06,12.716828519740158
2020-08-07,12.773006466415943
2020-08-11,12.810153607945209
2020-08-13,12.831930674333096
2020-08-14,12.857231352426671
2020-08-17,12.883665340060823
2020-08-18,12.921385854444654
2020-08-19,12.956049508674667
2020-08-20,12.980486368019415
2020-08-21,13.003006144580137
2020-08-24,13.026756806173816
2020-08-25,13.045203935781752
2020-08-26,13.06015818364906
2020-08-27,13.076896492994708
2020-08-28,13.096096616047525
2020-08-31,13.114682699694981
2020-09-01,13.139167517249543
2020-09-02,13.15944584997763
2020-09-03,13.173756521908238
2020-09-08,13.185554538683387
2020-09-09,13.19801578294011
2020-09-10,13.211934527398354
2020-09-11,13.226231561524727
2020-09-14,13.239697120769474
2020-09-15,13.254862134075807
2020-09-16,13.268877497792445
2020-09-17,13.27882565576464
2020-09-18,13.288803702930794
2020-09-21,13.297614099319187
2020-09-22,13.298792551974655
2020-09-23,13.295848953659755
2020-09-24,13.288426183355904
2020-09-25,13.285355089203065
2020-09-28,13.280146138704712
2020-09-29,13.280660309276476
2020-09-30,13.281991526494846
2020-10-01,13.285167262407308
2020-10-02,13.290407007586
2020-10-05,13.29076816521456
2020-10-06,13.29069910678598
2020-10-07,13.287014927600506
2020-10-08,13.282856509088207
2020-10-09,13.28246154385704
2020-10-12,13.286164647581355
2020-10-14,13.283962379245168
2020-10-15,13.281033874710248
2020-10-16,13.281218651036205
2020-10-19,13.282158347491075
2020-10-20,13.282128230035248
2020-10-21,13.284734257051555
2020-10-22,13.287936563821676
2020-10-26,13.287152824740213
2020-10-27,13.285772023872134
2020-10-28,13.28451686513978
2020-10-29,13.278239080398032
2020-10-30,13.269395603892837
2020-11-02,13.264588740598352
2020-11-03,13.260227732156304
2020-11-04,13.257872373133274
2020-11-05,13.256915447760177
2020-11-06,13.257718414505433
2020-11-09,13.26086864557542
2020-11-10,13.245262728186807
2020-11-11,13.225018421934637
2020-11-12,13.203870407129912
2020-11-13,13.186327585827108
2020-11-16,13.172158196850718
2020-11-17,13.157166681171745
2020-11-18,13.142662587095543
2020-11-19,13.123618285793945
2020-11-20,13.10662115295907
2020-11-23,13.090227428293838
2020-11-24,13.064654536073002
2020-11-25,13.037038587438861
2020-11-26,13.010724952791884
2020-11-27,12.983896007079888
2020-11-30,12.950124217357788
2020-12-01,12.920797051836463
2020-12-02,12.900011190368517
2020-12-03,12.882659920531026
2020-12-04,12.86531395840713
2020-12-08,12.852797679164775
2020-12-09,12.841232848316888
2020-12-14,12.821350993989979
2020-12-15,12.806068502972787
2020-12-16,12.7946064502369
2020-12-17,12.785030785316307
2020-12-18,12.775054266533278
2020-12-21,12.772947099286498
2020-12-22,12.767282288785218
2020-12-23,12.762525015494509
2020-12-24,12.755903085126281
2020-12-28,12.752867889156937
2020-12-29,12.749005857958448
2020-12-30,12.742956529609028
2021-01-04,12.747119458394677
2021-01-05,12.754101231784336
2021-01-06,12.76253627628313
2021-01-07,12.761208687641616
2021-01-08,12.757496102110332
2021-01-11,12.745180449404707
2021-01-12,12.735219731881735
2021-01-13,12.724194478131498
2021-01-14,12.709850812232146
2021-01-15,12.69917534513628
2021-01-18,12.685432350570096
2021-01-19,12.673641741778162
2021-01-20,12.663840277154367
2021-01-21,12.657151144622635
2021-01-22,12.649149350074472
2021-01-25,12.639635337791157
2021-01-26,12.6298270803248
2021-01-27,12.61929630557656
2021-01-28,12.60793854046861
2021-01-29,12.597789819750414
2021-02-01,12.591779650636363
2021-02-02,12.583082119035089
2021-02-03,12.575310816612804
2021-02-04,12.561166577433408
2021-02-05,12.545694065944517
2021-02-08,12.530494274156991
2021-02-09,12.522143597870782
2021-02-10,12.513815752331455
2021-02-11,12.503467831197018
2021-02-15,12.489539135365543
2021-02-16,12.476692148159735
2021-02-17,12.458095932434833
2021-02-18,12.4404469523494
2021-02-19,12.419838287354684
2021-02-22,12.40522290885101
2021-02-23,12.394004561172027
2021-02-24,12.383421944990552
2021-02-25,12.370586087271585
2021-03-01,12.35027429473574
2021-03-02,12.32558747737659
2021-03-03,12.302752829047588
2021-03-04,12.277536940309076
2021-03-05,12.251016345912266
2021-03-08,12.230226298687274
2021-03-09,12.21033765662807
2021-03-10,12.193939844114805
2021-03-11,12.181191077654637
2021-03-12,12.164587881947456
2021-03-15,12.152476026440528
2021-03-16,12.142399674635598
2021-03-17,12.133669861490489
2021-03-18,12.12548144529784
2021-03-19,12.119748763006688
2021-03-22,12.112989157287155
2021-03-23,12.1086105903648
2021-03-24,12.103097938071299
2021-03-25,12.0987716946302
2021-03-26,12.09396567025721
2021-03-29,12.090107225686783
2021-03-30,12.080503463381984
2021-03-31,12.069106850631739
2021-04-01,12.065590820785012
2021-04-05,12.065373599003081
2021-04-07,12.06738856044157
2021-04-08,12.072160891654146
2021-04-09,12.076572790192596
2021-04-12,12.080601815098118
2021-04-16,12.088243856673623
2021-04-19,12.099417756439461
2021-04-20,12.10616450182755
2021-04-21,12.11617627369325
2021-04-22,12.128952544791733
2021-04-23,12.141069999360445
2021-04-26,12.151488595874113
2021-04-27,12.161018820580285
2021-04-28,12.167186581261678
2021-04-29,12.173562490691094
2021-04-30,12.176595385754563
2021-05-05,12.178886775728088
2021-05-06,12.188810046755172
2021-05-07,12.20476408020236
2021-05-10,12.221060077388243
2021-05-11,12.23683691677813
2021-05-12,12.253249656540302
2021-05-14,12.271654931749413
2021-05-17,12.295000372740661
2021-05-18,12.321049482469059
2021-05-19,12.345054763785935
2021-05-20,12.368880912425025
2021-05-21,12.393120178655726
2021-05-24,12.418294909229209
2021-05-25,12.441863508905376
2021-05-27,12.466310403329748
2021-05-28,12.488962669879582
2021-05-31,12.513665734094333
2021-06-01,12.536782725880496
2021-06-02,12.556014910937321
2021-06-04,12.569996843886889
2021-06-07,12.58602853357507
2021-06-08,12.603017006081206
2021-06-09,12.618332198850288
2021-06-10,12.631531069066067
2021-06-11,12.646361557870765
2021-06-14,12.652447117243721
2021-06-15,12.660157744708854
2021-06-16,12.667025894017316
2021-06-17,12.663684634578113
2021-06-18,12.657769384242037
2021-06-21,12.652759932163368
2021-06-22,12.64942800471904
2021-06-23,12.647953337886793
2021-06-24,12.646365501469713
2021-06-25,12.643310571593583
2021-06-28,12.642068095397317
2021-06-29,12.63947623240092
2021-06-30,12.634266540035977
2021-07-01,12.63373087196454
2021-07-02,12.636856104527187
2021-07-05,12.641050627175355
2021-07-06,12.64957516657271
2021-07-07,12.658526915114019
2021-07-08,12.671943514583702
2021-07-09,12.683812163194801
2021-07-12,12.696081911854632
2021-07-13,12.708970265824645
2021-07-14,12.723753765269395
2021-07-15,12.742513282277486
2021-07-16,12.759660184653715
2021-07-19,12.77265105536762
2021-07-21,12.785649263951212
2021-07-22,12.795763324865204
2021-07-23,12.808118997676951
2021-07-27,12.818462190740918
2021-07-29,12.83380737703071
2021-07-30,12.850266767310334
2021-08-02,12.861752143895936
2021-08-03,12.875241542355727
2021-08-04,12.889443593501142
2021-08-05,12.903926274430926
2021-08-06,12.91731833497721
2021-08-10,12.914275586381518
2021-08-11,12.911023811420764
2021-08-13,12.912566835581439
2021-08-16,12.92071887643823
2021-08-17,12.930342775510573
2021-08-18,12.938951800931253
2021-08-19,12.947844720196823
2021-08-20,12.952713326505707
2021-08-23,12.960530402768665
2021-08-24,12.966427581618888
2021-08-25,12.967612578755068
2021-08-26,12.96586126020226
2021-08-27,12.96580647914253
2021-08-30,12.967662392155074
2021-08-31,12.967025115237352
2021-09-01,12.966175111193936
2021-09-02,12.968544405538008
2021-09-03,12.971732321133166
2021-09-06,12.976068029163581
2021-09-07,12.979486694806964
2021-09-08,12.981153828322508
2021-09-09,12.980569483469086
2021-09-10,12.981251255978943
2021-09-13,12.982558229453366
2021-09-14,12.98379478280588
2021-09-15,12.98727215884778
2021-09-16,12.988918749765402
2021-09-17,12.988314583106966
2021-09-20,12.987040387208477
2021-09-21,12.988431952569584
2021-09-22,12.993701006865388
2021-09-23,12.993136059256077
2021-09-27,12.992678653668145
2021-09-28,12.993125016697334
2021-09-29,12.994811858216725
2021-09-30,12.993593898279297
2021-10-01,12.9951870948309
2021-10-04,12.998145442380693
2021-10-05,13.001484198788388
2021-10-06,13.005312823392304
2021-10-07,13.010108864676784
2021-10-08,13.014761185214441
2021-10-11,13.01881517871569
2021-10-12,13.017979558409877
2021-10-14,13.022966240570934
2021-10-15,13.026886723357919
2021-10-18,13.027581926047114
2021-10-19,13.030319402326162
2021-10-20,13.033609949612963
2021-10-21,13.038016618047596
2021-10-25,13.04317042092312
2021-10-26,13.048066195627571
2021-10-27,13.051983171219586
2021-10-28,13.05836621784346
2021-10-29,13.05867968388404
2021-11-01,13.061473379186355
2021-11-02,13.064793611495606
2021-11-03,13.066393835653654
2021-11-05,13.072127385279842
2021-11-08,13.077221161234934
2021-11-09,13.080911646805639
2021-11-10,13.084311238145792
2021-11-11,13.099728387684538
2021-11-12,13.109860724958764
2021-11-15,13.120735787240914
2021-11-16,13.13397663681141
2021-11-17,13.143935351309255
2021-11-18,13.152232356526474
2021-11-19,13.159655782613264
2021-11-22,13.167583649889991
2021-11-23,13.16641931129736
2021-11-24,13.166664247743068
2021-11-25,13.168153221506468
2021-11-26,13.175439073383433
2021-11-29,13.183048228703313
2021-11-30,13.188520220678637
2021-12-01,13.190094949777631
2021-12-02,13.191438986627539
2021-12-03,13.19215691692131
2021-12-07,13.193797025099508
2021-12-08,13.19422519965742
2021-12-09,13.19313659616067
2021-12-13,13.192093206821701
2021-12-14,13.19038818202094
2021-12-15,13.184897368616696
2021-12-16,13.18478167147225
2021-12-17,13.188171788262697
2021-12-20,13.192758743060496
2021-12-21,13.196991769619778
2021-12-22,13.201034163668206
2021-12-23,13.207243491258795
2021-12-24,13.215834947705856
2021-12-27,13.22091793199688
2021-12-28,13.227478706312779
2021-12-29,13.230795242933382
2021-12-30,13.230539269497122
2022-01-04,13.23055192670775
2022-01-05,13.232515016998708
2022-01-06,13.233409226928577
2022-01-07,13.234889604931084
2022-01-10,13.237893478442274
2022-01-11,13.240198970426757
2022-01-12,13.244009532867924
2022-01-13,13.2444407773287
2022-01-14,13.24817969742243
2022-01-17,13.24902953260059
2022-01-18,13.247807443737411
2022-01-19,13.246968586062414
2022-01-20,13.249797758481277
2022-01-21,13.251141696780179
2022-01-24,13.259091110928244
2022-01-25,13.26305282633427
2022-01-26,13.267949218392717
2022-01-27,13.268579070378937
2022-01-28,13.266130681944588
2022-01-31,13.260262938718462
2022-02-03,13.257387046131848
2022-02-04,13.253573465565818
2022-02-07,13.25149720361614
2022-02-08,13.249704319278731
2022-02-09,13.24731469404088
2022-02-10,13.244391371442953
2022-02-11,13.241051323322148
2022-02-14,13.242516189170495
2022-02-15,13.242870007094336
2022-02-17,13.246428954213833
2022-02-18,13.252150745294049
2022-02-21,13.257173526160924
2022-02-22,13.266423577874576
2022-02-24,13.293994189926314
2022-02-25,13.306597902560478
2022-02-28,13.321903239312741
2022-03-01,13.334310143196504
2022-03-03,13.371698055761595
2022-03-07,13.428063779217858
2022-03-09,13.51111767686489
2022-03-10,13.53887495136086
2022-03-11,13.574381093418374
2022-03-15,13.625416253490483
2022-03-16,13.64081568319257
2022-03-17,13.658615132905112
2022-03-21,13.690777339808546
2022-03-22,13.706143047183685
2022-03-23,13.722794168335136
2022-03-24,13.7439171799725
2022-03-25,13.766432366640133
2022-03-28,13.784311932722936
2022-03-29,13.800129057890551
2022-03-31,13.816956848297606
2022-04-01,13.829747836076637
2022-04-04,13.842384754109036
2022-04-05,13.853157218877138
2022-04-07,13.863871000670922
2022-04-08,13.87669307082282
2022-04-11,13.895051208688688
2022-04-12,13.91251607855926
2022-04-18,13.940020777557182
2022-04-20,13.97980524841812
2022-04-21,13.995752432684151
2022-04-22,14.01151901399348
2022-04-25,14.021525364379674
2022-04-26,14.030650790190913
2022-04-27,14.038189358956144
2022-04-28,14.046091486712069
2022-05-05,14.060373883442292
2022-05-06,14.065055501567123
2022-05-09,14.068141273441961
2022-05-11,14.069059942185884
2022-05-12,14.06927187403901
2022-05-13,14.063329001265712
2022-05-17,14.060099913502004
2022-05-18,14.050510442852811
2022-05-19,14.042148672928151
2022-05-20,14.036115386158743
2022-05-23,14.030834144539138
2022-05-24,14.026496104379872
2022-05-25,14.023012030541983
2022-05-26,14.017639678593142
2022-05-27,14.01393302320391
2022-05-30,14.009798531161666
2022-05-31,14.005514372173538
2022-06-01,13.997527902974467
2022-06-02,13.99489885374729
2022-06-06,13.992407665896508
2022-06-07,13.990523186391368
2022-06-08,13.989883776342548
2022-06-09,13.988912415769125
2022-06-10,13.990606716970209
2022-06-13,13.995585428655465
2022-06-14,13.994652606597379
2022-06-15,13.99456655022554
2022-06-16,13.997199302849205
2022-06-17,14.007037923801864
2022-06-20,14.014580452791272
2022-06-21,14.020033770237191
2022-06-22,14.025618550228868
2022-06-23,14.033368776536628
2022-06-24,14.038850573851134
2022-06-27,14.044982132663375
2022-06-28,14.04474065432431
2022-06-29,14.04292168399714
2022-06-30,14.04280162490952
2022-07-01,14.039545427544274
2022-07-04,14.042557868683073
2022-07-05,14.045183908378403
2022-07-06,14.041731841417757
2022-07-07,14.032432478560994
2022-07-08,14.021301514400959
2022-07-12,14.013469882316715
2022-07-14,14.003418307498583
2022-07-15,13.9910632791653
2022-07-18,13.983889129019149
2022-07-19,13.974478984141284
2022-07-20,13.96560954610124
2022-07-21,13.953616228694179
2022-07-22,13.948363027687366
2022-07-25,13.944802921452721
2022-07-26,13.940494047015784
2022-07-27,13.938003027822248
2022-08-01,13.937462570705677
2022-08-02,13.94024283138267
2022-08-03,13.942223784667489
2022-08-04,13.944514178187928
2022-08-05,13.942759294742737
2022-08-08,13.940904582646501
2022-08-10,13.940497404308028
2022-08-11,13.93450802170073
2022-08-15,13.931546336728774
2022-08-16,13.925099096843553
2022-08-17,13.919116672392901
2022-08-18,13.913347666344027
2022-08-19,13.905268800858272
2022-08-22,13.897592702582543
2022-08-23,13.892722783193681
2022-08-24,13.88928338729215
2022-08-25,13.886126075457335
2022-08-26,13.882398844739534
2022-08-29,13.876851516853936
2022-08-30,13.873663744332745
2022-08-31,13.866429928742122
2022-09-01,13.859169229488012
2022-09-02,13.853187853014749
2022-09-05,13.846658454663354
2022-09-06,13.841165175552359
2022-09-07,13.835292713252276
2022-09-08,13.829794723313599
2022-09-09,13.825928241793823
2022-09-12,13.821850057871234
2022-09-13,13.816704441805578
2022-09-14,13.810451654373805
2022-09-15,13.802053350711567
2022-09-16,13.787658496300635
2022-09-19,13.77601784730763
2022-09-20,13.765968098279291
2022-09-21,13.756769217637913
2022-09-22,13.752696613510269
2022-09-23,13.75009322356254
2022-09-26,13.74461275957789
2022-09-27,13.738500031171649
2022-09-28,13.733819328323522
2022-09-29,13.733095843119187
2022-09-30,13.73416967318518
2022-10-03,13.737202316231315
2022-10-04,13.746602234960042
2022-10-05,13.754802156540391
2022-10-06,13.761468747538974
2022-10-07,13.768957563414798
2022-10-10,13.774008175224806
2022-10-11,13.777706133988847
2022-10-12,13.780786620515553
2022-10-17,13.781650247865885
2022-10-18,13.779627432151292
2022-10-19,13.777044013479317
2022-10-20,13.770530188444956
2022-10-21,13.763480006394255
2022-10-25,13.762350883362878
2022-10-26,13.763380676929092
2022-10-27,13.76220591633509
2022-10-28,13.758156585937368
2022-10-31,13.752172144325531
2022-11-01,13.746797683121127
2022-11-02,13.740099518801086
2022-11-03,13.731204798843153
2022-11-04,13.722769542743393
2022-11-07,13.720093418436607
2022-11-08,13.715377859894971
2022-11-09,13.716094426214447
2022-11-10,13.716199884943764
2022-11-11,13.72130866091065
2022-11-14,13.723175023685714
2022-11-15,13.725509233380953
2022-11-16,13.729659786595656
2022-11-17,13.73146821513616
2022-11-18,13.731634242675241
2022-11-21,13.732197953458567
2022-11-22,13.73235592000388
2022-11-23,13.732497817547603
2022-11-24,13.731248771317864
2022-11-25,13.72890320039443
2022-11-28,13.726362737222695
2022-11-29,13.721097378021899
2022-11-30,13.713841329670252
2022-12-01,13.708187247927436
2022-12-02,13.705685940982614
2022-12-06,13.700998714983225
2022-12-07,13.69643384779083
2022-12-08,13.69016950225431
2022-12-09,13.685998642526089
2022-12-13,13.680728514718155
2022-12-14,13.678629268587692
2022-12-15,13.67390192583023
2022-12-16,13.668459752994082
2022-12-19,13.66662958622236
2022-12-20,13.666060127056662
2022-12-21,13.667626438388007
2022-12-22,13.669660598444569
2022-12-23,13.667595314288619
2022-12-27,13.666156882208316
2022-12-28,13.664937342481709
2022-12-29,13.66375708485077
2022-12-30,13.663642801171797
2023-01-03,13.667223755516646
2023-01-04,13.670791343042378
2023-01-05,13.669356559075979
2023-01-06,13.66733001314349
2023-01-09,13.665335977594596
2023-01-10,13.666239978380752
2023-01-11,13.666350856332304
2023-01-12,13.666254335057486
2023-01-13,13.666554182950206
2023-01-16,13.668847018636164
2023-01-17,13.671224316227878
2023-01-18,13.674760305132164
2023-01-19,13.679568715478403
2023-01-20,13.681141743005476
2023-01-25,13.68407712044388
2023-01-26,13.689014765340586
2023-01-27,13.691656352521617
2023-01-30,13.691261392784018
2023-01-31,13.69078906321265
2023-02-01,13.692533306608698
2023-02-02,13.701511085324181
2023-02-03,13.701949292856666
2023-02-06,13.703154580826608
2023-02-07,13.7018368762362
2023-02-08,13.701884705140193
2023-02-09,13.701930855837029
2023-02-10,13.698157843351519
2023-02-13,13.698040024286554
2023-02-14,13.697554409399306
2023-02-15,13.697047237139682
2023-02-16,13.6970947025032
2023-02-17,13.697189625222386
2023-02-20,13.699888234863705
2023-02-21,13.703846542412347
2023-02-22,13.706553681275071
2023-02-23,13.708702674914543
2023-02-24,13.71216573895263
2023-02-27,13.715693256884116
2023-02-28,13.721928581203972
2023-03-01,13.727829332740676
2023-03-02,13.732628303521704
2023-03-03,13.738753626205154
2023-03-07,13.742548235811991
2023-03-08,13.744069350344905
2023-03-09,13.74646691699947
2023-03-10,13.753689130438085
2023-03-13,13.76795617849289
2023-03-14,13.784869996791384
2023-03-15,13.797839470588178
2023-03-16,13.816974927760523
2023-03-17,13.83444247415489
2023-03-20,13.866844492605596
2023-03-21,13.892895563040486
2023-03-22,13.91324308714433
2023-03-23,13.937276663034002
2023-03-24,13.9633581836293
2023-03-27,13.987826317537044
2023-03-28,14.00525346429013
2023-03-29,14.024237553262406
2023-03-30,14.04399062156899
2023-03-31,14.063941827829726
2023-04-03,14.084245623344472
2023-04-04,14.105037004981508
2023-04-05,14.127930443403208
2023-04-10,14.152866217318886
2023-04-11,14.177344595658575
2023-04-12,14.201743030898625
2023-04-17,14.227667836832007
2023-04-18,14.249672474136148
2023-04-19,14.268466422412072
2023-04-20,14.289372863730947
2023-04-21,14.307086096582491
2023-04-24,14.323181321263807
2023-04-25,14.33979601174578
2023-04-26,14.355217204316103
2023-04-27,14.368876249778696
2023-04-28,14.378319188382953
2023-05-02,14.388602725632675
2023-05-03,14.403978068592933
2023-05-08,14.417799890747565
2023-05-09,14.429733227914317
2023-05-10,14.440142588338377
2023-05-11,14.451141094010714
2023-05-12,14.461255441589286
2023-05-15,14.470607882235274
2023-05-16,14.480628658297194
2023-05-17,14.488511863269222
2023-05-18,14.49515355227732
2023-05-19,14.50001132237285
2023-05-22,14.508453030359767
2023-05-23,14.515068713505038
2023-05-24,14.523385600750474
2023-05-25,14.528807158618879
2023-05-26,14.53298585480769
2023-05-29,14.535789859902156
2023-05-30,14.540376180607344
2023-05-31,14.546671753217614
2023-06-01,14.552921867139805
2023-06-06,14.557724608643671
2023-06-07,14.564544797814067
2023-06-08,14.5691502435048
2023-06-09,14.572608129697613
2023-06-12,14.576449949708223
2023-06-13,14.577283284806182
2023-06-14,14.578634748497192
2023-06-15,14.57720545907624
2023-06-16,14.581643864020933
2023-06-19,14.58601425475704
2023-06-20,14.588389193186618
2023-06-21,14.587957993425682
2023-06-22,14.587987537516009
2023-06-23,14.58854236076106
2023-06-26,14.588565435822076
2023-06-27,14.5917841924599
2023-06-28,14.594788255882358
2023-06-30,14.5932167381321
2023-07-03,14.591917905215183
2023-07-04,14.589864645383072
2023-07-05,14.587693956071385
2023-07-06,14.586171361121512
2023-07-07,14.585214471257599
2023-07-10,14.586452559985402
2023-07-11,14.586292821038546
2023-07-12,14.586665002756492
2023-07-13,14.588178511431703
2023-07-14,14.5893020724341
2023-07-17,14.590568666383781
2023-07-18,14.58760836230014
2023-07-19,14.585765963622942
2023-07-20,14.584753122794067
2023-07-21,14.584635469362697
2023-07-24,14.5849570318412
2023-07-25,14.586365557039754
2023-07-26,14.586682555038358
2023-07-27,14.58576036012473
2023-07-31,14.579730172050178
2023-08-02,14.574876481802804
2023-08-03,14.571880815774634
2023-08-04,14.56922534855447
2023-08-07,14.56832270474554
2023-08-08,14.569027171245697
2023-08-10,14.568187621377428
2023-08-11,14.566268757469448
2023-08-15,14.565596169488064
2023-08-16,14.564757707400764
2023-08-17,14.563317086088457
2023-08-18,14.55952701289237
2023-08-21,14.552122556299656
2023-08-22,14.545055098183878
2023-08-23,14.540498778949356
2023-08-24,14.53885320775815
2023-08-25,14.537553095205231
2023-08-28,14.538674039233118
2023-08-29,14.541566178207395
2023-08-30,14.545419996515907
2023-08-31,14.549345610673244
2023-09-04,14.556477343632078
2023-09-05,14.563744805259022
2023-09-06,14.569343233144672
2023-09-07,14.574797856543105
2023-09-08,14.579906703681942
2023-09-11,14.58530997723696
2023-09-12,14.59092717101812
2023-09-13,14.595722708877133
2023-09-14,14.599806122600743
2023-09-15,14.606658539351596
2023-09-18,14.613751222181365
2023-09-19,14.626405565262722
2023-09-20,14.638865019113153
2023-09-21,14.650796071074094
2023-09-22,14.661003226475003
2023-09-25,14.670975043089916
2023-09-26,14.681968901227112
2023-09-27,14.690696308201598
2023-09-28,14.696135034229613
2023-09-29,14.696600471625066
2023-10-02,14.694660104199626
2023-10-03,14.690026416332971
2023-10-04,14.685664085935324
2023-10-05,14.678977626779698
2023-10-06,14.673241569699709
2023-10-09,14.676485725148842
2023-10-10,14.67870376988046
2023-10-11,14.678489602516233
2023-10-12,14.678535581375312
2023-10-16,14.6879694206253
2023-10-17,14.696924879550728
2023-10-18,14.712190673250703
2023-10-19,14.73287871980331
2023-10-20,14.761311045424245
2023-10-24,14.780528201725149
2023-10-25,14.799688615699704
2023-10-26,14.82422936602603
2023-10-27,14.84602833563915
2023-10-30,14.864427341406198
2023-10-31,14.883412346970893
2023-11-01,14.902022440059634
2023-11-02,14.917481301811927
2023-11-03,14.929611782450104
2023-11-06,14.936541193592205
2023-11-07,14.939353783290723
2023-11-08,14.942899264578768
2023-11-09,14.941088764067233
2023-11-10,14.9454435442754
2023-11-14,14.950698156756966
2023-11-15,14.953115765291809
2023-11-16,14.954139773527183
2023-11-17,14.956131360420967
2023-11-20,14.954519733739529
2023-11-21,14.957220795713582
2023-11-22,14.963325329197316
2023-11-23,14.968478826418462
2023-11-24,14.976132200930094
2023-11-27,14.983387211423775
2023-11-28,14.98838064260189
2023-11-29,14.998216409528139
2023-11-30,15.011731623228906
2023-12-01,15.025393671536664
2023-12-04,15.039835998851167
2023-12-06,15.048143507663408
2023-12-07,15.057566542482236
2023-12-08,15.068244909412684
2023-12-12,15.07218017574908
2023-12-13,15.077100169582446
2023-12-14,15.08519490047429
2023-12-15,15.090854728527823
2023-12-18,15.094789650333865
2023-12-19,15.098993522251975
2023-12-20,15.104895503927345
2023-12-21,15.109186889754454
2023-12-22,15.113587349763069
2023-12-26,15.119959723455594
2023-12-27,15.124504996316801
2023-12-28,15.128543417498669
2024-01-02,15.131482244954856
2024-01-03,15.132244271447668
2024-01-04,15.132323419817924
2024-01-05,15.133778738420803
2024-01-08,15.138161940581476
2024-01-09,15.141121170736513
2024-01-10,15.144713410359792
2024-01-11,15.148295395961203
2024-01-12,15.153660469787125
2024-01-15,15.16200571646126
2024-01-16,15.173363410620514
2024-01-17,15.180648904984706
2024-01-18,15.185113855686996
2024-01-19,15.193766001101489
2024-01-22,15.201981229133015
2024-01-23,15.212297677233611
2024-01-24,15.222918811365764
2024-01-25,15.22998130921258
2024-01-26,15.236529333450735
2024-01-29,15.244559883154217
2024-01-30,15.251427957429508
2024-01-31,15.259072590502157
2024-02-01,15.267263025923135
2024-02-02,15.275730989925833
2024-02-05,15.283845692033697
2024-02-06,15.290254615120235
2024-02-07,15.297635154940577
2024-02-08,15.30725146529354
2024-02-09,15.31779702791482
2024-02-13,15.321684851496755
2024-02-14,15.324011698812658
2024-02-15,15.328035849731512
2024-02-16,15.332676697109353
2024-02-19,15.34004242703534
2024-02-20,15.350170762928837
2024-02-21,15.357098104580457
2024-02-22,15.364926241261845
2024-02-23,15.37284812753336
2024-02-27,15.380846438847978
2024-02-28,15.389364107660331
2024-02-29,15.398035542479267
2024-03-01,15.407876400637889
2024-03-04,15.426610562019016
2024-03-05,15.453648787913087
2024-03-06,15.480285672547716
2024-03-07,15.511556350703938
2024-03-08,15.540778934889765
2024-03-11,15.572849849455036
2024-03-12,15.606072661754858
2024-03-13,15.635284147307319
2024-03-14,15.664937335121095
2024-03-15,15.696693919853688
2024-03-18,15.725648519157069
2024-03-19,15.75454857111647
2024-03-20,15.784883708972032
2024-03-21,15.823817613920381
2024-03-22,15.857971381853
2024-03-25,15.891249578980965
2024-03-26,15.924925032350053
2024-03-27,15.959159241741279
2024-03-28,15.997522075364392
2024-04-01,16.049082704298975
2024-04-02,16.10370787256919
2024-04-03,16.160974263005357
2024-04-04,16.221238323952537
2024-04-05,16.27721592662087
2024-04-09,16.34476624498505
2024-04-11,16.406048131125925
2024-04-17,16.48519731950747
2024-04-18,16.55758337847212
2024-04-19,16.630948873964325
2024-04-22,16.696627860842767
2024-04-23,16.745935655199162
2024-04-24,16.7968466848413
2024-04-25,16.84928013449599
2024-04-26,16.90276504205754
2024-04-29,16.95475574233622
2024-04-30,16.99741694435951
2024-05-02,17.03544091122409
2024-05-03,17.068639475742543
2024-05-07,17.10406966957614
2024-05-08,17.138526874152415
2024-05-09,17.172957510147068
2024-05-10,17.21776250979103
2024-05-13,17.264346281377307
2024-05-14,17.297860446943016
2024-05-15,17.33518464178712
2024-05-16,17.368830794706867
2024-05-17,17.40262269664698
2024-05-20,17.446141198519015
2024-05-21,17.486743261728876
2024-05-23,17.515376831492777
2024-05-24,17.539303960212326
2024-05-27,17.56243715459084
2024-05-28,17.584941114078877
2024-05-29,17.60931160130418
2024-05-30,17.62925856266193
2024-05-31,17.65195826221765
2024-06-04,17.66773516529773
2024-06-05,17.684400598094303
2024-06-06,17.705990050792746
2024-06-07,17.721664084098265
2024-06-10,17.72832148465622
2024-06-11,17.737647046598106
2024-06-12,17.745680483559575
2024-06-13,17.754210992908362
2024-06-14,17.76560709842035
2024-06-18,17.77516123531788
2024-06-19,17.78801873583304
2024-06-20,17.801961938084514
2024-06-21,17.822328185871022
2024-06-24,17.832874565314143
2024-06-25,17.843654405127683
2024-06-26,17.852091092667063
2024-06-27,17.858347545555937
2024-06-28,17.86928973693994
2024-07-01,17.876809395292927
2024-07-02,17.887865205984404
2024-07-03,17.90114361980951
2024-07-04,17.914661387535492
2024-07-05,17.92839607569214
2024-07-08,17.942561125667854
2024-07-09,17.95178003353916
2024-07-10,17.963742137625502
2024-07-11,17.97509153630531
2024-07-12,17.99074797362793
2024-07-15,18.008181378062037
2024-07-16,18.028231154270387
2024-07-17,18.05412128920827
2024-07-18,18.07862229660447
2024-07-19,18.09639344409203
2024-07-23,18.107477884650205
2024-07-24,18.12031725711862
2024-07-25,18.12348507265832
2024-07-26,18.123861035021186
2024-07-30,18.140988718002898
2024-07-31,18.14584174544139
2024-08-01,18.153149052618886
2024-08-02,18.16279645428138
2024-08-05,18.160891315534666
2024-08-06,18.160295129024675
2024-08-07,18.157583019234334
2024-08-08,18.1496222115419
2024-08-13,18.156417923417624
2024-08-14,18.163459399788938
2024-08-15,18.16397661383143
2024-08-16,18.166784451942608
2024-08-19,18.169556927313042
2024-08-20,18.1717830000389
2024-08-21,18.1716818421428
2024-08-22,18.171443882769367
2024-08-23,18.16889848337395
2024-08-26,18.168354676939778
2024-08-27,18.166275565468204
2024-08-28,18.16215361580265
2024-08-29,18.159618401213084
2024-08-30,18.158207229240695
2024-09-02,18.156712238741022
2024-09-03,18.15623461632906
2024-09-04,18.148471998212248
2024-09-05,18.140395787748663
2024-09-06,18.1281538302838
2024-09-09,18.11979053799314
2024-09-10,18.11119788753724
2024-09-11,18.107310242360494
2024-09-12,18.102573040874162
2024-09-13,18.09983363593121
2024-09-16,18.102288596073972
2024-09-17,18.103173206738045
2024-09-18,18.10203730474724
2024-09-19,18.102664065984175
2024-09-20,18.106605677704028
2024-09-23,18.110921267960027
2024-09-24,18.116327539259675
2024-09-25,18.12452657296986
2024-09-26,18.133711605497233
2024-09-27,18.1381462860061
2024-09-30,18.134485012812906
2024-10-01,18.13952413517035
2024-10-02,18.14590925323455
2024-10-03,18.157473840840353
2024-10-04,18.170874758705605
2024-10-07,18.1904335391019
2024-10-08,18.20830955527376
2024-10-09,18.21861448315889
2024-10-10,18.230280641644544
2024-10-11,18.23961114544649
2024-10-15,18.257937070167664
2024-10-16,18.275700681740727
2024-10-17,18.294226973609472
2024-10-18,18.316675149974053
2024-10-21,18.348921635939877
2024-10-22,18.381822631170056
2024-10-24,18.42087095990093
2024-10-25,18.456535136746513
2024-10-28,18.492095307386986
2024-10-29,18.52984284046113
2024-10-30,18.572020284655476
2024-11-01,18.61118799396581
2024-11-04,18.64010069593192
2024-11-05,18.66730418028519
2024-11-06,18.69985140202957
2024-11-07,18.715895212484675
2024-11-08,18.736011169941353
2024-11-11,18.756835339417098
2024-11-12,18.76745515206913
2024-11-13,18.77720409410179
2024-11-14,18.77892324869471
2024-11-15,18.780592608389632
2024-11-18,18.786557780025085
2024-11-19,18.798341717568064
2024-11-20,18.81107358712708
2024-11-21,18.835081531438412
2024-11-22,18.863373407528293
2024-11-25,18.884219954632567
2024-11-26,18.892703464996337
2024-11-27,18.90602965920699
2024-11-28,18.916411074673412
2024-11-29,18.924252791351538
2024-12-02,18.930187781128677
2024-12-03,18.93751101687855
2024-12-04,18.943138700496846
2024-12-06,18.9436461145145
2024-12-09,18.939760285935044
2024-12-11,18.948017819761883
2024-12-12,18.960911931349184
2024-12-13,18.970437828494827
2024-12-16,18.973990887144133
2024-12-17,18.977047347244337
2024-12-18,18.98136498418313
2024-12-19,18.984131125088986
2024-12-20,18.983617752278846
2024-12-23,18.981575024128713
2024-12-24,18.97640747942244
2024-12-26,18.975814234530425
2024-12-27,18.970813735073218
2024-12-30,18.964016761912752
